ticker,company_name,statement,fiscal_year_end,TreasurySharesNumber,OrdinarySharesNumber,ShareIssued,NetDebt,TotalDebt,TangibleBookValue,InvestedCapital,WorkingCapital,NetTangibleAssets,CapitalLeaseObligations,CommonStockEquity,TotalCapitalization,TotalEquityGrossMinorityInterest,MinorityInterest,StockholdersEquity,OtherEquityInterest,RetainedEarnings,AdditionalPaidInCapital,CapitalStock,CommonStock,TotalLiabilitiesNetMinorityInterest,TotalNonCurrentLiabilitiesNetMinorityInterest,OtherNonCurrentLiabilities,DerivativeProductLiabilities,NonCurrentPensionAndOtherPostretirementBenefitPlans,NonCurrentDeferredRevenue,NonCurrentDeferredTaxesLiabilities,LongTermDebtAndCapitalLeaseObligation,LongTermCapitalLeaseObligation,LongTermDebt,LongTermProvisions,CurrentLiabilities,OtherCurrentLiabilities,CurrentDebtAndCapitalLeaseObligation,CurrentCapitalLeaseObligation,CurrentDebt,CurrentProvisions,Payables,OtherPayable,TotalTaxPayable,AccountsPayable,TotalAssets,TotalNonCurrentAssets,OtherNonCurrentAssets,NonCurrentPrepaidAssets,NonCurrentDeferredTaxesAssets,InvestmentinFinancialAssets,AvailableForSaleSecurities,LongTermEquityInvestment,InvestmentsinJointVenturesatCost,InvestmentsInOtherVenturesUnderEquityMethod,InvestmentsinAssociatesatCost,GoodwillAndOtherIntangibleAssets,OtherIntangibleAssets,Goodwill,NetPPE,AccumulatedDepreciation,GrossPPE,ConstructionInProgress,OtherProperties,MachineryFurnitureEquipment,BuildingsAndImprovements,LandAndImprovements,Properties,CurrentAssets,HedgingAssetsCurrent,AssetsHeldForSaleCurrent,PrepaidAssets,Inventory,OtherReceivables,TaxesReceivable,AccountsReceivable,AllowanceForDoubtfulAccountsReceivable,GrossAccountsReceivable,CashCashEquivalentsAndShortTermInvestments,OtherShortTermInvestments,CashAndCashEquivalents,CashEquivalents,CashFinancial,TreasuryStock,DefinedPensionBenefit,FinancialAssets,OtherCurrentAssets,RestrictedCash,FinishedGoods,WorkInProcess,RawMaterials,NonCurrentDeferredAssets,OtherInvestments,InvestmentProperties,CurrentDeferredAssets,LiabilitiesHeldforSaleNonCurrent,PensionandOtherPostRetirementBenefitPlansCurrent,HeldToMaturitySecurities,GainsLossesNotAffectingRetainedEarnings,OtherEquityAdjustments,ForeignCurrencyTranslationAdjustments,MinimumPensionLiabilities,UnrealizedGainLoss,TradeandOtherPayablesNonCurrent,NonCurrentDeferredLiabilities,CurrentDeferredLiabilities,CurrentDeferredRevenue,PayablesAndAccruedExpenses,CurrentAccruedExpenses,InterestPayable,DuetoRelatedPartiesCurrent,IncomeTaxPayable,NonCurrentAccountsReceivable,InvestmentsAndAdvances,Receivables,PreferredSecuritiesOutsideStockEquity,FinancialAssetsDesignatedasFairValueThroughProfitorLossTotal,TradingSecurities,NetLoan,CashCashEquivalentsAndFederalFundsSold,OtherInventories,InventoriesAdjustmentsAllowances,InvestmentsinSubsidiariesatCost,DividendsPayable,FixedAssetsRevaluationReserve,EmployeeBenefits,OtherCurrentBorrowings,LineOfCredit,NonCurrentNoteReceivables,Leases,LoansReceivable,CurrentDeferredTaxesLiabilities,NonCurrentAccruedExpenses,AccruedInterestReceivable
AC.PA,Accor,balance_sheet,2025-12-31,0.0,234707316.0,234707316.0,2452000000.0,4296000000.0,-1091000000.0,7942000000.0,134000000.0,-1091000000.0,639000000.0,4285000000.0,7401000000.0,4717000000.0,432000000.0,4285000000.0,991000000.0,449000000.0,2141000000.0,704000000.0,704000000.0,7027000000.0,4254000000.0,1000000.0,0.0,50000000.0,37000000.0,484000000.0,3655000000.0,539000000.0,3116000000.0,27000000.0,2773000000.0,423000000.0,641000000.0,100000000.0,541000000.0,151000000.0,1150000000.0,383000000.0,241000000.0,526000000.0,11744000000.0,8839000000.0,1000000.0,16000000.0,272000000.0,192000000.0,192000000.0,1405000000.0,97000000.0,110000000.0,1308000000.0,5376000000.0,3028000000.0,2348000000.0,922000000.0,-458000000.0,1380000000.0,67000000.0,6000000.0,294000000.0,773000000.0,240000000.0,0.0,2907000000.0,34000000.0,96000000.0,54000000.0,34000000.0,418000000.0,237000000.0,829000000.0,-100000000.0,929000000.0,1205000000.0,,1205000000.0,811000000.0,394000000.0,,,,,,,,,,,,,,,,,,,,,,,,,,,,,,,,,,,,,,,,,,,,,,,,,,,
AC.PA,Accor,balance_sheet,2024-12-31,,243667720.0,243667720.0,1740000000.0,3739000000.0,-561000000.0,8016000000.0,153000000.0,-561000000.0,755000000.0,5032000000.0,7556000000.0,5469000000.0,437000000.0,5032000000.0,1148000000.0,610000000.0,2543000000.0,731000000.0,731000000.0,6588000000.0,3770000000.0,,0.0,53000000.0,27000000.0,503000000.0,3151000000.0,627000000.0,2524000000.0,36000000.0,2818000000.0,373000000.0,588000000.0,128000000.0,460000000.0,122000000.0,1262000000.0,412000000.0,293000000.0,557000000.0,12057000000.0,9087000000.0,3000000.0,17000000.0,268000000.0,216000000.0,216000000.0,1367000000.0,103000000.0,99000000.0,1264000000.0,5593000000.0,3196000000.0,2397000000.0,1053000000.0,-448000000.0,1501000000.0,40000000.0,10000000.0,316000000.0,873000000.0,262000000.0,0.0,2971000000.0,19000000.0,155000000.0,62000000.0,39000000.0,450000000.0,199000000.0,803000000.0,-117000000.0,919000000.0,1383000000.0,139000000.0,1244000000.0,752000000.0,492000000.0,,,,,,,,,,,,,,,,,,,,,,,,,,,,,,,,,,,,,,,,,,,,,,,,,,,
AC.PA,Accor,balance_sheet,2023-12-31,0.0,252289352.0,252289352.0,1337000000.0,3369000000.0,-564000000.0,7551000000.0,-49000000.0,-564000000.0,749000000.0,4931000000.0,6818000000.0,5311000000.0,380000000.0,4931000000.0,1000000000.0,633000000.0,2541000000.0,757000000.0,757000000.0,5956000000.0,3125000000.0,-2000000.0,0.0,52000000.0,27000000.0,491000000.0,2526000000.0,639000000.0,1887000000.0,31000000.0,2831000000.0,319000000.0,843000000.0,110000000.0,733000000.0,99000000.0,1132000000.0,389000000.0,228000000.0,515000000.0,11267000000.0,8486000000.0,1000000.0,15000000.0,229000000.0,224000000.0,224000000.0,988000000.0,41000000.0,99000000.0,947000000.0,5495000000.0,3156000000.0,2339000000.0,1105000000.0,-428000000.0,1533000000.0,112000000.0,10000000.0,276000000.0,872000000.0,263000000.0,0.0,2782000000.0,14000000.0,53000000.0,62000000.0,36000000.0,363000000.0,164000000.0,807000000.0,-141000000.0,948000000.0,1283000000.0,,1283000000.0,797000000.0,486000000.0,,,,,,,,,,,,,,,,,,,,,,,,,,,,,,,,,,,,,,,,,,,,,,,,,,,
AC.PA,Accor,balance_sheet,2022-12-31,,263031794.0,263031794.0,1204000000.0,3316000000.0,-353000000.0,7906000000.0,662000000.0,-353000000.0,469000000.0,5059000000.0,7320000000.0,5456000000.0,397000000.0,5059000000.0,1000000000.0,402000000.0,2868000000.0,789000000.0,789000000.0,6257000000.0,3336000000.0,-1000000.0,0.0,47000000.0,33000000.0,540000000.0,2638000000.0,377000000.0,2261000000.0,79000000.0,2921000000.0,239000000.0,678000000.0,92000000.0,586000000.0,165000000.0,1107000000.0,374000000.0,244000000.0,489000000.0,11713000000.0,8129000000.0,2000000.0,30000000.0,193000000.0,369000000.0,369000000.0,1012000000.0,46000000.0,248000000.0,966000000.0,5412000000.0,3129000000.0,2283000000.0,734000000.0,-426000000.0,1160000000.0,38000000.0,1000000.0,221000000.0,604000000.0,296000000.0,0.0,3583000000.0,14000000.0,687000000.0,41000000.0,19000000.0,219000000.0,143000000.0,794000000.0,-151000000.0,945000000.0,1680000000.0,37000000.0,1643000000.0,858000000.0,784000000.0,,,,,,,,,,,,,,,,,,,,,,,,,,,,,,,,,,,,,,,,,,,,,,,,,,,
AC.PA,Accor,balance_sheet,2021-12-31,,,,,,,,,,,,,,,,,,,,,,,-3000000.0,,,,,,,,,,,,,,,,,,,,,,,,,,,,,,,,,,,,,,,,,,,,,,,,,,,,,,,,,,,,,,,,,,,,,,,,,,,,,,,,,,,,,,,,,,,,,,,,,,,,,,,,,,,
AI.PA,Air Liquide,balance_sheet,2025-12-31,1587839.0,635735026.0,637322865.0,8704500000.0,13595900000.0,10828400000.0,38550400000.0,1532800000.0,10828400000.0,1259400000.0,26213900000.0,36202900000.0,26947200000.0,733300000.0,26213900000.0,,21014400000.0,2192500000.0,3186600000.0,3186600000.0,24966200000.0,16129400000.0,573500000.0,73900000.0,,57200000.0,2372900000.0,11023300000.0,1034300000.0,9989000000.0,2028600000.0,8836800000.0,627400000.0,2572600000.0,225100000.0,2347500000.0,393300000.0,4680700000.0,1464100000.0,212500000.0,3004100000.0,51913400000.0,41543800000.0,,,303400000.0,263000000.0,263000000.0,174600000.0,,,174600000.0,15385500000.0,1562300000.0,13823200000.0,24909700000.0,-29879500000.0,54789200000.0,4335400000.0,47159600000.0,,2850400000.0,443800000.0,0.0,10369600000.0,92400000.0,380200000.0,311900000.0,2128300000.0,,32800000.0,2866500000.0,-216600000.0,3083100000.0,3632000000.0,,3632000000.0,,,179600000.0,89700000.0,61700000.0,595500000.0,330000000.0,1396200000.0,156600000.0,575500000.0,,,,,,,,,,,,,,,,,,,,,,,,,,,,,,,,,,,,,,,,,,,
AI.PA,Air Liquide,balance_sheet,2024-12-31,1996143.0,634089045.0,636085188.0,9104700000.0,12393600000.0,10191100000.0,37880000000.0,-1136700000.0,10191100000.0,1373600000.0,26860000000.0,35228300000.0,27621300000.0,761300000.0,26860000000.0,,21840300000.0,2064100000.0,3180400000.0,3180400000.0,24246200000.0,14762100000.0,598800000.0,64500000.0,,44000000.0,2527100000.0,9502100000.0,1133800000.0,8368300000.0,2025600000.0,9484100000.0,639400000.0,2891500000.0,239800000.0,2651700000.0,418900000.0,5148300000.0,1556200000.0,273100000.0,3319000000.0,51867500000.0,43520000000.0,,,335000000.0,326300000.0,326300000.0,198300000.0,,,198300000.0,16668900000.0,1691500000.0,14977400000.0,25538700000.0,-30247500000.0,55786200000.0,4031900000.0,48370100000.0,,2897100000.0,487100000.0,0.0,8347400000.0,77300000.0,3600000.0,316400000.0,2189600000.0,,96700000.0,2996700000.0,-234400000.0,3231100000.0,1915300000.0,,1915300000.0,,,224800000.0,83900000.0,32900000.0,751800000.0,148000000.0,1410700000.0,171900000.0,607000000.0,,,,,,,,,,,,,,,,,,,,,,,,,,,,,,,,,,,,,,,,,,,
AI.PA,Air Liquide,balance_sheet,2023-12-31,1650069.0,633015231.0,634665300.0,9146700000.0,12037600000.0,8496000000.0,35093100000.0,-1128400000.0,8496000000.0,1266000000.0,24321500000.0,32848000000.0,25043100000.0,721600000.0,24321500000.0,,19141700000.0,2447700000.0,2884800000.0,2884800000.0,23289300000.0,14443300000.0,426300000.0,82000000.0,,28400000.0,2329000000.0,9572800000.0,1046300000.0,8526500000.0,2004800000.0,8846000000.0,560200000.0,2464800000.0,219700000.0,2245100000.0,363800000.0,4942300000.0,1395400000.0,236400000.0,3310500000.0,48332400000.0,40614800000.0,,,225200000.0,335200000.0,335200000.0,180100000.0,,,180100000.0,15825500000.0,1631300000.0,14194200000.0,23652200000.0,-28042700000.0,51694900000.0,3797700000.0,44748700000.0,,2685200000.0,463300000.0,0.0,7717600000.0,70700000.0,95100000.0,328200000.0,2027600000.0,,42900000.0,2993700000.0,-231800000.0,3225500000.0,1624900000.0,,1624900000.0,,,152700000.0,70000000.0,35100000.0,534500000.0,146000000.0,1242900000.0,170300000.0,614400000.0,,,,,,,,,,,,,,,,,,,,,,,,,,,,,,,,,,,,,,,,,,,
AI.PA,Air Liquide,balance_sheet,2022-12-31,1480374.0,631894453.0,633374827.0,10339500000.0,13375700000.0,7337800000.0,35832300000.0,-658000000.0,7337800000.0,1279800000.0,23736400000.0,33829700000.0,24572000000.0,835600000.0,23736400000.0,,18626800000.0,2349000000.0,2879000000.0,2879000000.0,24946000000.0,16049800000.0,288100000.0,130000000.0,,29700000.0,2465400000.0,11145500000.0,1052200000.0,10093300000.0,1991100000.0,8896200000.0,440000000.0,2230200000.0,227600000.0,2002600000.0,282400000.0,5461300000.0,1418600000.0,260100000.0,3782600000.0,49518000000.0,41279800000.0,,,232300000.0,414800000.0,414800000.0,185700000.0,,,185700000.0,16398600000.0,1811400000.0,14587200000.0,23646900000.0,-26806500000.0,50453400000.0,3395500000.0,44092300000.0,,2491600000.0,474000000.0,0.0,8238200000.0,107600000.0,41700000.0,353300000.0,1961000000.0,,196300000.0,3034800000.0,-223700000.0,3258500000.0,1756400000.0,,1756400000.0,,,118400000.0,60800000.0,40800000.0,632100000.0,155000000.0,1251900000.0,141900000.0,567200000.0,,,,,,,,,,,,,,,,,,,,,,,,,,,,,,,,,,,,,,,,,,,
AIR.PA,Airbus,balance_sheet,2025-12-31,5055938.0,787227745.0,792283683.0,,11023000000.0,9257000000.0,34747000000.0,10136000000.0,9257000000.0,2380000000.0,26104000000.0,33114000000.0,26184000000.0,80000000.0,26104000000.0,-71000000.0,22334000000.0,4003000000.0,793000000.0,793000000.0,108755000000.0,45244000000.0,4097000000.0,1107000000.0,,26491000000.0,428000000.0,9063000000.0,2053000000.0,7010000000.0,3976000000.0,63511000000.0,3554000000.0,1960000000.0,327000000.0,1633000000.0,4369000000.0,16962000000.0,80000000.0,1004000000.0,15878000000.0,134939000000.0,61292000000.0,2001000000.0,46000000.0,1808000000.0,11988000000.0,11988000000.0,2360000000.0,1907000000.0,2266000000.0,453000000.0,16847000000.0,3291000000.0,13556000000.0,20893000000.0,-28189000000.0,49082000000.0,4316000000.0,3725000000.0,29267000000.0,,,11774000000.0,73647000000.0,771000000.0,63000000.0,7551000000.0,34891000000.0,3065000000.0,2467000000.0,5454000000.0,,,18315000000.0,4187000000.0,14128000000.0,6741000000.0,7387000000.0,955000000.0,,1050000000.0,387000000.0,,5233000000.0,23943000000.0,5715000000.0,715000000.0,3499000000.0,68000000.0,683000000.0,,,,,,,,,,,,,,,,,,,,,,,,,,,,,,,,,,,,,,,
AIR.PA,Airbus,balance_sheet,2024-12-31,4327432.0,787956251.0,792283683.0,,11275000000.0,2427000000.0,28932000000.0,8809000000.0,2427000000.0,1949000000.0,19606000000.0,28265000000.0,19696000000.0,90000000.0,19606000000.0,-3286000000.0,18687000000.0,4002000000.0,793000000.0,793000000.0,109517000000.0,48894000000.0,4161000000.0,3715000000.0,,25599000000.0,271000000.0,10355000000.0,1696000000.0,8659000000.0,4630000000.0,60623000000.0,3377000000.0,920000000.0,253000000.0,667000000.0,4307000000.0,15272000000.0,82000000.0,1399000000.0,13791000000.0,129213000000.0,59781000000.0,1913000000.0,80000000.0,3505000000.0,11248000000.0,11248000000.0,2433000000.0,1979000000.0,,454000000.0,17179000000.0,3730000000.0,13449000000.0,19112000000.0,-26430000000.0,45542000000.0,3646000000.0,3037000000.0,27637000000.0,,,11222000000.0,69432000000.0,395000000.0,61000000.0,7320000000.0,31046000000.0,2633000000.0,2486000000.0,5293000000.0,,,19179000000.0,4176000000.0,15003000000.0,10784000000.0,4219000000.0,590000000.0,,670000000.0,396000000.0,,5054000000.0,20925000000.0,5067000000.0,657000000.0,2888000000.0,35000000.0,623000000.0,,,,,,,,,,,,,,,,,,,,,,,,,,,,,,,,,,,,,,,
AIR.PA,Airbus,balance_sheet,2023-12-31,3037467.0,787421967.0,790459434.0,,11322000000.0,766000000.0,27400000000.0,10251000000.0,766000000.0,1617000000.0,17695000000.0,26501000000.0,17730000000.0,35000000.0,17695000000.0,-2305000000.0,15616000000.0,3983000000.0,791000000.0,791000000.0,101141000000.0,47391000000.0,4121000000.0,2859000000.0,,23996000000.0,361000000.0,10202000000.0,1396000000.0,8806000000.0,5667000000.0,53750000000.0,2952000000.0,1120000000.0,221000000.0,899000000.0,4161000000.0,15986000000.0,183000000.0,1480000000.0,14323000000.0,118871000000.0,54871000000.0,1257000000.0,129000000.0,3448000000.0,9454000000.0,9454000000.0,2228000000.0,1830000000.0,,398000000.0,16929000000.0,3788000000.0,13141000000.0,17202000000.0,-25453000000.0,42655000000.0,2720000000.0,2616000000.0,26371000000.0,,,10948000000.0,64001000000.0,330000000.0,53000000.0,6175000000.0,27740000000.0,3075000000.0,2146000000.0,4725000000.0,,,18834000000.0,2365000000.0,16469000000.0,13419000000.0,3050000000.0,390000000.0,,897000000.0,463000000.0,,3896000000.0,19558000000.0,4286000000.0,468000000.0,2798000000.0,35000000.0,460000000.0,,,,,,,,,,,,,,,,,,,,,,,,,,,,,,,,,,,,,,,
AIR.PA,Airbus,balance_sheet,2022-12-31,647500.0,787557508.0,788205008.0,,10983000000.0,-3818000000.0,22199000000.0,10407000000.0,-3818000000.0,1734000000.0,12950000000.0,22089000000.0,12982000000.0,32000000.0,12950000000.0,-5016000000.0,13408000000.0,3837000000.0,789000000.0,789000000.0,102962000000.0,50367000000.0,4215000000.0,6163000000.0,,22061000000.0,164000000.0,10631000000.0,1492000000.0,9139000000.0,6896000000.0,52595000000.0,2861000000.0,352000000.0,242000000.0,110000000.0,4127000000.0,15346000000.0,186000000.0,1899000000.0,13261000000.0,115944000000.0,52942000000.0,1386000000.0,149000000.0,4683000000.0,7590000000.0,7590000000.0,2067000000.0,1686000000.0,,381000000.0,16768000000.0,3603000000.0,13165000000.0,16505000000.0,-24764000000.0,41269000000.0,2241000000.0,2578000000.0,25914000000.0,,,10536000000.0,63002000000.0,1141000000.0,0.0,5206000000.0,27157000000.0,2605000000.0,2436000000.0,4953000000.0,,,18547000000.0,2724000000.0,15823000000.0,12136000000.0,3687000000.0,68000000.0,,753000000.0,509000000.0,,4158000000.0,19255000000.0,3744000000.0,337000000.0,2641000000.0,37000000.0,448000000.0,,,,,,,,,,,,,,,,,,,,,,,,,,,,,,,,,,,,,,,
ALO.PA,Alstom,balance_sheet,2026-03-31,,462029966.0,462029966.0,464000000.0,3555000000.0,-224000000.0,13424000000.0,-1258000000.0,-224000000.0,794000000.0,10663000000.0,12643000000.0,10784000000.0,121000000.0,10663000000.0,750000000.0,1142000000.0,5870000000.0,3234000000.0,3234000000.0,24221000000.0,3891000000.0,,,878000000.0,,64000000.0,2588000000.0,608000000.0,1980000000.0,361000000.0,20330000000.0,,967000000.0,186000000.0,781000000.0,1352000000.0,6279000000.0,1084000000.0,738000000.0,4457000000.0,35005000000.0,15933000000.0,233000000.0,,673000000.0,51000000.0,51000000.0,897000000.0,298000000.0,,599000000.0,10887000000.0,1766000000.0,9121000000.0,2858000000.0,-3785000000.0,6643000000.0,399000000.0,,2801000000.0,3148000000.0,295000000.0,0.0,19072000000.0,1363000000.0,2000000.0,475000000.0,4276000000.0,6818000000.0,746000000.0,3095000000.0,-251000000.0,3346000000.0,2297000000.0,,2297000000.0,104000000.0,2193000000.0,,290000000.0,,,,273000000.0,1116000000.0,2887000000.0,,51000000.0,,,,1097000000.0,,,,,,,,,,,,,,,,,,,,,,,,,,,,,,,,,,,,,
ALO.PA,Alstom,balance_sheet,2025-03-31,,461510538.0,461510538.0,522000000.0,3592000000.0,-634000000.0,13260000000.0,-640000000.0,-634000000.0,796000000.0,10464000000.0,13173000000.0,10577000000.0,113000000.0,10464000000.0,749000000.0,870000000.0,5870000000.0,3231000000.0,3231000000.0,24009000000.0,4755000000.0,,70000000.0,935000000.0,,75000000.0,3318000000.0,609000000.0,2709000000.0,427000000.0,19254000000.0,,274000000.0,187000000.0,87000000.0,1529000000.0,6111000000.0,1178000000.0,959000000.0,3974000000.0,34586000000.0,15972000000.0,237000000.0,,689000000.0,55000000.0,55000000.0,871000000.0,299000000.0,,572000000.0,11098000000.0,1978000000.0,9120000000.0,2720000000.0,-3652000000.0,6372000000.0,298000000.0,,2704000000.0,3092000000.0,278000000.0,0.0,18614000000.0,1638000000.0,20000000.0,469000000.0,4151000000.0,6363000000.0,793000000.0,2906000000.0,-31000000.0,2937000000.0,2274000000.0,,2274000000.0,1060000000.0,1214000000.0,,228000000.0,,,,247000000.0,1077000000.0,2827000000.0,,,,,,1081000000.0,55000000.0,,,,,,,,,,,,,,,,,,,,,,,,,,,,,,,,,,,,
ALO.PA,Alstom,balance_sheet,2024-03-31,,407467251.0,407467251.0,3034000000.0,4655000000.0,-2689000000.0,12682000000.0,-2724000000.0,-2689000000.0,645000000.0,8672000000.0,11366000000.0,8778000000.0,106000000.0,8672000000.0,,741000000.0,5486000000.0,2690000000.0,2690000000.0,24475000000.0,4741000000.0,,,946000000.0,,91000000.0,3165000000.0,471000000.0,2694000000.0,539000000.0,19734000000.0,,1490000000.0,174000000.0,1316000000.0,1612000000.0,4665000000.0,1188000000.0,936000000.0,3729000000.0,33253000000.0,16243000000.0,168000000.0,231000000.0,673000000.0,74000000.0,74000000.0,882000000.0,342000000.0,,540000000.0,11361000000.0,2268000000.0,9093000000.0,2756000000.0,-3488000000.0,6244000000.0,471000000.0,,2542000000.0,2946000000.0,285000000.0,0.0,17010000000.0,1990000000.0,691000000.0,415000000.0,3818000000.0,5370000000.0,753000000.0,2997000000.0,-34000000.0,3031000000.0,976000000.0,,976000000.0,80000000.0,896000000.0,,,,,,187000000.0,1015000000.0,2616000000.0,,,,,,931000000.0,74000000.0,,,,,,,,,,,,,,,,,,,,,,,,,,,,,,,,,,,,
ALO.PA,Alstom,balance_sheet,2023-03-31,,403398195.0,403398195.0,2227000000.0,3698000000.0,-2989000000.0,12050000000.0,-3092000000.0,-2989000000.0,645000000.0,8997000000.0,11654000000.0,9102000000.0,105000000.0,8997000000.0,,1134000000.0,5445000000.0,2663000000.0,2663000000.0,22294000000.0,4651000000.0,,,923000000.0,,128000000.0,3158000000.0,501000000.0,2657000000.0,442000000.0,17643000000.0,,540000000.0,144000000.0,396000000.0,1779000000.0,6481000000.0,1439000000.0,1099000000.0,3943000000.0,31396000000.0,16845000000.0,,,596000000.0,82000000.0,82000000.0,1131000000.0,377000000.0,,754000000.0,11986000000.0,2606000000.0,9380000000.0,2481000000.0,-3282000000.0,5763000000.0,280000000.0,371000000.0,2435000000.0,2767000000.0,281000000.0,0.0,14551000000.0,1418000000.0,0.0,383000000.0,3729000000.0,4916000000.0,609000000.0,2670000000.0,-55000000.0,2725000000.0,826000000.0,,826000000.0,20000000.0,806000000.0,,,,,,171000000.0,1170000000.0,2388000000.0,,,,,0.0,950000000.0,82000000.0,,,,,,,,,,,,,,,,,,,,,,,,,,,,,,,,,,,,
ALO.PA,Alstom,balance_sheet,2022-03-31,,,,,,,,,,,,,,,,,,,,,,,,,,,,,,,,,,,,,,,,,,,,,351000000.0,,,,,,,,,,,,,,,369000000.0,,,,,,,,,,,,,,,,,,,,,,,,,,,,,,,,286000000.0,,,,,,,,,,,,,,,,,,,,,,,,,,,,,,,,,,,,,,
MT.AS,ArcelorMittal,balance_sheet,2025-12-31,13874181.0,761125819.0,775000000.0,6837000000.0,13410000000.0,49214000000.0,66695000000.0,8085000000.0,49214000000.0,1181000000.0,54466000000.0,64170000000.0,56536000000.0,2070000000.0,54466000000.0,,49918000000.0,25250000000.0,275000000.0,275000000.0,41167000000.0,18647000000.0,393000000.0,556000000.0,,,2294000000.0,10671000000.0,967000000.0,9704000000.0,1616000000.0,22520000000.0,242000000.0,2739000000.0,214000000.0,2525000000.0,1039000000.0,15889000000.0,2334000000.0,547000000.0,13008000000.0,97703000000.0,67098000000.0,300000000.0,188000000.0,8860000000.0,353000000.0,353000000.0,10393000000.0,4908000000.0,1315000000.0,4170000000.0,5252000000.0,986000000.0,4266000000.0,41041000000.0,-31332000000.0,72373000000.0,8568000000.0,15404000000.0,44232000000.0,,,,30605000000.0,193000000.0,37000000.0,,18589000000.0,1459000000.0,1007000000.0,3476000000.0,-408000000.0,3884000000.0,5392000000.0,,5392000000.0,910000000.0,4482000000.0,355000000.0,,105000000.0,368000000.0,84000000.0,5589000000.0,4652000000.0,8348000000.0,8860000000.0,,,,,,,-20622000000.0,1144000000.0,-19345000000.0,-2398000000.0,-23000000.0,591000000.0,4820000000.0,94000000.0,94000000.0,18406000000.0,2517000000.0,1091000000.0,,547000000.0,606000000.0,10746000000.0,5942000000.0,,,,,,,,,,,,,,,,,,,
MT.AS,ArcelorMittal,balance_sheet,2024-12-31,84263150.0,768546622.0,852809772.0,4129000000.0,11563000000.0,44770000000.0,59752000000.0,7557000000.0,44770000000.0,1034000000.0,49223000000.0,57186000000.0,51286000000.0,2063000000.0,49223000000.0,,47254000000.0,27190000000.0,303000000.0,303000000.0,38099000000.0,16274000000.0,331000000.0,633000000.0,,,2338000000.0,8815000000.0,852000000.0,7963000000.0,1361000000.0,21825000000.0,327000000.0,2748000000.0,182000000.0,2566000000.0,938000000.0,15516000000.0,2115000000.0,480000000.0,12921000000.0,89385000000.0,60003000000.0,271000000.0,153000000.0,8942000000.0,299000000.0,299000000.0,11420000000.0,6184000000.0,1341000000.0,3895000000.0,4453000000.0,848000000.0,3605000000.0,33311000000.0,-24182000000.0,57493000000.0,8353000000.0,12285000000.0,33453000000.0,,,,29382000000.0,305000000.0,0.0,,16501000000.0,1297000000.0,984000000.0,3375000000.0,-310000000.0,3685000000.0,6400000000.0,,6400000000.0,2045000000.0,4355000000.0,2117000000.0,,133000000.0,436000000.0,84000000.0,4853000000.0,4177000000.0,7471000000.0,8942000000.0,,,,,,,-23407000000.0,1321000000.0,-22296000000.0,-2382000000.0,-50000000.0,458000000.0,4676000000.0,88000000.0,88000000.0,17724000000.0,2208000000.0,873000000.0,291000000.0,480000000.0,1021000000.0,11719000000.0,5656000000.0,,,,,,,,,,,,,,,,,,,
MT.AS,ArcelorMittal,balance_sheet,2023-12-31,33538016.0,819271756.0,852809772.0,1849000000.0,10681000000.0,48859000000.0,63496000000.0,11471000000.0,48859000000.0,1146000000.0,53961000000.0,61391000000.0,56068000000.0,2107000000.0,53961000000.0,,46264000000.0,27185000000.0,303000000.0,303000000.0,37849000000.0,16080000000.0,401000000.0,350000000.0,,,2432000000.0,8369000000.0,939000000.0,7430000000.0,1477000000.0,21769000000.0,360000000.0,2312000000.0,207000000.0,2105000000.0,588000000.0,15863000000.0,1961000000.0,297000000.0,13245000000.0,93917000000.0,60677000000.0,212000000.0,178000000.0,9469000000.0,513000000.0,513000000.0,10078000000.0,5611000000.0,1358000000.0,3109000000.0,5102000000.0,1194000000.0,3908000000.0,33656000000.0,-25806000000.0,59462000000.0,7343000000.0,13122000000.0,35965000000.0,,,,33240000000.0,643000000.0,,,18759000000.0,1192000000.0,1001000000.0,3661000000.0,-364000000.0,4025000000.0,7686000000.0,,7686000000.0,2281000000.0,5405000000.0,849000000.0,,163000000.0,201000000.0,97000000.0,5372000000.0,4741000000.0,8646000000.0,9469000000.0,,,,,,,-18942000000.0,1978000000.0,-18441000000.0,-2475000000.0,-4000000.0,310000000.0,5173000000.0,109000000.0,109000000.0,18400000000.0,2537000000.0,1134000000.0,360000000.0,297000000.0,1306000000.0,10591000000.0,5854000000.0,,,,,,,,,,,,,,,,,,,
MT.AS,ArcelorMittal,balance_sheet,2022-12-31,72471843.0,805337929.0,877809772.0,1294000000.0,11650000000.0,48249000000.0,63746000000.0,14720000000.0,48249000000.0,1056000000.0,53152000000.0,61391000000.0,55590000000.0,2438000000.0,53152000000.0,509000000.0,45442000000.0,28651000000.0,312000000.0,312000000.0,38957000000.0,16559000000.0,279000000.0,348000000.0,,,2666000000.0,9067000000.0,828000000.0,8239000000.0,1306000000.0,22398000000.0,558000000.0,2583000000.0,228000000.0,2355000000.0,1101000000.0,15625000000.0,1775000000.0,318000000.0,13166000000.0,94547000000.0,57429000000.0,148000000.0,155000000.0,8554000000.0,1119000000.0,1119000000.0,10765000000.0,6372000000.0,1333000000.0,3060000000.0,4903000000.0,1136000000.0,3767000000.0,30167000000.0,-24772000000.0,54939000000.0,5887000000.0,11479000000.0,34133000000.0,,,,37118000000.0,737000000.0,,732000000.0,20087000000.0,1073000000.0,1302000000.0,3839000000.0,-190000000.0,4029000000.0,9300000000.0,,9300000000.0,4811000000.0,4489000000.0,1895000000.0,,835000000.0,666000000.0,114000000.0,5906000000.0,5343000000.0,8838000000.0,8554000000.0,,,,,,,-19867000000.0,2905000000.0,-20819000000.0,-2390000000.0,437000000.0,287000000.0,5272000000.0,67000000.0,67000000.0,18089000000.0,2464000000.0,1049000000.0,366000000.0,318000000.0,783000000.0,11884000000.0,6214000000.0,,,,,,,,,,,,,,,,,,,
MT.AS,ArcelorMittal,balance_sheet,2021-12-31,,,,,,,,,,,,,,,,509000000.0,,,,,,,,,,,,,,,,,,,,,,,,,,,,,,,,,,,,,,,,,,,,,,,,,,,0.0,566000000.0,,,,,,,,,,,,,,,,,,,,,1146000000.0,,,,,,,,,,,,,,,,,,431000000.0,,,,,,,,,,,,,,,,,,,,,,,
CS.PA,AXA,balance_sheet,2025-12-31,35249510.0,2055372364.0,2090621874.0,38243000000.0,60492000000.0,24961000000.0,107663000000.0,,24961000000.0,,47171000000.0,107663000000.0,49557000000.0,2386000000.0,47171000000.0,-1000000.0,41413000000.0,,15316000000.0,15316000000.0,585982000000.0,,,9631000000.0,,,2112000000.0,60492000000.0,,60492000000.0,4602000000.0,,,,,,,15625000000.0,14019000000.0,1606000000.0,,635539000000.0,,,,2229000000.0,98005000000.0,15661000000.0,1482000000.0,,,,22210000000.0,4411000000.0,17799000000.0,2147000000.0,,,,,,,,,,,,,,9925000000.0,767000000.0,,,,319950000000.0,297701000000.0,22249000000.0,,,,,6876000000.0,,,,,,,,29934000000.0,,,,,,,,,,,,,,,,,,,,397188000000.0,,3600000000.0,75468000000.0,,27499000000.0,,,,,,,,,,,,,,,
CS.PA,AXA,balance_sheet,2024-12-31,39430218.0,2175367655.0,2214797873.0,43462000000.0,62450000000.0,27379000000.0,112393000000.0,,27379000000.0,,49943000000.0,112393000000.0,52478000000.0,2535000000.0,49943000000.0,1000000.0,36482000000.0,,20275000000.0,20275000000.0,601284000000.0,,,11681000000.0,,,1976000000.0,62450000000.0,,62450000000.0,4875000000.0,,,,,,,14137000000.0,12846000000.0,1291000000.0,,653762000000.0,,,,3357000000.0,99162000000.0,15180000000.0,1532000000.0,,,,22564000000.0,4423000000.0,18141000000.0,2212000000.0,,,,,,,,,,,,,,9899000000.0,822000000.0,,,,333567000000.0,314579000000.0,18988000000.0,,,,,7820000000.0,,,,,,,,32001000000.0,,,,,,,,,,,,,,,,,,,,415273000000.0,,8145000000.0,76162000000.0,,27919000000.0,,,,,,,,,,,,,,,
CS.PA,AXA,balance_sheet,2023-12-31,43984687.0,2226204119.0,2270188806.0,34486000000.0,59870000000.0,27093000000.0,109449000000.0,,27093000000.0,,49579000000.0,109449000000.0,52398000000.0,2819000000.0,49579000000.0,,33143000000.0,,22130000000.0,22130000000.0,591987000000.0,,,13948000000.0,,,1728000000.0,59870000000.0,,59870000000.0,5439000000.0,,,1000000.0,,1000000.0,,14951000000.0,13672000000.0,1279000000.0,,644385000000.0,,,,3337000000.0,99055000000.0,16071000000.0,1938000000.0,,,,22486000000.0,4631000000.0,17855000000.0,2095000000.0,,,,,,,,,,,,,,11882000000.0,721000000.0,,,,332385000000.0,307001000000.0,25384000000.0,,,,,11156000000.0,,,,,,,,32543000000.0,,,,,,,,,,,,,,,,,,,,407994000000.0,,7593000000.0,71828000000.0,,29844000000.0,,,,,,,,,,,,,,,
CS.PA,AXA,balance_sheet,2022-12-31,87231920.0,2264539025.0,2351770945.0,37491000000.0,63658000000.0,23599000000.0,109730000000.0,,23599000000.0,,46072000000.0,107838000000.0,49090000000.0,3018000000.0,46072000000.0,1000000.0,30103000000.0,20155000000.0,23317000000.0,23317000000.0,589267000000.0,,,19714000000.0,,2368000000.0,914000000.0,61766000000.0,,61766000000.0,6516000000.0,,,1892000000.0,,1892000000.0,,14786000000.0,13474000000.0,1312000000.0,8710000000.0,638357000000.0,,,,3269000000.0,101540000000.0,16009000000.0,2234000000.0,,,,22473000000.0,4719000000.0,17754000000.0,2231000000.0,,,,,,,,,,,,,,10720000000.0,928000000.0,27986000000.0,,,317591000000.0,291424000000.0,26167000000.0,,,2150000000.0,1805000000.0,16927000000.0,,,,,,,,31580000000.0,,,,0.0,,,,,,,,,,,,,,,,395198000000.0,,6400000000.0,68604000000.0,4000000.0,31467000000.0,,,,,,,,,,,,,,,
CS.PA,AXA,balance_sheet,2021-12-31,,,,,,,,,,,,,,,,-1000000.0,,21803000000.0,,,,,,,,2117000000.0,,,,,,,,242000000.0,,242000000.0,,,,,26319000000.0,,,,,,,,,,,,,,,,,,,,,,,,,,,,,,,25248000000.0,,,,,,,,1630000000.0,1593000000.0,,,,,,,,,,,,,0.0,,,,,,,,,,,,,,,,,,,,1000000.0,,,,,,,,,,,,,,,,
BNP.PA,BNP Paribas,balance_sheet,2025-12-31,16685450.0,1100099307.0,1116784757.0,68658000000.0,398488000000.0,113797000000.0,521130000000.0,,113797000000.0,,125513000000.0,521130000000.0,132173000000.0,6660000000.0,125513000000.0,6115000000.0,101570000000.0,,17828000000.0,17828000000.0,2660808000000.0,,,271408000000.0,,,,398488000000.0,,,,,,,,,,1793000000.0,37115000000.0,1793000000.0,,2792981000000.0,,,,,844647000000.0,231047000000.0,6950000000.0,,,,11716000000.0,4583000000.0,7133000000.0,53220000000.0,-23654000000.0,76874000000.0,,58709000000.0,6912000000.0,,,11253000000.0,,,,,,,2496000000.0,,,,,,326959000000.0,,211330000000.0,,,,,,,,,,,381000000.0,,,,,,,,,,,,,,,,,,,,851597000000.0,7527000000.0,,12299000000.0,308994000000.0,876365000000.0,576860000000.0,,,,,,,,,,,,,,
BNP.PA,BNP Paribas,balance_sheet,2024-12-31,1256198.0,1129554473.0,1130810671.0,69001000000.0,379895000000.0,118195000000.0,505184000000.0,,118195000000.0,,128137000000.0,505184000000.0,134141000000.0,6004000000.0,128137000000.0,9621000000.0,98383000000.0,,20133000000.0,20133000000.0,2570767000000.0,,,328121000000.0,,,,379895000000.0,,,,,,,,,,2346000000.0,36537000000.0,2346000000.0,,2704908000000.0,,,,,830096000000.0,220015000000.0,7862000000.0,1960000000.0,,5902000000.0,9942000000.0,4392000000.0,5550000000.0,49790000000.0,-22583000000.0,72373000000.0,,54257000000.0,7067000000.0,,,11049000000.0,,,,,,,2836000000.0,,,,,,308046000000.0,,182496000000.0,,,,,,,,,,,524000000.0,,,,,,,,,,,,,,,,,,,,837958000000.0,5686000000.0,,10578000000.0,256779000000.0,884778000000.0,529234000000.0,,,,,,,,,,,,,,
BNP.PA,BNP Paribas,balance_sheet,2023-12-31,0.0,1147477409.0,1147477409.0,,346845000000.0,114051000000.0,467529000000.0,,114051000000.0,,123742000000.0,467529000000.0,128867000000.0,5125000000.0,123742000000.0,10430000000.0,92110000000.0,,21202000000.0,21202000000.0,2462632000000.0,,,302728000000.0,,,,346845000000.0,,,,,,,,,,2725000000.0,41614000000.0,2725000000.0,,2591499000000.0,,,,,696454000000.0,173710000000.0,6751000000.0,1784000000.0,,4967000000.0,9691000000.0,4142000000.0,5549000000.0,44736000000.0,-21646000000.0,66382000000.0,,48058000000.0,7007000000.0,,,11317000000.0,,,,,,,2942000000.0,,,,,,408219000000.0,,288259000000.0,,,,,,,,,,,486000000.0,,,,,,,,,,,,,,,,,,,,703205000000.0,5400000000.0,,9409000000.0,202225000000.0,841362000000.0,629892000000.0,,,,,,,,,,,,,,
BNP.PA,BNP Paribas,balance_sheet,2022-12-31,881641.0,1233450005.0,1234331646.0,,293984000000.0,112153000000.0,412146000000.0,,112153000000.0,,121237000000.0,412146000000.0,126010000000.0,4773000000.0,121237000000.0,8181000000.0,86866000000.0,,26190000000.0,26190000000.0,2537738000000.0,,,319921000000.0,,,,293984000000.0,,,,,,,,,,2042000000.0,44124000000.0,2042000000.0,,2663748000000.0,,,,,664013000000.0,152080000000.0,6073000000.0,1445000000.0,,4628000000.0,9084000000.0,3790000000.0,5294000000.0,37939000000.0,-21880000000.0,59819000000.0,,41135000000.0,7177000000.0,,,11507000000.0,,,,,,,1685000000.0,,,,,,474919000000.0,,318560000000.0,,,,,,,,,,,529000000.0,,,,,,,,,,,,,,,,,,,,670086000000.0,6839000000.0,,8939000000.0,157138000000.0,851993000000.0,662196000000.0,,,,,,,,,,,,,,
BNP.PA,BNP Paribas,balance_sheet,2021-12-31,,,,,,,,,,,,,,,,,,,,,,,,,,,,,,,,,,,,,,,,,,,,,,,,,,1022000000.0,,5506000000.0,,,,,,,,,,,,,,,,,,,,,,,,,,,,,,,,,,,,,,,,,,,,,,,,,,,,,,,,,,,,,,,,,,,,,,,,,,,,,,
EN.PA,Bouygues,balance_sheet,2025-12-31,1097382.0,384226249.0,385323631.0,4214000000.0,15168000000.0,-4325000000.0,24785000000.0,-2178000000.0,-4325000000.0,3419000000.0,13036000000.0,22732000000.0,14851000000.0,1815000000.0,13036000000.0,,1138000000.0,11680000000.0,385000000.0,385000000.0,49268000000.0,16160000000.0,,,,,838000000.0,12543000000.0,2847000000.0,9696000000.0,2779000000.0,33108000000.0,7755000000.0,2625000000.0,572000000.0,2053000000.0,2183000000.0,10717000000.0,,597000000.0,10120000000.0,64119000000.0,33189000000.0,,,549000000.0,983000000.0,898000000.0,1614000000.0,,,,17361000000.0,3646000000.0,13715000000.0,12682000000.0,-19382000000.0,32064000000.0,734000000.0,7514000000.0,18652000000.0,2433000000.0,2731000000.0,0.0,30930000000.0,48000000.0,112000000.0,1718000000.0,2704000000.0,9128000000.0,489000000.0,9196000000.0,-857000000.0,10053000000.0,7535000000.0,,7535000000.0,,,39000000.0,,,,,1060000000.0,,1234000000.0,,,,,,,,,,,,,,,,,,,,,,,,,,85000000.0,,,,410000000.0,,,,,,,,,,,,,
EN.PA,Bouygues,balance_sheet,2024-12-31,2557618.0,376400179.0,378957797.0,6065000000.0,14742000000.0,-4864000000.0,24332000000.0,-2450000000.0,-4864000000.0,3110000000.0,12700000000.0,23167000000.0,14512000000.0,1812000000.0,12700000000.0,,1058000000.0,11262000000.0,379000000.0,379000000.0,48572000000.0,16419000000.0,,,,,833000000.0,12952000000.0,2485000000.0,10467000000.0,2634000000.0,32153000000.0,7731000000.0,1790000000.0,625000000.0,1165000000.0,2092000000.0,11285000000.0,,524000000.0,10761000000.0,63084000000.0,33381000000.0,,,563000000.0,994000000.0,911000000.0,1711000000.0,,,,17564000000.0,3912000000.0,13652000000.0,12549000000.0,-19039000000.0,31588000000.0,764000000.0,7691000000.0,17966000000.0,2385000000.0,2782000000.0,0.0,29703000000.0,49000000.0,59000000.0,1653000000.0,2919000000.0,9484000000.0,316000000.0,9656000000.0,-811000000.0,10467000000.0,5567000000.0,,5567000000.0,,,78000000.0,,,,,1156000000.0,,1365000000.0,,,,,,,,,,,,,,,,,,,,,,,,,,83000000.0,,,,398000000.0,,,,,,,,,,,,,
EN.PA,Bouygues,balance_sheet,2023-12-31,4118708.0,378154589.0,382273297.0,6269000000.0,14834000000.0,-3967000000.0,24225000000.0,-1400000000.0,-3967000000.0,3017000000.0,12408000000.0,23052000000.0,14112000000.0,1704000000.0,12408000000.0,,1040000000.0,11086000000.0,382000000.0,382000000.0,46634000000.0,16277000000.0,,,,,783000000.0,13098000000.0,2454000000.0,10644000000.0,2396000000.0,30357000000.0,7321000000.0,1736000000.0,563000000.0,1173000000.0,2002000000.0,11352000000.0,,346000000.0,11006000000.0,60746000000.0,31789000000.0,,,511000000.0,945000000.0,852000000.0,1758000000.0,,,,16375000000.0,3717000000.0,12658000000.0,12200000000.0,-17830000000.0,30030000000.0,740000000.0,6958000000.0,17291000000.0,2269000000.0,2772000000.0,0.0,28957000000.0,50000000.0,0.0,1448000000.0,2924000000.0,9051000000.0,236000000.0,9700000000.0,-861000000.0,10561000000.0,5548000000.0,,5548000000.0,,,123000000.0,,,,,1182000000.0,,1360000000.0,,,,,,,,,,,,,,,,,,,,,,,,,,93000000.0,,,,382000000.0,,,,,,,,,,,,,
EN.PA,Bouygues,balance_sheet,2022-12-31,2245371.0,372241406.0,374486777.0,7629000000.0,15970000000.0,-4383000000.0,25577000000.0,-379000000.0,-4383000000.0,2605000000.0,12212000000.0,23798000000.0,13932000000.0,1720000000.0,12212000000.0,,973000000.0,10843000000.0,375000000.0,375000000.0,46663000000.0,16702000000.0,,,,,759000000.0,13693000000.0,2107000000.0,11586000000.0,2250000000.0,29961000000.0,7385000000.0,2277000000.0,498000000.0,1779000000.0,1832000000.0,11465000000.0,,349000000.0,11116000000.0,60595000000.0,31013000000.0,,,489000000.0,584000000.0,584000000.0,1686000000.0,,,,16595000000.0,3969000000.0,12626000000.0,11659000000.0,-2074000000.0,13733000000.0,913000000.0,11748000000.0,2159000000.0,1985000000.0,2782000000.0,0.0,29582000000.0,225000000.0,119000000.0,422000000.0,3131000000.0,10070000000.0,306000000.0,9573000000.0,-888000000.0,10461000000.0,5736000000.0,,5736000000.0,489000000.0,5247000000.0,54000000.0,,,,,1261000000.0,,1482000000.0,,,,,,,,,,,,,,,,,,,,,,,,,,95000000.0,,,,388000000.0,,,,,,,,,,,,,
EN.PA,Bouygues,balance_sheet,2021-12-31,,,,,,,,,,,,,,,,,,,,,,,,,,,,,,,,,,,,,,,,,,,,,,,,,,,,,,,,,,,,,,,,,,,,,,,,,,,,,,445000000.0,6056000000.0,,,,,,,,,,,,,,,,,,,,,,,,,,,,,,,,,,,,,,,,,,,,,,,,,,,
CAP.PA,Capgemini,balance_sheet,2025-12-31,186643.0,169742028.0,169928671.0,5524000000.0,9458000000.0,-4315000000.0,19986000000.0,1641000000.0,-4315000000.0,1120000000.0,11648000000.0,19099000000.0,11672000000.0,24000000.0,11648000000.0,,7306000000.0,2982000000.0,1360000000.0,1360000000.0,17388000000.0,9533000000.0,343000000.0,,339000000.0,,292000000.0,8308000000.0,857000000.0,7451000000.0,251000000.0,7855000000.0,322000000.0,1150000000.0,263000000.0,887000000.0,81000000.0,4775000000.0,2278000000.0,980000000.0,1517000000.0,29060000000.0,19564000000.0,32000000.0,187000000.0,636000000.0,105000000.0,21000000.0,186000000.0,,,,15963000000.0,1105000000.0,14858000000.0,1815000000.0,-2655000000.0,4470000000.0,,2228000000.0,1175000000.0,,1067000000.0,0.0,9496000000.0,103000000.0,,309000000.0,,1980000000.0,552000000.0,3264000000.0,-23000000.0,3287000000.0,3032000000.0,218000000.0,2814000000.0,2145000000.0,669000000.0,,343000000.0,43000000.0,34000000.0,,,,,,,,222000000.0,,,,,,,,,,,,,,,,,,,,,,84000000.0,,,,,,,,,,,,,,,,,
CAP.PA,Capgemini,balance_sheet,2024-12-31,1396428.0,169951043.0,171347471.0,2355000000.0,6077000000.0,-1405000000.0,16919000000.0,1599000000.0,-1405000000.0,933000000.0,11775000000.0,16056000000.0,11797000000.0,22000000.0,11775000000.0,,7212000000.0,3192000000.0,1371000000.0,1371000000.0,13863000000.0,6154000000.0,352000000.0,,309000000.0,,267000000.0,4952000000.0,671000000.0,4281000000.0,274000000.0,7709000000.0,237000000.0,1125000000.0,262000000.0,863000000.0,109000000.0,4846000000.0,2280000000.0,924000000.0,1642000000.0,25660000000.0,16352000000.0,42000000.0,171000000.0,579000000.0,76000000.0,25000000.0,117000000.0,,,,13180000000.0,837000000.0,12343000000.0,1617000000.0,-2507000000.0,4124000000.0,,2065000000.0,1091000000.0,,968000000.0,0.0,9308000000.0,132000000.0,,299000000.0,,1838000000.0,538000000.0,3238000000.0,-17000000.0,3255000000.0,3057000000.0,268000000.0,2789000000.0,1969000000.0,820000000.0,,241000000.0,67000000.0,63000000.0,,,,,,171000000.0,,143000000.0,,,,,,,,,,,,,,,,,,,,,,51000000.0,,,,,,,,,,,,,,,,,
CAP.PA,Capgemini,balance_sheet,2023-12-31,1320165.0,171287948.0,172608113.0,2210000000.0,6595000000.0,-1557000000.0,16200000000.0,2495000000.0,-1557000000.0,849000000.0,10454000000.0,15525000000.0,10473000000.0,19000000.0,10454000000.0,-427000000.0,5591000000.0,3482000000.0,1381000000.0,1381000000.0,14227000000.0,6978000000.0,376000000.0,,331000000.0,,275000000.0,5669000000.0,598000000.0,5071000000.0,327000000.0,7249000000.0,182000000.0,926000000.0,251000000.0,675000000.0,118000000.0,4691000000.0,2278000000.0,876000000.0,1537000000.0,24700000000.0,14956000000.0,32000000.0,172000000.0,560000000.0,58000000.0,58000000.0,110000000.0,,,110000000.0,12011000000.0,798000000.0,11213000000.0,1571000000.0,-2358000000.0,3929000000.0,,1958000000.0,1043000000.0,,928000000.0,0.0,9744000000.0,104000000.0,,280000000.0,,1670000000.0,514000000.0,3286000000.0,-20000000.0,3306000000.0,3697000000.0,161000000.0,3536000000.0,2536000000.0,1000000000.0,237000000.0,153000000.0,73000000.0,61000000.0,,,,,,172000000.0,,132000000.0,,,,,,,,,,,,,,,,,,,,,,,,,,,,,,,,,,,,,,,
CAP.PA,Capgemini,balance_sheet,2022-12-31,1664577.0,171917536.0,173582113.0,2955000000.0,7547000000.0,-2269000000.0,16484000000.0,2277000000.0,-2269000000.0,790000000.0,9727000000.0,15382000000.0,9743000000.0,16000000.0,9727000000.0,,4632000000.0,3706000000.0,1389000000.0,1389000000.0,15736000000.0,7671000000.0,471000000.0,,365000000.0,,308000000.0,6188000000.0,533000000.0,5655000000.0,339000000.0,8065000000.0,316000000.0,1359000000.0,257000000.0,1102000000.0,103000000.0,4817000000.0,2272000000.0,833000000.0,1712000000.0,25479000000.0,15137000000.0,35000000.0,168000000.0,708000000.0,50000000.0,50000000.0,118000000.0,,,118000000.0,11996000000.0,906000000.0,11090000000.0,1597000000.0,-2234000000.0,3831000000.0,,1821000000.0,1022000000.0,,988000000.0,0.0,10342000000.0,98000000.0,,,,1784000000.0,439000000.0,3329000000.0,-17000000.0,3346000000.0,4188000000.0,386000000.0,3802000000.0,2125000000.0,1677000000.0,,182000000.0,65000000.0,76000000.0,,,,,,168000000.0,,428000000.0,,,,,,,,,,,,,,,,,,,,,,,,,,,,,,,,,,,,,,,
CAP.PA,Capgemini,balance_sheet,2021-12-31,,,,,,,,,,,,,,,,,,,,,,,,,,,,,,,,,,,,,,,,,,,,,,,,,,,,117000000.0,,,,,,,,,,,,,,,,257000000.0,,,,,,,,,,,,,,,,,,,,,161000000.0,,,,,,,,,,,,,,,,,,,,,,,,,,,,,,,,,,,,,,,,,
CA.PA,Carrefour,balance_sheet,2025-12-31,30081251.0,706233538.0,736314789.0,4154000000.0,5259000000.0,847000000.0,10976000000.0,-3272000000.0,847000000.0,5259000000.0,10976000000.0,10976000000.0,11669000000.0,693000000.0,10976000000.0,,,,1841000000.0,1841000000.0,43544000000.0,17450000000.0,-1000000.0,,,,372000000.0,4270000000.0,4270000000.0,7044000000.0,3118000000.0,26094000000.0,2046000000.0,989000000.0,989000000.0,3289000000.0,,19598000000.0,581000000.0,1458000000.0,17559000000.0,55213000000.0,32390000000.0,,,558000000.0,1085000000.0,504000000.0,1017000000.0,,,,10129000000.0,1459000000.0,8670000000.0,16766000000.0,-22747000000.0,39513000000.0,540000000.0,1187000000.0,14330000000.0,20213000000.0,3243000000.0,0.0,22822000000.0,10000000.0,54000000.0,,6379000000.0,5211000000.0,1086000000.0,3193000000.0,-288000000.0,3481000000.0,6357000000.0,178000000.0,6179000000.0,4397000000.0,1782000000.0,,,0.0,480000000.0,,,,,4000000.0,,202000000.0,,,,581000000.0,,,,,,2647000000.0,,,,,,,,,,,,,94000000.0,,,,6542000000.0,-163000000.0,,,,,,,,,,,,
CA.PA,Carrefour,balance_sheet,2024-12-31,32195690.0,645773498.0,677969188.0,4254000000.0,5069000000.0,309000000.0,10820000000.0,-3336000000.0,309000000.0,5069000000.0,10820000000.0,10820000000.0,12485000000.0,1665000000.0,10820000000.0,,,,1695000000.0,1695000000.0,44878000000.0,17735000000.0,-1000000.0,,,,494000000.0,3976000000.0,3976000000.0,7589000000.0,3511000000.0,27143000000.0,2201000000.0,1093000000.0,1093000000.0,3229000000.0,,20480000000.0,592000000.0,1358000000.0,18530000000.0,57363000000.0,33557000000.0,2000000.0,563000000.0,566000000.0,1045000000.0,484000000.0,1120000000.0,,,,10511000000.0,1565000000.0,8946000000.0,17533000000.0,-23530000000.0,41063000000.0,541000000.0,1195000000.0,14905000000.0,20909000000.0,3513000000.0,0.0,23807000000.0,151000000.0,84000000.0,482000000.0,6709000000.0,5169000000.0,969000000.0,3306000000.0,-276000000.0,3582000000.0,6886000000.0,322000000.0,6564000000.0,4940000000.0,1625000000.0,,,,483000000.0,,,,,2000000.0,,218000000.0,,,1615000000.0,561000000.0,,,,,,2166000000.0,,,,,,,,,,,,,,,,,6899000000.0,-190000000.0,,,,,,,,,,,,
CA.PA,Carrefour,balance_sheet,2023-12-31,17609525.0,691181291.0,708790816.0,3198000000.0,4901000000.0,1275000000.0,11539000000.0,-1878000000.0,1275000000.0,4901000000.0,11539000000.0,11539000000.0,13387000000.0,1848000000.0,11539000000.0,,,,1772000000.0,1772000000.0,42784000000.0,17458000000.0,,,,,300000000.0,3894000000.0,3894000000.0,7264000000.0,4012000000.0,25326000000.0,2146000000.0,1007000000.0,1007000000.0,2224000000.0,,19802000000.0,567000000.0,1222000000.0,18013000000.0,56171000000.0,32723000000.0,2000000.0,639000000.0,395000000.0,1155000000.0,518000000.0,1142000000.0,,,,10264000000.0,1552000000.0,8712000000.0,16823000000.0,-22402000000.0,39225000000.0,581000000.0,1149000000.0,14435000000.0,19812000000.0,3248000000.0,0.0,23448000000.0,115000000.0,184000000.0,457000000.0,6544000000.0,5195000000.0,824000000.0,3269000000.0,-234000000.0,3503000000.0,6813000000.0,523000000.0,6290000000.0,4512000000.0,1778000000.0,,,,457000000.0,,,,,2000000.0,,262000000.0,,,1532000000.0,637000000.0,,,,,,1988000000.0,,,,,,,,,,,,,,,,,6752000000.0,-208000000.0,,,,,,,,,,,,
CA.PA,Carrefour,balance_sheet,2022-12-31,11544870.0,730612591.0,742157461.0,4342000000.0,14087000000.0,1001000000.0,20702000000.0,-2972000000.0,1001000000.0,4529000000.0,11144000000.0,18056000000.0,13186000000.0,2042000000.0,11144000000.0,,,,1855000000.0,1855000000.0,43372000000.0,16465000000.0,-1000000.0,,,,365000000.0,10486000000.0,3574000000.0,6912000000.0,3979000000.0,26907000000.0,1281000000.0,3601000000.0,955000000.0,2646000000.0,,20448000000.0,1281000000.0,1182000000.0,17985000000.0,56558000000.0,32622000000.0,1000000.0,595000000.0,475000000.0,496000000.0,496000000.0,1197000000.0,,,1197000000.0,10143000000.0,1499000000.0,8644000000.0,16801000000.0,-21773000000.0,38574000000.0,692000000.0,850000000.0,14798000000.0,18829000000.0,3405000000.0,0.0,23935000000.0,325000000.0,1641000000.0,430000000.0,6893000000.0,4706000000.0,948000000.0,3330000000.0,-190000000.0,3520000000.0,5619000000.0,403000000.0,5216000000.0,3796000000.0,1420000000.0,,,,1000000.0,,,,,,,279000000.0,,,1531000000.0,,,,,,,1635000000.0,,,,,,,,,,,,,,,,,7088000000.0,-195000000.0,,,,,,,,,,,,
CA.PA,Carrefour,balance_sheet,2021-12-31,,,,,,,,,,,,,,,,,,,,,,,,,,,,,,,,,,,,,,,,,,,,4000000.0,562000000.0,,,,,,,1256000000.0,,,,,,,,,,,,,,,,492000000.0,,,,,,,,,,,,,,,,,,,,,,,,,1505000000.0,,,,,,,,,,,,,,,,,,,,,,,,,,,,,,,,,,,,,
ACA.PA,Credit Agricole,balance_sheet,2025-12-31,394529.0,3025507821.0,3025902350.0,,312979000000.0,57841000000.0,388906000000.0,,57841000000.0,,77662000000.0,388906000000.0,85864000000.0,8202000000.0,77662000000.0,,7074000000.0,,31843000000.0,31843000000.0,2288443000000.0,,,132002000000.0,,,,312979000000.0,,,,,,,,,,32077000000.0,,1818000000.0,30259000000.0,2374307000000.0,,,,,822323000000.0,325320000000.0,7140000000.0,,,,19821000000.0,3415000000.0,16406000000.0,10311000000.0,-8804000000.0,19115000000.0,,,,,,,,,,1418000000.0,,,2382000000.0,,,,,,579758000000.0,,1533000000.0,,,,,,,,,,,9838000000.0,,,,,,,,,,,,,,,,,,,,829463000000.0,87633000000.0,,245726000000.0,103672000000.0,611143000000.0,764645000000.0,,,,,,,,,,,,,,
ACA.PA,Credit Agricole,balance_sheet,2024-12-31,16247289.0,3024783738.0,3041031027.0,,315576000000.0,55035000000.0,388495000000.0,,55035000000.0,,74710000000.0,388495000000.0,83311000000.0,8601000000.0,74710000000.0,,7087000000.0,,30904000000.0,30904000000.0,2226471000000.0,,,148727000000.0,,,,315576000000.0,,,,,,,,,,38148000000.0,,1984000000.0,36164000000.0,2309782000000.0,,,,,778693000000.0,312571000000.0,2928000000.0,,,,19675000000.0,3412000000.0,16263000000.0,9712000000.0,-8147000000.0,17859000000.0,,,,,,,,,,1579000000.0,,,2030000000.0,,,,,,581472000000.0,,1587000000.0,,,,,,,,,,,10363000000.0,,,,,,,,,,,,,,,,,,,,781621000000.0,95232000000.0,,227283000000.0,73716000000.0,595865000000.0,755520000000.0,,,,,,,,,,,,,,
ACA.PA,Credit Agricole,balance_sheet,2023-12-31,23559181.0,3029178810.0,3052737991.0,,280246000000.0,52015000000.0,349604000000.0,,52015000000.0,,71086000000.0,349604000000.0,79919000000.0,8833000000.0,71086000000.0,,6348000000.0,,30907000000.0,30907000000.0,2109479000000.0,,,119429000000.0,,,,280246000000.0,,,,,,,,,,41965000000.0,,2064000000.0,39901000000.0,2189398000000.0,,,,,687511000000.0,295287000000.0,2599000000.0,,,,19071000000.0,3142000000.0,15929000000.0,8586000000.0,-7406000000.0,15991000000.0,,,,,,,,,,1428000000.0,,,2521000000.0,,,,,,598933000000.0,,1519000000.0,,,,,,,,,,,10824000000.0,,,,,,,,,,,,,,,,,,,,690110000000.0,96194000000.0,,219612000000.0,49996000000.0,562731000000.0,759166000000.0,,,,,,,,,,,,,,
ACA.PA,Credit Agricole,balance_sheet,2022-12-31,18994580.0,3023566136.0,3042560716.0,,239899000000.0,47743000000.0,304604000000.0,,47743000000.0,,66519000000.0,304604000000.0,75480000000.0,8961000000.0,66519000000.0,,5306000000.0,,29603000000.0,29603000000.0,2062606000000.0,,,149805000000.0,,,,239899000000.0,,,,,,,,,,37438000000.0,35862000000.0,1576000000.0,35862000000.0,2138086000000.0,,,,,650881000000.0,296066000000.0,4300000000.0,,,,18776000000.0,3094000000.0,15682000000.0,6020000000.0,-6437000000.0,12457000000.0,,,,,,,,,,1303000000.0,,,1883000000.0,,,,,,654924000000.0,,1580000000.0,,,,,,,,,,,11974000000.0,,,,,,,,,,,,,,,,,,,,655181000000.0,104450000000.0,,194626000000.0,24864000000.0,532143000000.0,778874000000.0,,,,,,,,,,,,,,
ACA.PA,Credit Agricole,balance_sheet,2021-12-31,,,,,,,,,,,,,,,,,,,,,,,,,,,,,,,,,,,,,,,37258000000.0,,,,,,,,,,,,,,,,,,,,,,,,,,,,,,,,,,,,,,,,,,,,,,,,,,,,,,,,,,,,,,,,,,,,,,,,,,,,,,,,,,,,,,,,,,,
BN.PA,Danone,balance_sheet,2025-12-31,41221625.0,640172858.0,681394483.0,11498000000.0,14418000000.0,-6219000000.0,30398000000.0,-1395000000.0,-6219000000.0,937000000.0,16917000000.0,25948000000.0,16969000000.0,52000000.0,16917000000.0,,18581000000.0,5420000000.0,170000000.0,170000000.0,28102000000.0,13477000000.0,2000000.0,312000000.0,771000000.0,,1461000000.0,9761000000.0,730000000.0,9031000000.0,721000000.0,14625000000.0,481000000.0,4657000000.0,207000000.0,4450000000.0,215000000.0,7475000000.0,2054000000.0,,5421000000.0,45071000000.0,31841000000.0,1000000.0,,534000000.0,626000000.0,505000000.0,1008000000.0,,1008000000.0,,23136000000.0,5861000000.0,17275000000.0,6445000000.0,-10344000000.0,16789000000.0,,2540000000.0,9123000000.0,,,5126000000.0,13230000000.0,79000000.0,56000000.0,,2325000000.0,2000000.0,,3042000000.0,-109000000.0,3152000000.0,6571000000.0,4588000000.0,1983000000.0,,1983000000.0,1978000000.0,,84000000.0,1155000000.0,,1325000000.0,,1204000000.0,,,,,,1322000000.0,121000000.0,,,,,,449000000.0,,,,,,,,,,,,,,,,,1000000.0,-205000000.0,,,,,,,,,,,,
BN.PA,Danone,balance_sheet,2024-12-31,35396668.0,644157323.0,679553991.0,,14191000000.0,-6213000000.0,17795000000.0,-946000000.0,-6213000000.0,,17795000000.0,27069000000.0,17854000000.0,59000000.0,17795000000.0,1000000.0,17546000000.0,5331000000.0,170000000.0,170000000.0,27438000000.0,13706000000.0,1151000000.0,246000000.0,900000000.0,,1480000000.0,9929000000.0,655000000.0,9274000000.0,,13732000000.0,519000000.0,4262000000.0,,,,7067000000.0,,,5147000000.0,45292000000.0,32505000000.0,1000000.0,,528000000.0,533000000.0,415000000.0,908000000.0,,325000000.0,583000000.0,24008000000.0,5946000000.0,18062000000.0,6519000000.0,-10420000000.0,16939000000.0,,,,,,5234000000.0,12786000000.0,37000000.0,0.0,,2277000000.0,2000000.0,,2922000000.0,-113000000.0,,6160000000.0,4685000000.0,1475000000.0,,1475000000.0,1527000000.0,,3000000.0,1328000000.0,,1215000000.0,,1291000000.0,,,,,,1283000000.0,118000000.0,,,,,,442000000.0,,,,,,,,,,,,,,,,,,-229000000.0,,,,,,,,,,,,
BN.PA,Danone,balance_sheet,2023-12-31,35901246.0,641871882.0,677773128.0,12358000000.0,15601000000.0,-6918000000.0,30897000000.0,-1066000000.0,-6918000000.0,879000000.0,16176000000.0,25935000000.0,16222000000.0,46000000.0,16176000000.0,1000000.0,16845000000.0,5256000000.0,169000000.0,169000000.0,28264000000.0,14282000000.0,1000000.0,293000000.0,904000000.0,,1489000000.0,10447000000.0,687000000.0,9759000000.0,730000000.0,13982000000.0,401000000.0,5154000000.0,192000000.0,4962000000.0,155000000.0,6591000000.0,1812000000.0,,4779000000.0,44486000000.0,31570000000.0,-1000000.0,,746000000.0,506000000.0,392000000.0,740000000.0,,324000000.0,416000000.0,23094000000.0,5754000000.0,17340000000.0,6441000000.0,-9618000000.0,16059000000.0,,2422000000.0,8472000000.0,,,5165000000.0,12916000000.0,54000000.0,376000000.0,,2341000000.0,3000000.0,,2919000000.0,-123000000.0,3042000000.0,6001000000.0,3638000000.0,2363000000.0,,2363000000.0,1552000000.0,,34000000.0,1222000000.0,,1306000000.0,287000000.0,1318000000.0,,,,,,1143000000.0,114000000.0,,,,,,418000000.0,,,,,,,,,,,,,,,,,181000000.0,-283000000.0,,,,,,,,,,,,
BN.PA,Danone,balance_sheet,2022-12-31,36230001.0,639607931.0,675837932.0,12180000000.0,14164000000.0,-6317000000.0,31154000000.0,23000000.0,-6317000000.0,933000000.0,17923000000.0,27999000000.0,17992000000.0,69000000.0,17923000000.0,-1000000.0,17916000000.0,5188000000.0,169000000.0,169000000.0,27289000000.0,15159000000.0,492000000.0,432000000.0,772000000.0,,1583000000.0,10806000000.0,730000000.0,10076000000.0,1074000000.0,12130000000.0,-62000000.0,3358000000.0,203000000.0,3155000000.0,,6822000000.0,1923000000.0,,4899000000.0,45281000000.0,33128000000.0,-2000000.0,,735000000.0,468000000.0,468000000.0,917000000.0,,341000000.0,576000000.0,24240000000.0,6302000000.0,17938000000.0,6752000000.0,-9889000000.0,16641000000.0,,2438000000.0,8965000000.0,,,5238000000.0,12153000000.0,144000000.0,202000000.0,,2619000000.0,3000000.0,,3272000000.0,-98000000.0,3370000000.0,4682000000.0,3631000000.0,1051000000.0,,1051000000.0,1569000000.0,,18000000.0,1231000000.0,,1366000000.0,244000000.0,1044000000.0,,,,,,1113000000.0,4000000.0,,,,,,,,,,,,,,,,,,,,,,,198000000.0,-233000000.0,,,,,,,,,,,,
BN.PA,Danone,balance_sheet,2021-12-31,,,,14568000000.0,,,,,,982000000.0,,,,,,,,,,,,,,,,,,,,,1823000000.0,,,,215000000.0,3552000000.0,,,1599000000.0,,,,,,,,,,,,,771000000.0,,,,,,,,2443000000.0,8765000000.0,,,,,,,,,,,,,2956000000.0,,,,,,,,,,,,209000000.0,,,,,,,,,,,,,,,,,,,,,,,,,,,,,,,127000000.0,,,,,,,,,,,,,
DSY.PA,Dassault Systemes,balance_sheet,2025-12-31,21121172.0,1320685096.0,1341806268.0,,3169200000.0,1923800000.0,11387800000.0,2556200000.0,1923800000.0,574000000.0,8792600000.0,9938400000.0,8798000000.0,5400000.0,8792600000.0,,,1235500000.0,134200000.0,134200000.0,6261400000.0,2032100000.0,38800000.0,,147600000.0,,35300000.0,1638800000.0,493000000.0,1145800000.0,,4229300000.0,153200000.0,1530400000.0,81000000.0,1449400000.0,,441400000.0,,188400000.0,253000000.0,15059400000.0,8274000000.0,113000000.0,,188700000.0,,,97900000.0,,,,6868800000.0,2154900000.0,4713900000.0,944800000.0,-1123100000.0,2067900000.0,,983500000.0,761200000.0,323200000.0,,0.0,6785500000.0,28200000.0,,162000000.0,,37300000.0,195000000.0,2168400000.0,-52500000.0,2220900000.0,4125400000.0,,4125400000.0,3999900000.0,125500000.0,647700000.0,,,17300000.0,,,,,60800000.0,,,51900000.0,,568300000.0,,,,,,,171600000.0,,,,,,,,,,,,,,,,,,,97900000.0,,,,,,,,,,,
DSY.PA,Dassault Systemes,balance_sheet,2024-12-31,26865573.0,1312809178.0,1339674751.0,,3062200000.0,1379500000.0,11560200000.0,3046100000.0,1379500000.0,568600000.0,9066600000.0,11109400000.0,9080700000.0,14100000.0,9066600000.0,,,1216000000.0,134000000.0,134000000.0,6465200000.0,2943700000.0,45400000.0,,152000000.0,,29200000.0,2523100000.0,480300000.0,2042800000.0,,3521500000.0,272300000.0,539100000.0,88300000.0,450800000.0,,429500000.0,,169600000.0,259900000.0,15545900000.0,8978300000.0,125500000.0,,139500000.0,,,24300000.0,,,,7687100000.0,2641000000.0,5046100000.0,945700000.0,-1030400000.0,1976100000.0,97800000.0,937500000.0,705500000.0,333100000.0,,0.0,6567600000.0,19800000.0,,168100000.0,,30100000.0,198500000.0,2120900000.0,-59100000.0,2180000000.0,3952600000.0,,3952600000.0,3887800000.0,64700000.0,935600000.0,,,26300000.0,,,,,56200000.0,24300000.0,,51300000.0,,617200000.0,,,,,,,194000000.0,,,,,,,,,,,,,,,,,,,24300000.0,,,,,,,,,,,
DSY.PA,Dassault Systemes,balance_sheet,2023-12-31,23135954.0,1314780479.0,1337916433.0,,3600900000.0,187000000.0,10824800000.0,2219100000.0,187000000.0,610200000.0,7834100000.0,9874700000.0,7846000000.0,11900000.0,7834100000.0,,,1173200000.0,133800000.0,133800000.0,6776500000.0,3215500000.0,187500000.0,,143500000.0,,100100000.0,2584300000.0,543700000.0,2040600000.0,,3561000000.0,41600000.0,1016600000.0,66500000.0,950100000.0,,388400000.0,,157900000.0,230500000.0,14622500000.0,8842300000.0,131300000.0,,80200000.0,,,49600000.0,,,,7647100000.0,2842100000.0,4805000000.0,882600000.0,-915200000.0,1797800000.0,70600000.0,935500000.0,791700000.0,70600000.0,,0.0,5780100000.0,9200000.0,,146400000.0,,26800000.0,238600000.0,1707900000.0,-46100000.0,1754000000.0,3568300000.0,,3568300000.0,3434000000.0,134200000.0,756800000.0,,,38600000.0,,,,,51500000.0,49600000.0,,44300000.0,,635100000.0,,,,,,,200100000.0,,,,,,,,,,,,,,,,,,,,,,,,,,,,,,
DSY.PA,Dassault Systemes,balance_sheet,2022-12-31,21116225.0,1313923483.0,1335039708.0,227100000.0,3576800000.0,-962800000.0,10306800000.0,1963300000.0,-962800000.0,580700000.0,7310700000.0,10048100000.0,7324900000.0,14200000.0,7310700000.0,,,1128300000.0,133500000.0,133500000.0,6936200000.0,4055200000.0,156900000.0,,131900000.0,,328500000.0,3235000000.0,497600000.0,2737400000.0,18100000.0,2881000000.0,39500000.0,341800000.0,83100000.0,258700000.0,1500000.0,369600000.0,,153300000.0,216300000.0,14261100000.0,9416800000.0,98800000.0,,94400000.0,,,,,,,8273500000.0,3302400000.0,4971100000.0,819900000.0,-841600000.0,1661500000.0,,846300000.0,752100000.0,63100000.0,,0.0,4844300000.0,6900000.0,,,,20300000.0,152700000.0,1661600000.0,-51600000.0,1713200000.0,2769000000.0,,2769000000.0,2670500000.0,98400000.0,703700000.0,,,32800000.0,,,,,59000000.0,71200000.0,,201000000.0,,593500000.0,,,,,,,202900000.0,,,,,,,,,,,,,,,,,,,,,,,,,,,,,,
DSY.PA,Dassault Systemes,balance_sheet,2021-12-31,,,,890100000.0,,,,,,,,,,,,-100000.0,,,,,,,,,,,,,,,30100000.0,,,,,,8700000.0,,,,,,,,,,,,,,,,,,,,,,,,,,,,,,,137300000.0,,,,,,,,,,,,,,,,,,,,,61200000.0,,,,,,,,,,,,,,,,,,,,,,,,,,,,,,,,,,,,,,,,,
EDEN.PA,Edenred,balance_sheet,2025-12-31,1506506.0,235468077.0,236974583.0,2622000000.0,4626000000.0,-5283000000.0,3585000000.0,-1679000000.0,-5283000000.0,119000000.0,-922000000.0,2463000000.0,-818000000.0,104000000.0,-922000000.0,239000000.0,-1574000000.0,619000000.0,474000000.0,474000000.0,14386000000.0,3852000000.0,,62000000.0,12000000.0,,279000000.0,3467000000.0,82000000.0,3385000000.0,7000000.0,10534000000.0,6125000000.0,1159000000.0,37000000.0,1122000000.0,13000000.0,3039000000.0,1002000000.0,126000000.0,1911000000.0,13568000000.0,4713000000.0,,25000000.0,74000000.0,88000000.0,88000000.0,8000000.0,,,,4361000000.0,1358000000.0,3003000000.0,157000000.0,-237000000.0,394000000.0,1000000.0,232000000.0,143000000.0,16000000.0,2000000.0,0.0,8855000000.0,8000000.0,,53000000.0,54000000.0,428000000.0,225000000.0,2849000000.0,-135000000.0,2984000000.0,3577000000.0,1692000000.0,1885000000.0,1235000000.0,650000000.0,50000000.0,,0.0,,1661000000.0,,,,,,,,,,,,,,,,,,,,,,,,,,,,,,,,,,,,,,,,,,,,,,
EDEN.PA,Edenred,balance_sheet,2024-12-31,1911454.0,240062526.0,241973980.0,2774000000.0,4543000000.0,-5434000000.0,3505000000.0,-1509000000.0,-5434000000.0,130000000.0,-908000000.0,2702000000.0,-809000000.0,99000000.0,-908000000.0,216000000.0,-1773000000.0,755000000.0,484000000.0,484000000.0,14075000000.0,4214000000.0,,202000000.0,,,271000000.0,3705000000.0,95000000.0,3610000000.0,19000000.0,9861000000.0,5722000000.0,838000000.0,35000000.0,803000000.0,13000000.0,3126000000.0,1190000000.0,143000000.0,1793000000.0,13266000000.0,4914000000.0,-10000000.0,24000000.0,83000000.0,92000000.0,92000000.0,8000000.0,,,,4526000000.0,1264000000.0,3262000000.0,181000000.0,-262000000.0,443000000.0,12000000.0,266000000.0,147000000.0,16000000.0,2000000.0,0.0,8352000000.0,0.0,,54000000.0,62000000.0,376000000.0,199000000.0,2764000000.0,-118000000.0,2882000000.0,3031000000.0,1392000000.0,1639000000.0,933000000.0,706000000.0,83000000.0,,0.0,-1000000.0,1866000000.0,,,,,,,,,,,,,,,,,,,,,,,,,,,,,,,,,,,,,,,,,,,,,,
EDEN.PA,Edenred,balance_sheet,2023-12-31,632229.0,248955830.0,249588059.0,2729000000.0,4199000000.0,-4711000000.0,3404000000.0,-821000000.0,-4711000000.0,116000000.0,-679000000.0,2868000000.0,-569000000.0,110000000.0,-679000000.0,194000000.0,-1911000000.0,1036000000.0,499000000.0,499000000.0,13864000000.0,4142000000.0,,210000000.0,13000000.0,,256000000.0,3627000000.0,80000000.0,3547000000.0,21000000.0,9722000000.0,5690000000.0,572000000.0,36000000.0,536000000.0,10000000.0,3334000000.0,1527000000.0,154000000.0,1653000000.0,13295000000.0,4394000000.0,,25000000.0,55000000.0,96000000.0,96000000.0,18000000.0,,,,4032000000.0,1253000000.0,2779000000.0,160000000.0,-249000000.0,409000000.0,1000000.0,231000000.0,156000000.0,19000000.0,2000000.0,0.0,8901000000.0,2000000.0,,47000000.0,67000000.0,331000000.0,233000000.0,2788000000.0,-112000000.0,2900000000.0,3360000000.0,2006000000.0,1354000000.0,685000000.0,669000000.0,73000000.0,,8000000.0,,2073000000.0,,,,,,,,,,,,,,,,,,,,,,,,,,,,,,,,,,,,,,,,,,,,,,
EDEN.PA,Edenred,balance_sheet,2022-12-31,473047.0,249115012.0,249588059.0,1449000000.0,3039000000.0,-3061000000.0,2212000000.0,-55000000.0,-3061000000.0,109000000.0,-718000000.0,2045000000.0,-613000000.0,105000000.0,-718000000.0,,,-643000000.0,499000000.0,499000000.0,11787000000.0,3289000000.0,,265000000.0,12000000.0,,138000000.0,2841000000.0,78000000.0,2763000000.0,8000000.0,8498000000.0,5840000000.0,198000000.0,31000000.0,167000000.0,10000000.0,2370000000.0,1238000000.0,99000000.0,1033000000.0,11174000000.0,2731000000.0,,19000000.0,35000000.0,106000000.0,106000000.0,67000000.0,,,,2343000000.0,738000000.0,1605000000.0,157000000.0,-213000000.0,370000000.0,3000000.0,202000000.0,144000000.0,19000000.0,2000000.0,0.0,8443000000.0,0.0,,39000000.0,59000000.0,345000000.0,186000000.0,2664000000.0,-115000000.0,2779000000.0,3030000000.0,1549000000.0,1481000000.0,665000000.0,816000000.0,57000000.0,,4000000.0,,2120000000.0,,,,,,,,,,,,,,,,,,,,,,,,,,,,,,,,,,,,,,,,,,,,,,
EDEN.PA,Edenred,balance_sheet,2021-12-31,,,,,,,,,,,,,,,,,,,,,,,,,26000000.0,,,,,,,,,,,,,,,,,,,-1000000.0,,,,,,,,,,,,,,,,,,,,,,,,,,,,,,,,,,,,,,,,,,,,,,,,,,,,,,,,,,,,,,,,,,,,,,,,,,,,,,,,,,,,,,
ENGI.PA,Engie,balance_sheet,2025-12-31,3347486.0,2431937525.0,2435285011.0,36387000000.0,54568000000.0,11921000000.0,83844000000.0,4564000000.0,11921000000.0,3674000000.0,32950000000.0,72975000000.0,40829000000.0,7879000000.0,32950000000.0,3464000000.0,,21019000000.0,2435000000.0,2435000000.0,128420000000.0,74590000000.0,2628000000.0,7083000000.0,,451000000.0,6083000000.0,43235000000.0,3210000000.0,40025000000.0,15020000000.0,53830000000.0,3945000000.0,11333000000.0,464000000.0,10869000000.0,2948000000.0,26771000000.0,3631000000.0,7353000000.0,15569000000.0,169249000000.0,110855000000.0,171000000.0,,673000000.0,5768000000.0,3478000000.0,7192000000.0,,,,21029000000.0,7919000000.0,13110000000.0,65500000000.0,-67744000000.0,133244000000.0,8547000000.0,11538000000.0,109018000000.0,3441000000.0,700000000.0,0.0,58394000000.0,6120000000.0,388000000.0,,2852000000.0,9899000000.0,6974000000.0,13573000000.0,-2883000000.0,16456000000.0,15365000000.0,858000000.0,14507000000.0,,,48000000.0,,5347000000.0,3166000000.0,,1082000000.0,,,,,,,,,,,,,,,3000000.0,,,,,,,,,,,,,2290000000.0,,,,1770000000.0,,,218000000.0,,,,,,,,,,
ENGI.PA,Engie,balance_sheet,2024-12-31,9443689.0,2425841322.0,2435285011.0,31336000000.0,52007000000.0,13300000000.0,82820000000.0,6475000000.0,13300000000.0,3743000000.0,34556000000.0,74166000000.0,41458000000.0,6902000000.0,34556000000.0,3838000000.0,,21025000000.0,2435000000.0,2435000000.0,148086000000.0,75202000000.0,2590000000.0,7695000000.0,,153000000.0,5875000000.0,42880000000.0,3270000000.0,39610000000.0,15909000000.0,72884000000.0,5170000000.0,9127000000.0,473000000.0,8654000000.0,17712000000.0,30546000000.0,3679000000.0,8711000000.0,17966000000.0,189544000000.0,110185000000.0,264000000.0,,847000000.0,4011000000.0,2317000000.0,8373000000.0,4330000000.0,,4043000000.0,21256000000.0,7965000000.0,13291000000.0,64386000000.0,-69873000000.0,134259000000.0,9232000000.0,12604000000.0,108253000000.0,3474000000.0,696000000.0,0.0,79359000000.0,6366000000.0,1248000000.0,,5061000000.0,20508000000.0,7906000000.0,16173000000.0,-2314000000.0,18487000000.0,17737000000.0,809000000.0,16928000000.0,,,122000000.0,,6689000000.0,4299000000.0,,2139000000.0,,,,,,,,,,,,,,,3000000.0,,,,,,,,,,,,,1694000000.0,,,,2922000000.0,,,190000000.0,,,,,,,,,,
ENGI.PA,Engie,balance_sheet,2023-12-31,13835367.0,2421449644.0,2435285011.0,27562000000.0,47287000000.0,8744000000.0,74197000000.0,-410000000.0,8744000000.0,3147000000.0,30057000000.0,65300000000.0,35724000000.0,5667000000.0,30057000000.0,378000000.0,,23916000000.0,2435000000.0,2435000000.0,158916000000.0,82889000000.0,3613000000.0,16755000000.0,,93000000.0,5632000000.0,37920000000.0,2677000000.0,35243000000.0,18792000000.0,76027000000.0,5180000000.0,9367000000.0,470000000.0,8897000000.0,13801000000.0,35913000000.0,3290000000.0,10415000000.0,22188000000.0,194640000000.0,119023000000.0,461000000.0,,1974000000.0,6792000000.0,3655000000.0,9213000000.0,4954000000.0,,4259000000.0,21313000000.0,8449000000.0,12864000000.0,57950000000.0,-65879000000.0,123829000000.0,6716000000.0,12047000000.0,101628000000.0,2765000000.0,673000000.0,0.0,75617000000.0,8481000000.0,0.0,,5343000000.0,10882000000.0,9436000000.0,20092000000.0,-2068000000.0,22160000000.0,17351000000.0,773000000.0,16578000000.0,,,177000000.0,,12764000000.0,3844000000.0,,2218000000.0,,,,,,,,,,,,,,,2000000.0,,,,,,,,,,,,,3137000000.0,,,,3125000000.0,,,20000000.0,,,,,,,,,,
ENGI.PA,Engie,balance_sheet,2022-12-31,14530427.0,2420754584.0,2435285011.0,22147000000.0,40592000000.0,14033000000.0,71969000000.0,10191000000.0,14033000000.0,2875000000.0,34252000000.0,59853000000.0,39284000000.0,5032000000.0,34252000000.0,2725000000.0,,25667000000.0,2435000000.0,2435000000.0,196206000000.0,102428000000.0,3644000000.0,39417000000.0,,121000000.0,6408000000.0,28083000000.0,2482000000.0,25601000000.0,24663000000.0,93778000000.0,4216000000.0,12509000000.0,393000000.0,12116000000.0,2365000000.0,59166000000.0,3115000000.0,16863000000.0,39165000000.0,235490000000.0,131521000000.0,242000000.0,,2029000000.0,4801000000.0,4801000000.0,9279000000.0,5092000000.0,,4187000000.0,20219000000.0,7365000000.0,12854000000.0,55487000000.0,-62344000000.0,117831000000.0,5649000000.0,12451000000.0,96320000000.0,2762000000.0,649000000.0,0.0,103969000000.0,15252000000.0,428000000.0,,8145000000.0,13957000000.0,14647000000.0,31310000000.0,-1973000000.0,33283000000.0,16428000000.0,858000000.0,15570000000.0,,,189000000.0,,33134000000.0,3613000000.0,12000000.0,4628000000.0,,,,,,,,,,,,,,,2000000.0,,,,,,,,,,,,,3345000000.0,,,,3517000000.0,,,23000000.0,,,,,,,,,,
ENGI.PA,Engie,balance_sheet,2021-12-31,,,,,,,,,,,,,,,,,,,,,,,,,2000000.0,,,,,,,,,,,,,,,,,,,,,,,,,,,8498000000.0,,,,,,,,,,,,,,,,,,,,,,,,,,,,,,,,172000000.0,,,1161000000.0,,,,,,2033000000.0,2157000000.0,,,,,,,,,,,,,,,,,,,,,,,,,,,,,,,,,,,,
EL.PA,EssilorLuxottica,balance_sheet,2025-12-31,99289.0,463190305.0,463289594.0,7295000000.0,14398000000.0,-1877000000.0,49728000000.0,1108000000.0,-1877000000.0,3559000000.0,38889000000.0,46951000000.0,39493000000.0,604000000.0,38889000000.0,1000000.0,2315000000.0,24825000000.0,83000000.0,83000000.0,24402000000.0,13500000000.0,34000000.0,107000000.0,445000000.0,,1878000000.0,10715000000.0,2653000000.0,8062000000.0,195000000.0,10902000000.0,1560000000.0,3683000000.0,906000000.0,2777000000.0,231000000.0,5225000000.0,344000000.0,1998000000.0,2883000000.0,63895000000.0,51886000000.0,539000000.0,,359000000.0,849000000.0,849000000.0,88000000.0,,,,40766000000.0,9753000000.0,31013000000.0,9043000000.0,-6578000000.0,15621000000.0,,5213000000.0,2554000000.0,3350000000.0,4504000000.0,0.0,12010000000.0,26000000.0,,437000000.0,3542000000.0,,511000000.0,3638000000.0,-180000000.0,3818000000.0,3544000000.0,,3544000000.0,,3159000000.0,25000000.0,,,298000000.0,,3171000000.0,,938000000.0,,,,,,,,,,,,,126000000.0,,,,,,,,,,,,,,,,,1000000.0,-568000000.0,,,,,,,,,,,,
EL.PA,EssilorLuxottica,balance_sheet,2024-12-31,798593.0,456708608.0,457507201.0,7318000000.0,13216000000.0,-2671000000.0,49945000000.0,966000000.0,-2671000000.0,3647000000.0,40376000000.0,48945000000.0,41002000000.0,626000000.0,40376000000.0,,2359000000.0,23539000000.0,82000000.0,82000000.0,23277000000.0,14196000000.0,26000000.0,109000000.0,455000000.0,,2033000000.0,9804000000.0,2733000000.0,7071000000.0,214000000.0,9081000000.0,3679000000.0,1914000000.0,914000000.0,1000000000.0,271000000.0,5019000000.0,388000000.0,1974000000.0,2657000000.0,64279000000.0,54232000000.0,603000000.0,,391000000.0,737000000.0,737000000.0,85000000.0,,,,43047000000.0,10980000000.0,32067000000.0,9175000000.0,,9173000000.0,,4992000000.0,2635000000.0,3427000000.0,4484000000.0,,10047000000.0,,,,3152000000.0,,294000000.0,3261000000.0,,3447000000.0,2251000000.0,,2251000000.0,375000000.0,,172000000.0,,,331000000.0,,2838000000.0,,868000000.0,,,,,,,,,,,,,57000000.0,,,,,,,,,,,,,,,,,,-553000000.0,,,,,,,,,,,,
EL.PA,EssilorLuxottica,balance_sheet,2023-12-31,1803854.0,452043361.0,453847215.0,5859000000.0,11657000000.0,-3042000000.0,46656000000.0,1279000000.0,-3042000000.0,3240000000.0,38239000000.0,46098000000.0,38892000000.0,653000000.0,38239000000.0,,2289000000.0,22882000000.0,82000000.0,82000000.0,21631000000.0,13190000000.0,36000000.0,71000000.0,431000000.0,,2145000000.0,10258000000.0,2399000000.0,7859000000.0,234000000.0,8441000000.0,1510000000.0,1399000000.0,841000000.0,558000000.0,345000000.0,4822000000.0,490000000.0,1951000000.0,2381000000.0,60523000000.0,50802000000.0,306000000.0,219000000.0,387000000.0,324000000.0,324000000.0,81000000.0,,,,41281000000.0,11016000000.0,30265000000.0,8251000000.0,-5660000000.0,13911000000.0,,7043000000.0,4408000000.0,3021000000.0,3847000000.0,0.0,9720000000.0,12000000.0,,116000000.0,2750000000.0,,578000000.0,2936000000.0,-166000000.0,3102000000.0,2558000000.0,1000000.0,2558000000.0,,1663000000.0,312000000.0,,,525000000.0,,2458000000.0,114000000.0,780000000.0,,,,228000000.0,,,,,,,,,15000000.0,,,,,,,,,,,,,2000000.0,,,,-1000000.0,-487000000.0,,,,,,,,,,,,
EL.PA,EssilorLuxottica,balance_sheet,2022-12-31,2360650.0,445327583.0,447688233.0,7062000000.0,12204000000.0,-5401000000.0,46477000000.0,752000000.0,-5401000000.0,3182000000.0,37455000000.0,46313000000.0,38147000000.0,692000000.0,37455000000.0,,2152000000.0,23066000000.0,81000000.0,81000000.0,22414000000.0,14526000000.0,43000000.0,153000000.0,431000000.0,,2377000000.0,11194000000.0,2336000000.0,8858000000.0,302000000.0,7888000000.0,1408000000.0,1010000000.0,846000000.0,164000000.0,283000000.0,4924000000.0,515000000.0,2112000000.0,2297000000.0,60561000000.0,51920000000.0,817000000.0,254000000.0,408000000.0,309000000.0,307000000.0,83000000.0,,,,42856000000.0,12122000000.0,30734000000.0,7756000000.0,-5409000000.0,13165000000.0,,6552000000.0,4168000000.0,2972000000.0,3641000000.0,0.0,8640000000.0,29000000.0,0.0,121000000.0,2789000000.0,,556000000.0,2697000000.0,-180000000.0,2877000000.0,1960000000.0,,1960000000.0,,1756000000.0,360000000.0,0.0,,258000000.0,,2365000000.0,110000000.0,790000000.0,,,,213000000.0,,1401000000.0,,,,,,,26000000.0,,,,,,,,,,,,,2000000.0,,,,1000000.0,-477000000.0,,,,,,,,,,,,
EL.PA,EssilorLuxottica,balance_sheet,2021-12-31,,,,,,,,,,,,,,,,-1000000.0,,,,,,,,,,27000000.0,,,,,,,,,,,,,,,,,,,258000000.0,,,,,,,,,,,,-4886000000.0,,,,,,,0.0,,42000000.0,82000000.0,82000000.0,,20000000.0,,,-220000000.0,,,,,,1588000000.0,,51000000.0,,,,,101000000.0,,,,,195000000.0,,1514000000.0,,,,,,,,,,,,,,,,,,,,2000000.0,,,,,,,,,,,,,,,,,
ERF.PA,Eurofins Scientific,balance_sheet,2025-12-31,5466676.0,176696324.0,182163000.0,3204900000.0,4432000000.0,-803800000.0,8539400000.0,223900000.0,-803800000.0,435900000.0,4543300000.0,7950500000.0,4576700000.0,33400000.0,4543300000.0,999900000.0,3023700000.0,,1800000.0,1800000.0,6408700000.0,3979100000.0,100000.0,9700000.0,64200000.0,,121100000.0,3705300000.0,298100000.0,3407200000.0,28900000.0,2429600000.0,100000.0,726700000.0,137800000.0,588900000.0,27100000.0,1458300000.0,167700000.0,612500000.0,,10985400000.0,8331900000.0,,,116400000.0,100200000.0,100200000.0,5300000.0,,,5300000.0,5347100000.0,689900000.0,4657200000.0,2762900000.0,-3015200000.0,5778000000.0,240200000.0,87000000.0,2634500000.0,623700000.0,2192600000.0,0.0,2653500000.0,3000000.0,,76100000.0,139300000.0,430700000.0,116200000.0,1096900000.0,-58900000.0,1155800000.0,791200000.0,,791200000.0,251600000.0,539600000.0,298900000.0,,,100000.0,,,,,,,,,,,,,,,,,49800000.0,,,,,,,,,,,,,0.0,,,,,,,,,,,,,,,,,
ERF.PA,Eurofins Scientific,balance_sheet,2024-12-31,6199371.0,186781812.0,192981183.0,2388900000.0,3610300000.0,-289600000.0,8341800000.0,342000000.0,-289600000.0,607500000.0,5339000000.0,8013200000.0,5384800000.0,45800000.0,5339000000.0,1000100000.0,2692200000.0,,1900000.0,1900000.0,5503600000.0,3393400000.0,,0.0,66400000.0,,109500000.0,3131500000.0,457300000.0,2674200000.0,23200000.0,2110200000.0,-100000.0,478800000.0,150200000.0,328600000.0,32800000.0,1402800000.0,158800000.0,598100000.0,,10888400000.0,8436100000.0,,,130300000.0,111500000.0,111500000.0,5900000.0,,,5900000.0,5628600000.0,787900000.0,4840700000.0,2559800000.0,-2875200000.0,5435100000.0,227100000.0,86900000.0,2622100000.0,775500000.0,1723500000.0,0.0,2452200000.0,2000000.0,,85700000.0,141900000.0,412700000.0,101800000.0,1094400000.0,-60500000.0,1154900000.0,613900000.0,,613900000.0,83300000.0,530600000.0,307800000.0,,,-200000.0,,,,,,,,,,,,,,,,,62800000.0,,,,,,,,,,,,,0.0,,,,156800000.0,-14900000.0,,,,,,,,,,,,
ERF.PA,Eurofins Scientific,balance_sheet,2023-12-31,955858.0,192025325.0,192981183.0,2126500000.0,3926500000.0,-269900000.0,8425200000.0,944700000.0,-269900000.0,578800000.0,5077500000.0,7966900000.0,5137400000.0,59900000.0,5077500000.0,1000000000.0,2393800000.0,,1900000.0,1900000.0,5751200000.0,3629500000.0,100000.0,,66200000.0,,110000000.0,3325500000.0,436100000.0,2889400000.0,20900000.0,2121700000.0,100000.0,601000000.0,142700000.0,458300000.0,21400000.0,1306400000.0,157100000.0,549100000.0,,10888600000.0,7822200000.0,,,93800000.0,78300000.0,78300000.0,5300000.0,,,5300000.0,5347400000.0,796000000.0,4551400000.0,2297400000.0,-2621700000.0,4919100000.0,206400000.0,87000000.0,2375300000.0,795600000.0,1454800000.0,0.0,3066400000.0,4300000.0,,84900000.0,139000000.0,425900000.0,118300000.0,1072800000.0,-63300000.0,1136100000.0,1221200000.0,,1221200000.0,472100000.0,749100000.0,54900000.0,,,,,,,,,,,,,,,,,,,,106800000.0,,,,,,,,,,,,,0.0,,,,156700000.0,-17700000.0,,,,,,,,,,,,
ERF.PA,Eurofins Scientific,balance_sheet,2022-12-31,219560.0,192520023.0,192739583.0,2311300000.0,3325500000.0,-661000000.0,7580000000.0,541100000.0,-661000000.0,527600000.0,4782100000.0,7494900000.0,4851000000.0,68900000.0,4782100000.0,582800000.0,2333000000.0,,1900000.0,1900000.0,5232500000.0,3460300000.0,,,59500000.0,,133600000.0,3111800000.0,399000000.0,2712800000.0,19200000.0,1772200000.0,,213700000.0,128600000.0,85100000.0,34500000.0,1339800000.0,152000000.0,540100000.0,,10083500000.0,7770200000.0,,,75700000.0,78500000.0,75900000.0,5200000.0,,,5200000.0,5443100000.0,919000000.0,4524100000.0,2167700000.0,-2569100000.0,4736700000.0,234400000.0,950600000.0,2269300000.0,,1282400000.0,0.0,2313300000.0,5600000.0,,78300000.0,145600000.0,408400000.0,135600000.0,1053300000.0,-57900000.0,1111200000.0,486600000.0,,486600000.0,54400000.0,432200000.0,14200000.0,,,-100000.0,,,,,,,,,,,,,,,,,136200000.0,,,,,,,,,,,,,2600000.0,,,,173600000.0,-28000000.0,,,,,,,,,,,,
ERF.PA,Eurofins Scientific,balance_sheet,2021-12-31,,,,,,,,,,,,,,,,,,,,,,,200000.0,,,,,,,,,,-200000.0,,,,,,,,,,,,,,,,,,,,,,,,,,,,,,,,,,,,,,,,,,,,,,,,,,,,,,,,,,,,,,,,,,,,,,,,,,,,,,,,,,,,193000000.0,-38800000.0,,,,,,,,,,,,
RMS.PA,Hermes,balance_sheet,2025-12-31,733097.0,104836315.0,105569412.0,,2346000000.0,18430000000.0,18876000000.0,12725000000.0,18430000000.0,2312000000.0,18842000000.0,18876000000.0,18848000000.0,6000000.0,18842000000.0,,4524000000.0,50000000.0,54000000.0,54000000.0,5474000000.0,2288000000.0,69000000.0,,146000000.0,,14000000.0,2021000000.0,1987000000.0,34000000.0,38000000.0,3186000000.0,755000000.0,325000000.0,325000000.0,0.0,122000000.0,1244000000.0,166000000.0,452000000.0,626000000.0,24322000000.0,8412000000.0,176000000.0,,914000000.0,1195000000.0,1195000000.0,227000000.0,,,227000000.0,412000000.0,232000000.0,180000000.0,5488000000.0,-4406000000.0,9894000000.0,477000000.0,1642000000.0,2565000000.0,4214000000.0,996000000.0,0.0,15911000000.0,262000000.0,,,2575000000.0,370000000.0,45000000.0,418000000.0,-4000000.0,422000000.0,12239000000.0,,12239000000.0,,,677000000.0,,48000000.0,2000000.0,,2733000000.0,,1271000000.0,,,,,,679000000.0,,,,,,,72000000.0,,,,,,,,,,,,,,,,,,-1429000000.0,,,621000000.0,,,,,,,,,
RMS.PA,Hermes,balance_sheet,2024-12-31,731644.0,104837768.0,105569412.0,,2174000000.0,16861000000.0,17388000000.0,11847000000.0,16861000000.0,2113000000.0,17327000000.0,17388000000.0,17334000000.0,7000000.0,17327000000.0,,4603000000.0,50000000.0,54000000.0,54000000.0,5750000000.0,2121000000.0,68000000.0,,173000000.0,,5000000.0,1842000000.0,1781000000.0,61000000.0,33000000.0,3629000000.0,758000000.0,332000000.0,332000000.0,0.0,96000000.0,1605000000.0,149000000.0,773000000.0,683000000.0,23084000000.0,7608000000.0,1000000.0,,929000000.0,1049000000.0,1049000000.0,238000000.0,,,238000000.0,466000000.0,238000000.0,228000000.0,4766000000.0,-4049000000.0,8815000000.0,370000000.0,1432000000.0,2426000000.0,3898000000.0,689000000.0,0.0,15476000000.0,132000000.0,,,2797000000.0,398000000.0,28000000.0,478000000.0,-4000000.0,482000000.0,11642000000.0,,11642000000.0,,,670000000.0,,51000000.0,1000000.0,,2694000000.0,,1320000000.0,,,,,,677000000.0,,,,,,,69000000.0,,,,,,,,,,,,,,,,,,-1217000000.0,,,471000000.0,,,,,,,,,
RMS.PA,Hermes,balance_sheet,2023-12-31,839115.0,104730297.0,105569412.0,,2060000000.0,14905000000.0,15254000000.0,10825000000.0,14905000000.0,2009000000.0,15203000000.0,15253000000.0,15205000000.0,2000000.0,15203000000.0,,4311000000.0,50000000.0,54000000.0,54000000.0,5242000000.0,2059000000.0,-1000000.0,,151000000.0,,2000000.0,1770000000.0,1720000000.0,50000000.0,31000000.0,3183000000.0,-1000000.0,290000000.0,289000000.0,1000000.0,134000000.0,2699000000.0,1428000000.0,586000000.0,685000000.0,20447000000.0,6438000000.0,-1000000.0,,631000000.0,1140000000.0,1140000000.0,200000000.0,,,200000000.0,298000000.0,226000000.0,72000000.0,4063000000.0,-1242000000.0,5305000000.0,385000000.0,3001000000.0,1551000000.0,2304000000.0,348000000.0,0.0,14008000000.0,188000000.0,,,2414000000.0,300000000.0,51000000.0,431000000.0,-3000000.0,434000000.0,10625000000.0,,10625000000.0,,,698000000.0,,,-1000000.0,,1972000000.0,,1299000000.0,,,7000000.0,,,16000000.0,,,,,,,106000000.0,,,,,,,,,,,,,,,,,-1000000.0,-856000000.0,,,553000000.0,,,,,,,,,
RMS.PA,Hermes,balance_sheet,2022-12-31,1033625.0,104535787.0,105569412.0,,1934000000.0,12228000000.0,12478000000.0,8824000000.0,12228000000.0,1897000000.0,12441000000.0,12476000000.0,12457000000.0,16000000.0,12441000000.0,,3367000000.0,50000000.0,54000000.0,54000000.0,5002000000.0,1998000000.0,103000000.0,,181000000.0,,20000000.0,1664000000.0,1629000000.0,35000000.0,30000000.0,3004000000.0,1239000000.0,270000000.0,268000000.0,2000000.0,133000000.0,2512000000.0,1357000000.0,496000000.0,659000000.0,17459000000.0,5630000000.0,-1000000.0,,555000000.0,1109000000.0,1109000000.0,54000000.0,,,54000000.0,213000000.0,213000000.0,0.0,3588000000.0,-2120000000.0,5708000000.0,209000000.0,1328000000.0,1433000000.0,2547000000.0,191000000.0,0.0,11828000000.0,160000000.0,,,1779000000.0,263000000.0,19000000.0,383000000.0,-3000000.0,386000000.0,9225000000.0,,9225000000.0,,,674000000.0,,,-1000000.0,,1614000000.0,,960000000.0,,,8000000.0,,,15000000.0,,,,,,,103000000.0,,,,,,,,,,,,,,,,,,-795000000.0,,,546000000.0,,,,,,,,,
RMS.PA,Hermes,balance_sheet,2021-12-31,,,,,,,,,,,,,,,,,,,,,,,,,,,,,,,,,,,,,,,,,,,,,,,,,,,,,,,,,,,,,,,,,,,,,,,,,,,,,,4771000000.0,1925000000.0,,,,,,,,,,,9000000.0,,,,,,,,,,,,,,,,,,,,,,,,,,,1000000.0,,,,,,,,,,,,,
KER.PA,Kering,balance_sheet,2025-12-31,800427.0,122620351.0,123420778.0,7624000000.0,18149000000.0,2956000000.0,26643000000.0,7960000000.0,2956000000.0,6212000000.0,14706000000.0,24824000000.0,15515000000.0,809000000.0,14706000000.0,,,,493000000.0,493000000.0,25667000000.0,17615000000.0,139000000.0,228000000.0,87000000.0,,1779000000.0,15150000000.0,5032000000.0,10118000000.0,232000000.0,8052000000.0,1716000000.0,2999000000.0,1180000000.0,1819000000.0,186000000.0,2570000000.0,,519000000.0,1898000000.0,41182000000.0,25171000000.0,12000000.0,233000000.0,1725000000.0,236000000.0,236000000.0,2080000000.0,,,2080000000.0,11750000000.0,8083000000.0,3667000000.0,9072000000.0,-8707000000.0,17779000000.0,,10630000000.0,6020000000.0,,,1129000000.0,16012000000.0,94000000.0,5251000000.0,,3678000000.0,8000000.0,486000000.0,824000000.0,-90000000.0,914000000.0,4313000000.0,102000000.0,4313000000.0,2107000000.0,2206000000.0,312000000.0,,,1358000000.0,,4011000000.0,,1032000000.0,,,,,,13000000.0,,,,,,,,,,,,,,,,,,,,,,,,,-1365000000.0,,153000000.0,,,,,,,,,,
KER.PA,Kering,balance_sheet,2024-12-31,819085.0,122601693.0,123420778.0,10517000000.0,20142000000.0,-660000000.0,28234000000.0,2107000000.0,-788000000.0,6107000000.0,14904000000.0,25278000000.0,15730000000.0,826000000.0,14904000000.0,,,,493000000.0,493000000.0,27616000000.0,18025000000.0,279000000.0,,13000000.0,,1985000000.0,15612000000.0,5056000000.0,10374000000.0,51000000.0,9591000000.0,1889000000.0,4530000000.0,1051000000.0,3479000000.0,191000000.0,2871000000.0,,528000000.0,2098000000.0,43346000000.0,31648000000.0,27000000.0,254000000.0,1651000000.0,235000000.0,235000000.0,1762000000.0,,,,15564000000.0,9287000000.0,6277000000.0,12023000000.0,-8181000000.0,12152000000.0,,12152000000.0,6272000000.0,,,,11698000000.0,35000000.0,1075000000.0,,3992000000.0,7000000.0,680000000.0,1003000000.0,,1058000000.0,3518000000.0,42000000.0,3518000000.0,,2274000000.0,365000000.0,,,1388000000.0,,4439000000.0,,,,,,,,85000000.0,,,,,,,,,,,,,,,,,,,,,,,,,,,245000000.0,,,,,,,,,,
KER.PA,Kering,balance_sheet,2023-12-31,838847.0,122580181.0,123419028.0,7792000000.0,17109000000.0,-206000000.0,26926000000.0,3300000000.0,-206000000.0,5395000000.0,15212000000.0,24573000000.0,16010000000.0,798000000.0,15212000000.0,,,,493000000.0,493000000.0,25357000000.0,16726000000.0,311000000.0,678000000.0,68000000.0,,1776000000.0,13872000000.0,4511000000.0,9361000000.0,21000000.0,8631000000.0,1848000000.0,3237000000.0,884000000.0,2353000000.0,163000000.0,3288000000.0,,536000000.0,2200000000.0,41367000000.0,29437000000.0,12000000.0,232000000.0,1520000000.0,303000000.0,303000000.0,1750000000.0,,,1750000000.0,15418000000.0,8305000000.0,7113000000.0,10199000000.0,-6885000000.0,17084000000.0,,7028000000.0,5617000000.0,1758000000.0,2681000000.0,0.0,11931000000.0,122000000.0,0.0,,4550000000.0,14000000.0,765000000.0,1152000000.0,-26000000.0,1178000000.0,3922000000.0,136000000.0,3922000000.0,819000000.0,3103000000.0,450000000.0,,,1406000000.0,,4981000000.0,,1094000000.0,,,,,,12000000.0,,,,,,,,,,,,,,,,,,,,,,,,,-1525000000.0,,552000000.0,,,,,,,,,,
KER.PA,Kering,balance_sheet,2022-12-31,1850408.0,122220370.0,124070778.0,1624000000.0,11192000000.0,2465000000.0,19958000000.0,3156000000.0,2465000000.0,5232000000.0,13998000000.0,17683000000.0,14783000000.0,785000000.0,13998000000.0,,,,496000000.0,496000000.0,19158000000.0,10652000000.0,229000000.0,661000000.0,66000000.0,,1572000000.0,8105000000.0,4420000000.0,3685000000.0,19000000.0,8506000000.0,1726000000.0,3087000000.0,812000000.0,2275000000.0,168000000.0,3388000000.0,,567000000.0,2263000000.0,33941000000.0,22279000000.0,5000000.0,226000000.0,1640000000.0,629000000.0,629000000.0,49000000.0,,,49000000.0,11533000000.0,7479000000.0,4054000000.0,8197000000.0,-5919000000.0,14116000000.0,,8238000000.0,4955000000.0,1581000000.0,923000000.0,0.0,11662000000.0,163000000.0,0.0,,4466000000.0,3000000.0,378000000.0,1180000000.0,-27000000.0,1207000000.0,4336000000.0,,4336000000.0,330000000.0,4006000000.0,1028000000.0,,,1136000000.0,,4707000000.0,,1102000000.0,,416000000.0,,,,12000000.0,,,,,,,,,,,,,,,,,,,,9000000.0,,,,,-1343000000.0,,558000000.0,,,,,,,,,,
KER.PA,Kering,balance_sheet,2021-12-31,,,,,,,,,,,,,,,,,,,,,,,,300000000.0,,,,,,,,,,,,,,,,,,,,,,,,,,,,31000000.0,,,,,,,,,,,,672000000.0,,,,,,,,,-31000000.0,,,,,1924000000.0,,,,,,,,,940000000.0,,,,,,,,,,,,,,,,,,,,,,,,,,,,,,,-1858000000.0,,,,,,,,,,,,
OR.PA,L'Oreal,balance_sheet,2025-12-31,,533783028.0,533783028.0,253700000.0,11916100000.0,15411500000.0,45071900000.0,6832000000.0,15411500000.0,1797400000.0,34953200000.0,43023000000.0,35003800000.0,50600000.0,34953200000.0,-100000.0,6127200000.0,3509800000.0,106800000.0,106800000.0,26817400000.0,11450900000.0,-100000.0,,684000000.0,,1013200000.0,9432700000.0,1362900000.0,8069800000.0,84500000.0,15366500000.0,394700000.0,2483400000.0,434500000.0,2048900000.0,1117700000.0,9420700000.0,261000000.0,2432000000.0,6727700000.0,61821200000.0,39622700000.0,540800000.0,,962700000.0,12142300000.0,12142300000.0,376000000.0,,,,19541700000.0,5072000000.0,14469700000.0,5875100000.0,-7260900000.0,13136000000.0,,3006400000.0,6214000000.0,1130700000.0,2784900000.0,0.0,22198500000.0,214100000.0,,599400000.0,4543300000.0,,897900000.0,5500300000.0,-27000000.0,5527300000.0,9896200000.0,31200000.0,9865000000.0,4986400000.0,4878700000.0,0.0,,,547300000.0,,3916900000.0,,1123100000.0,,,,,,,,,,,,,236600000.0,,,,,,,,,,,,,,,,,,-496700000.0,,,,,,,,,,,,
OR.PA,L'Oreal,balance_sheet,2024-12-31,,534312021.0,534312021.0,2516100000.0,8495000000.0,15156500000.0,39701700000.0,1837500000.0,15156500000.0,1926600000.0,33133300000.0,38320400000.0,33137800000.0,4500000.0,33133300000.0,,6408700000.0,3444300000.0,106900000.0,106900000.0,23215600000.0,8579600000.0,,,668900000.0,,964500000.0,6645100000.0,1458000000.0,5187100000.0,76800000.0,14636000000.0,375200000.0,1849900000.0,468600000.0,1381300000.0,1093100000.0,9219700000.0,315100000.0,2436100000.0,6468500000.0,56353400000.0,39879900000.0,471400000.0,,973300000.0,14210700000.0,14210700000.0,126400000.0,,,,17976800000.0,4594800000.0,13382000000.0,5965300000.0,-7421600000.0,13386900000.0,,3302300000.0,6154500000.0,1134100000.0,2796000000.0,0.0,16473500000.0,150100000.0,,522500000.0,4630100000.0,,902300000.0,5601800000.0,-29200000.0,5631000000.0,4081400000.0,29100000.0,4052300000.0,1829300000.0,2223000000.0,0.0,,,585300000.0,,4019200000.0,,1095200000.0,,,,,,,,,,,,,224300000.0,,,,,,,,,,,,,,,,,,-484300000.0,,,,,,,,,,,,
OR.PA,L'Oreal,balance_sheet,2023-12-31,0.0,534725475.0,534725475.0,2549900000.0,8692000000.0,11684600000.0,35912300000.0,1425700000.0,11684600000.0,1854000000.0,29074300000.0,33820900000.0,29081600000.0,7300000.0,29074300000.0,-100000.0,6184000000.0,3370200000.0,106900000.0,106900000.0,22773500000.0,7873800000.0,-100000.0,,562000000.0,,846600000.0,6140800000.0,1394200000.0,4746600000.0,68800000.0,14899700000.0,420800000.0,2551200000.0,459800000.0,2091400000.0,977200000.0,9021700000.0,290100000.0,2384600000.0,6347000000.0,51855100000.0,35529700000.0,329400000.0,,921200000.0,11131300000.0,11131300000.0,27000000.0,,,,17389700000.0,4287100000.0,13102600000.0,5560100000.0,-7138100000.0,5560100000.0,,4464200000.0,5869600000.0,1095900000.0,2662400000.0,0.0,16325400000.0,177700000.0,,655800000.0,4482400000.0,,1056000000.0,5092700000.0,-32800000.0,5125500000.0,4321200000.0,33100000.0,4288100000.0,624100000.0,3664000000.0,0.0,,,539600000.0,,3826900000.0,,1156100000.0,,,,,,,,,,,,,255700000.0,,,,,,,,,,,,,,,,,,-500600000.0,,,,,,,,,,,,
OR.PA,L'Oreal,balance_sheet,2022-12-31,,535186562.0,535186562.0,1412700000.0,5650900000.0,11820700000.0,31208900000.0,330000000.0,11820700000.0,1620500000.0,27178500000.0,30196100000.0,27186500000.0,8000000.0,27178500000.0,,5706600000.0,3368700000.0,107000000.0,107000000.0,19657700000.0,5938100000.0,200000.0,,457900000.0,,905600000.0,4231100000.0,1213500000.0,3017600000.0,67700000.0,13719600000.0,4484400000.0,1419800000.0,407000000.0,1012800000.0,1205600000.0,6609800000.0,418000000.0,264200000.0,6345600000.0,46844200000.0,32794500000.0,399900000.0,,801100000.0,11652800000.0,11113800000.0,18400000.0,,,,15357800000.0,3640100000.0,11717700000.0,4964400000.0,-6834400000.0,4964400000.0,,4964400000.0,5545400000.0,1116400000.0,2489100000.0,0.0,14049600000.0,260900000.0,,617300000.0,4079400000.0,,173900000.0,4755500000.0,-36800000.0,4792300000.0,2617700000.0,23100000.0,2617700000.0,718500000.0,1899200000.0,0.0,,,2423100000.0,,3375500000.0,,1178100000.0,,,,,,,,,,,,,275600000.0,,,,,,,,,,,,,,,,,,-474200000.0,,,,,,,,,,,,
OR.PA,L'Oreal,balance_sheet,2021-12-31,22260000.0,,,,,,,,,,,,,,,,,,,,,,-100000.0,,,,,,,,,,,,,,,,,,,,,,,,,,,,,,,,,,,,,,,,,,,,,,,,,,,,,,,,,,,,,,,,,,,,,,,,,,,,,,,,,,,,,,,,,,,,,,100000.0,,,,,,,,,,,,,
LR.PA,Legrand,balance_sheet,2025-12-31,612474.0,261633259.0,262245733.0,3797700000.0,6603800000.0,-2922800000.0,13464400000.0,2685100000.0,-2922800000.0,433600000.0,7294200000.0,13009000000.0,7334000000.0,39800000.0,7294200000.0,,7119700000.0,,1049000000.0,1049000000.0,10258800000.0,7374500000.0,,,125300000.0,,1012000000.0,6059300000.0,344500000.0,5714800000.0,177900000.0,2884300000.0,65700000.0,544500000.0,89100000.0,455400000.0,162100000.0,1324400000.0,97500000.0,162900000.0,1064000000.0,17592800000.0,12023400000.0,187200000.0,,210800000.0,,,0.0,,0.0,,10217000000.0,2587300000.0,7629700000.0,1381200000.0,-2847300000.0,4228500000.0,442300000.0,86100000.0,2143700000.0,1501100000.0,55300000.0,0.0,5569400000.0,,,89800000.0,1466700000.0,93000000.0,311000000.0,1226900000.0,-102500000.0,1329400000.0,2373300000.0,800000.0,2372500000.0,,,,,,,8700000.0,801400000.0,246400000.0,686900000.0,,27200000.0,,,,402400000.0,,,,,,,,,,,,,,,,,,,,,,,,,-268000000.0,,,,,,,,,,,,
LR.PA,Legrand,balance_sheet,2024-12-31,114876.0,262130857.0,262245733.0,2692100000.0,5086200000.0,-2011100000.0,12297700000.0,2385200000.0,-2011100000.0,318900000.0,7530400000.0,11931900000.0,7548100000.0,17700000.0,7530400000.0,,6679900000.0,,1049000000.0,1049000000.0,8526900000.0,5951400000.0,,,137600000.0,,1004000000.0,4642700000.0,241200000.0,4401500000.0,167100000.0,2575500000.0,70900000.0,443500000.0,77700000.0,365800000.0,178100000.0,1206600000.0,88400000.0,154600000.0,963600000.0,16075000000.0,11114300000.0,142400000.0,,178700000.0,0.0,,0.0,,0.0,,9541500000.0,2644300000.0,6897200000.0,1208700000.0,-2794900000.0,4003600000.0,453000000.0,98500000.0,2089700000.0,1307700000.0,54700000.0,0.0,4960700000.0,,,75600000.0,1320900000.0,63000000.0,368200000.0,1051000000.0,-96300000.0,1147300000.0,2076500000.0,1300000.0,2075200000.0,,,,,,,5500000.0,810700000.0,164500000.0,611500000.0,,43000000.0,,,,379800000.0,,,,,,,,,,,,,,,,,,,,,,,,,-265800000.0,,,,,,,,,,,,
LR.PA,Legrand,balance_sheet,2023-12-31,1863478.0,262167814.0,264031292.0,1754500000.0,4821300000.0,-1190400000.0,11259400000.0,2730600000.0,-1190400000.0,284600000.0,6722700000.0,10595400000.0,6734700000.0,12000000.0,6722700000.0,,6126500000.0,,1056100000.0,1056100000.0,8106700000.0,5332300000.0,,,136200000.0,,930300000.0,4089000000.0,216300000.0,3872700000.0,176800000.0,2774400000.0,76300000.0,732300000.0,68300000.0,664000000.0,153900000.0,1191100000.0,81400000.0,173200000.0,936500000.0,14841400000.0,9336400000.0,145500000.0,,141000000.0,0.0,27700000.0,,,,,7913100000.0,2436900000.0,5476200000.0,1109100000.0,-2669200000.0,3778300000.0,432800000.0,78800000.0,1987400000.0,1225300000.0,54000000.0,0.0,5505000000.0,,,69300000.0,1222300000.0,68900000.0,357400000.0,969900000.0,-95900000.0,1065800000.0,2784000000.0,1800000.0,2782200000.0,,,,,,,33200000.0,736900000.0,134900000.0,589500000.0,,27700000.0,,,,362000000.0,,,,,,,,,,,,,,,,,,,,,,,,,-239000000.0,,,,,,,,,,,,
LR.PA,Legrand,balance_sheet,2022-12-31,149515.0,266668231.0,266817746.0,2056000000.0,4665700000.0,-1464900000.0,11026600000.0,2607400000.0,-1464900000.0,276300000.0,6637200000.0,10444100000.0,6642800000.0,5600000.0,6637200000.0,,5900300000.0,,1067300000.0,1067300000.0,7772400000.0,5276500000.0,,,130100000.0,,914600000.0,4014400000.0,207500000.0,3806900000.0,217400000.0,2495900000.0,73300000.0,651300000.0,68800000.0,582500000.0,146400000.0,1053900000.0,55700000.0,145700000.0,852500000.0,14415200000.0,9311900000.0,62100000.0,,133600000.0,0.0,1900000.0,,,,,8102100000.0,2534700000.0,5567400000.0,1012200000.0,-2712100000.0,3724300000.0,400700000.0,75100000.0,1938200000.0,1259600000.0,50700000.0,0.0,5103300000.0,,,82700000.0,1357400000.0,47900000.0,245300000.0,958100000.0,-100600000.0,1058700000.0,2398500000.0,65100000.0,2333400000.0,,,,,,,13400000.0,842700000.0,137400000.0,619200000.0,,1900000.0,,,,339100000.0,,,,,,,,,,,,,,,,,,,,,,,,,-241900000.0,,,,,,,,,,,,
LR.PA,Legrand,balance_sheet,2021-12-31,,,,,,,,,,,,,,,,,,,,,,,,,,,,,,,,,,,,,,,,,,,,,,,0.0,2400000.0,,,,,,,,,,,,,,,,,,,,,,,,,,,,,,,,,,,240400000.0,,,,,,,,,,,,,,,,,,,,,,,,,,,,,,19000000.0,,,,,,,,,,,,,,,,,
MC.PA,LVMH,balance_sheet,2025-12-31,1295928.0,496391012.0,497686940.0,11550000000.0,36731000000.0,25770000000.0,87816000000.0,17763000000.0,25770000000.0,16387000000.0,67472000000.0,79891000000.0,68949000000.0,1477000000.0,67472000000.0,1000000.0,10878000000.0,0.0,149000000.0,149000000.0,73088000000.0,42672000000.0,6852000000.0,70000000.0,112000000.0,,6993000000.0,25803000000.0,13384000000.0,12419000000.0,1496000000.0,30416000000.0,1910000000.0,10928000000.0,3003000000.0,7925000000.0,1236000000.0,10346000000.0,,2123000000.0,8223000000.0,142037000000.0,93858000000.0,128000000.0,541000000.0,3738000000.0,1891000000.0,1891000000.0,1214000000.0,,,,41702000000.0,23387000000.0,18315000000.0,44018000000.0,-30669000000.0,74687000000.0,2098000000.0,11817000000.0,,40571000000.0,20201000000.0,0.0,48179000000.0,677000000.0,2796000000.0,1060000000.0,22659000000.0,745000000.0,2409000000.0,4332000000.0,-134000000.0,4466000000.0,13502000000.0,4708000000.0,8794000000.0,3503000000.0,5291000000.0,759000000.0,,88000000.0,-1000000.0,,10955000000.0,7515000000.0,4189000000.0,,,316000000.0,,,2928000000.0,,,,,,,1346000000.0,,,,,,,,,,,,,,,,,,,,,1751000000.0,,,,,,,,,
MC.PA,LVMH,balance_sheet,2024-12-31,968882.0,499372818.0,500341700.0,13310000000.0,41203000000.0,20930000000.0,90458000000.0,13775000000.0,20930000000.0,18262000000.0,67517000000.0,79608000000.0,69287000000.0,1770000000.0,67517000000.0,,12550000000.0,53000000.0,150000000.0,150000000.0,79903000000.0,46207000000.0,8698000000.0,105000000.0,129000000.0,,7344000000.0,26951000000.0,14860000000.0,12091000000.0,1632000000.0,33696000000.0,1978000000.0,14252000000.0,3402000000.0,10850000000.0,1317000000.0,11396000000.0,,2766000000.0,8630000000.0,149190000000.0,101719000000.0,128000000.0,602000000.0,4545000000.0,1632000000.0,1632000000.0,1343000000.0,,,,46587000000.0,26280000000.0,20307000000.0,46506000000.0,-32072000000.0,46506000000.0,2394000000.0,46506000000.0,23471000000.0,26808000000.0,20734000000.0,0.0,47471000000.0,319000000.0,0.0,1120000000.0,23669000000.0,1031000000.0,3015000000.0,4731000000.0,-125000000.0,4856000000.0,13587000000.0,3956000000.0,9631000000.0,2766000000.0,6865000000.0,603000000.0,,105000000.0,-1000000.0,,12261000000.0,7035000000.0,4373000000.0,,,319000000.0,,,3157000000.0,,,,,,,1348000000.0,,,,,,,,,,,,,,,,,,,,,1230000000.0,,,,,,,,,
MC.PA,LVMH,balance_sheet,2023-12-31,2535094.0,499513306.0,502048400.0,14133000000.0,38876000000.0,11407000000.0,82924000000.0,10565000000.0,11407000000.0,16969000000.0,61017000000.0,72244000000.0,62701000000.0,1684000000.0,61017000000.0,-1000000.0,15174000000.0,530000000.0,151000000.0,151000000.0,80993000000.0,47848000000.0,12570000000.0,130000000.0,132000000.0,,7012000000.0,25037000000.0,13810000000.0,11227000000.0,1529000000.0,33145000000.0,1880000000.0,13839000000.0,3159000000.0,10680000000.0,1241000000.0,11590000000.0,,2541000000.0,9049000000.0,143694000000.0,99984000000.0,99000000.0,577000000.0,3992000000.0,1363000000.0,1363000000.0,991000000.0,,,,49610000000.0,25588000000.0,24022000000.0,42695000000.0,-18083000000.0,60778000000.0,2125000000.0,39278000000.0,20880000000.0,23782000000.0,19375000000.0,0.0,43710000000.0,543000000.0,,1007000000.0,22952000000.0,850000000.0,2366000000.0,4728000000.0,-115000000.0,4843000000.0,11264000000.0,3490000000.0,7774000000.0,1671000000.0,6103000000.0,1953000000.0,,99000000.0,,,11811000000.0,6582000000.0,4559000000.0,,,315000000.0,681000000.0,,2988000000.0,,,,,,,1438000000.0,,,,,,,,,,,,,,,,,,,,,1392000000.0,,,,,,,,,
MC.PA,LVMH,balance_sheet,2022-12-31,2180399.0,501076940.0,503257339.0,12439000000.0,35147000000.0,4897000000.0,74850000000.0,8197000000.0,4897000000.0,15408000000.0,55111000000.0,65491000000.0,56604000000.0,1493000000.0,55111000000.0,1000000.0,14084000000.0,1289000000.0,151000000.0,151000000.0,78042000000.0,46499000000.0,16391000000.0,206000000.0,123000000.0,,6952000000.0,23156000000.0,12776000000.0,10380000000.0,1529000000.0,31543000000.0,9553000000.0,11991000000.0,2632000000.0,9359000000.0,1209000000.0,9999000000.0,,1211000000.0,8788000000.0,134646000000.0,94906000000.0,1186000000.0,554000000.0,3661000000.0,1109000000.0,1109000000.0,1066000000.0,,,,50214000000.0,25432000000.0,24782000000.0,37670000000.0,-17278000000.0,37670000000.0,1810000000.0,37670000000.0,,13476000000.0,16062000000.0,0.0,39740000000.0,462000000.0,,999000000.0,20319000000.0,875000000.0,375000000.0,4258000000.0,-111000000.0,4369000000.0,7300000000.0,3552000000.0,7300000000.0,1288000000.0,6013000000.0,1293000000.0,,97000000.0,7488000000.0,,10200000000.0,5932000000.0,4187000000.0,,,435000000.0,613000000.0,,2714000000.0,,,,,,,1400000000.0,,,,,,,,,,,,,,,,,,-2723000000.0,,,1286000000.0,,,,,,,,,
MC.PA,LVMH,balance_sheet,2021-12-31,,,,,,,,,,,,,,,,-912000000.0,,,,,,,,,,,,,,,,,,,,,,,,,,,,,,,,,,,,,,,,,,,,,,,,,,,,,,,,,,,,,,,,,,,,,,,,,,,503000000.0,,,,,,,,,,,,,,,,,,,,,,,,,,,,,,,,,,,,,,,
ML.PA,Michelin,balance_sheet,2025-12-31,0.0,687596240.0,687596240.0,1943000000.0,6608000000.0,13471000000.0,23697000000.0,6768000000.0,13471000000.0,983000000.0,18072000000.0,23100000000.0,18076000000.0,4000000.0,18072000000.0,,17014000000.0,1747000000.0,344000000.0,344000000.0,16942000000.0,9439000000.0,168000000.0,21000000.0,2460000000.0,,509000000.0,5754000000.0,726000000.0,5028000000.0,527000000.0,7503000000.0,1128000000.0,854000000.0,257000000.0,597000000.0,433000000.0,4215000000.0,,868000000.0,3347000000.0,35018000000.0,20747000000.0,6000000.0,,971000000.0,634000000.0,634000000.0,931000000.0,644000000.0,,287000000.0,4601000000.0,1944000000.0,2657000000.0,13217000000.0,-22837000000.0,36054000000.0,,2433000000.0,23959000000.0,1751000000.0,,0.0,14271000000.0,64000000.0,,137000000.0,5093000000.0,7000000.0,896000000.0,3459000000.0,-94000000.0,3553000000.0,3972000000.0,290000000.0,3682000000.0,,,0.0,94000000.0,60000000.0,439000000.0,204000000.0,3148000000.0,,1945000000.0,,,,,,858000000.0,,,,,,,,,,,,,,,,,,,,,,,,,,,,,,,,,,,,,
ML.PA,Michelin,balance_sheet,2024-12-31,0.0,705747272.0,705747272.0,2502000000.0,7369000000.0,13676000000.0,24864000000.0,6629000000.0,13676000000.0,1130000000.0,18625000000.0,23522000000.0,18634000000.0,9000000.0,18625000000.0,,16021000000.0,2326000000.0,353000000.0,353000000.0,18718000000.0,10008000000.0,156000000.0,37000000.0,2753000000.0,,544000000.0,5769000000.0,872000000.0,4897000000.0,749000000.0,8710000000.0,1113000000.0,1600000000.0,258000000.0,1342000000.0,440000000.0,4690000000.0,,915000000.0,3775000000.0,37352000000.0,22013000000.0,13000000.0,,1081000000.0,655000000.0,655000000.0,849000000.0,778000000.0,,71000000.0,4949000000.0,2120000000.0,2829000000.0,13982000000.0,-23483000000.0,37465000000.0,,2508000000.0,25077000000.0,1821000000.0,,0.0,15339000000.0,42000000.0,,187000000.0,5699000000.0,171000000.0,950000000.0,3595000000.0,-94000000.0,3689000000.0,4027000000.0,290000000.0,3737000000.0,,,0.0,109000000.0,19000000.0,429000000.0,239000000.0,3497000000.0,,2202000000.0,,,,,,834000000.0,,,,,,,,,,,,,,,,,,,,,,,,,,,,,,,,,,,,,
ML.PA,Michelin,balance_sheet,2023-12-31,161.0,714958065.0,714958226.0,2887000000.0,6222000000.0,13179000000.0,23198000000.0,5925000000.0,13179000000.0,979000000.0,17955000000.0,22623000000.0,17958000000.0,3000000.0,17955000000.0,,15244000000.0,2702000000.0,357000000.0,357000000.0,17237000000.0,9493000000.0,158000000.0,4000000.0,2754000000.0,,497000000.0,5406000000.0,738000000.0,4668000000.0,674000000.0,7744000000.0,1125000000.0,816000000.0,241000000.0,575000000.0,365000000.0,4446000000.0,,841000000.0,3605000000.0,35195000000.0,21526000000.0,15000000.0,,932000000.0,662000000.0,662000000.0,871000000.0,808000000.0,,63000000.0,4776000000.0,1794000000.0,2982000000.0,13342000000.0,-21762000000.0,35104000000.0,,2344000000.0,23536000000.0,1552000000.0,,0.0,13669000000.0,35000000.0,,128000000.0,5447000000.0,148000000.0,834000000.0,3850000000.0,-89000000.0,3939000000.0,2641000000.0,285000000.0,2356000000.0,2144000000.0,371000000.0,0.0,305000000.0,83000000.0,384000000.0,202000000.0,3337000000.0,,2111000000.0,,,,,,976000000.0,,,,,,,,,,,,,,,,,,,,,,,,-1000000.0,,,,,,,,,,,,,
ML.PA,Michelin,balance_sheet,2022-12-31,,714117414.0,714117414.0,3833000000.0,7340000000.0,12877000000.0,23527000000.0,6036000000.0,12877000000.0,923000000.0,17110000000.0,21801000000.0,17116000000.0,6000000.0,17110000000.0,,14146000000.0,2702000000.0,357000000.0,357000000.0,18230000000.0,9192000000.0,695000000.0,14000000.0,2561000000.0,,541000000.0,5381000000.0,690000000.0,4691000000.0,695000000.0,9038000000.0,458000000.0,1959000000.0,233000000.0,1726000000.0,196000000.0,4810000000.0,,799000000.0,4011000000.0,35346000000.0,20272000000.0,10000000.0,,630000000.0,636000000.0,636000000.0,1102000000.0,1045000000.0,,57000000.0,4233000000.0,1803000000.0,2430000000.0,13146000000.0,-21069000000.0,34215000000.0,,2261000000.0,22974000000.0,1403000000.0,,0.0,15074000000.0,153000000.0,,161000000.0,6318000000.0,214000000.0,841000000.0,4205000000.0,-94000000.0,4299000000.0,2869000000.0,285000000.0,2584000000.0,2140000000.0,444000000.0,0.0,231000000.0,55000000.0,1315000000.0,215000000.0,3788000000.0,706000000.0,2530000000.0,,,,,,752000000.0,,,,,,,,,,,,,,,,,,,,,,,,,,,,,,,,,,,,,
ML.PA,Michelin,balance_sheet,2021-12-31,0.0,,,,,,,,,,,,,,,,,,,,,,,,,,,,,,,,,,,,,,,,,,,,,,,,,,,,,,,,,,,,,,,,,,,,,,,,,,,,,,,,,,,,,642000000.0,,,,,,,,,,,,,,,,,,,,,,,,,,,,,,,,,,,,,,,,,,,,
ORA.PA,Orange,balance_sheet,2025-12-31,1456848.0,2658599751.0,2660056599.0,,7522000000.0,-3527000000.0,29739000000.0,2961000000.0,-3527000000.0,7522000000.0,29739000000.0,29739000000.0,33155000000.0,3416000000.0,29739000000.0,4501000000.0,-2261000000.0,16859000000.0,10640000000.0,10640000000.0,74260000000.0,48323000000.0,336000000.0,201000000.0,3424000000.0,,1023000000.0,6089000000.0,6089000000.0,,2716000000.0,25937000000.0,3891000000.0,1433000000.0,1433000000.0,,305000000.0,10779000000.0,2287000000.0,2117000000.0,6375000000.0,107415000000.0,78520000000.0,176000000.0,,552000000.0,1239000000.0,1093000000.0,3564000000.0,,,,33266000000.0,12508000000.0,20758000000.0,39136000000.0,-87093000000.0,126229000000.0,,105586000000.0,3409000000.0,9043000000.0,,0.0,28898000000.0,35000000.0,,682000000.0,743000000.0,1749000000.0,1474000000.0,5165000000.0,-1045000000.0,6210000000.0,15262000000.0,3095000000.0,12167000000.0,,,,,517000000.0,3788000000.0,0.0,638000000.0,,169000000.0,,,,,,2339000000.0,,,,,,,1077000000.0,,,,,,,,,,,,,146000000.0,,,,-1000000.0,-63000000.0,,,,,,,,,,,,
ORA.PA,Orange,balance_sheet,2024-12-31,1836000.0,2658220599.0,2660056599.0,,7366000000.0,-1784000000.0,31773000000.0,-2210000000.0,-1784000000.0,7366000000.0,31773000000.0,31773000000.0,35161000000.0,3388000000.0,31773000000.0,4950000000.0,-676000000.0,16859000000.0,10640000000.0,10640000000.0,68713000000.0,40806000000.0,334000000.0,231000000.0,2274000000.0,,1032000000.0,5992000000.0,5992000000.0,,866000000.0,27907000000.0,3725000000.0,1374000000.0,1374000000.0,,264000000.0,10820000000.0,2373000000.0,1999000000.0,6448000000.0,103874000000.0,78177000000.0,172000000.0,,522000000.0,1119000000.0,985000000.0,3979000000.0,,,,33557000000.0,12457000000.0,21100000000.0,37515000000.0,-84342000000.0,121857000000.0,,101595000000.0,3485000000.0,8648000000.0,,0.0,25697000000.0,109000000.0,,507000000.0,791000000.0,1683000000.0,1449000000.0,5838000000.0,-1036000000.0,6875000000.0,12121000000.0,3355000000.0,8766000000.0,5316000000.0,3449000000.0,,,917000000.0,3199000000.0,0.0,645000000.0,,200000000.0,,,,,,2475000000.0,,,,,,,1084000000.0,,,,,,,,,,,,,134000000.0,,,,1000000.0,-55000000.0,,,,,,,,,,,,
ORA.PA,Orange,balance_sheet,2023-12-31,2429143.0,2657627456.0,2660056599.0,,8568000000.0,-7049000000.0,31825000000.0,-5287000000.0,-7049000000.0,8568000000.0,31825000000.0,31825000000.0,35099000000.0,3274000000.0,31825000000.0,4951000000.0,-625000000.0,16859000000.0,10640000000.0,10640000000.0,74953000000.0,44425000000.0,297000000.0,225000000.0,2551000000.0,,1143000000.0,7099000000.0,7099000000.0,,894000000.0,30528000000.0,2779000000.0,1469000000.0,1469000000.0,215000000.0,321000000.0,11911000000.0,2926000000.0,1943000000.0,7042000000.0,110052000000.0,84812000000.0,192000000.0,,598000000.0,1333000000.0,1333000000.0,1491000000.0,,,,38874000000.0,15099000000.0,23775000000.0,41368000000.0,-90946000000.0,41368000000.0,,33833000000.0,822000000.0,4424000000.0,2289000000.0,0.0,25241000000.0,37000000.0,,868000000.0,1152000000.0,1795000000.0,1473000000.0,6013000000.0,-1058000000.0,7070000000.0,11515000000.0,5897000000.0,5618000000.0,2444000000.0,3173000000.0,,,956000000.0,2388000000.0,0.0,883000000.0,,265000000.0,598000000.0,,,,,2632000000.0,,,,,,,1608000000.0,1143000000.0,2852000000.0,2852000000.0,11911000000.0,,,,,,2824000000.0,12478000000.0,,38000000.0,,,,80000000.0,-76000000.0,,,,2551000000.0,,,,8574000000.0,3172000000.0,,,
ORA.PA,Orange,balance_sheet,2022-12-31,1965171.0,2658091428.0,2660056599.0,31547000000.0,8410000000.0,-6275000000.0,31784000000.0,-2420000000.0,-6275000000.0,8410000000.0,31784000000.0,31784000000.0,34956000000.0,3172000000.0,31784000000.0,4951000000.0,-666000000.0,16859000000.0,10640000000.0,10640000000.0,74694000000.0,45470000000.0,276000000.0,397000000.0,2567000000.0,,1124000000.0,6901000000.0,6901000000.0,32012000000.0,713000000.0,29224000000.0,2526000000.0,1509000000.0,1509000000.0,5539000000.0,145000000.0,12111000000.0,3101000000.0,1943000000.0,7067000000.0,109650000000.0,82849000000.0,216000000.0,,421000000.0,1633000000.0,1633000000.0,1486000000.0,,,,38059000000.0,14946000000.0,23113000000.0,39576000000.0,-86416000000.0,39576000000.0,,31758000000.0,852000000.0,4667000000.0,2299000000.0,0.0,26804000000.0,112000000.0,,851000000.0,1048000000.0,1570000000.0,1414000000.0,6305000000.0,-996000000.0,7301000000.0,13287000000.0,7283000000.0,6004000000.0,3178000000.0,2826000000.0,,,1458000000.0,2217000000.0,0.0,754000000.0,,258000000.0,421000000.0,,,,,2418000000.0,,,,,,,1480000000.0,1124000000.0,2728000000.0,2728000000.0,12111000000.0,,,,,,3119000000.0,9289000000.0,,256000000.0,,,,103000000.0,-67000000.0,,,,2567000000.0,4702000000.0,837000000.0,77000000.0,4667000000.0,2736000000.0,,,
ORA.PA,Orange,balance_sheet,2021-12-31,,,,27731000000.0,,,,,,,,,,,,,,,,,,,,,,,,,,31922000000.0,,,,,,1009000000.0,,,,,,,,,,,,,,,,,,,,,,,,,,,2117000000.0,,,,,,,,,,,,,,,5479000000.0,3142000000.0,,,,,,,,,692000000.0,,,,,,,,,,,,,1185000000.0,2692000000.0,2692000000.0,11710000000.0,,,,,,3290000000.0,8833000000.0,,,,,,,,,,,2798000000.0,3421000000.0,1009000000.0,82000000.0,4930000000.0,2386000000.0,,,
RI.PA,Pernod Ricard,balance_sheet,2025-06-30,613885.0,251655310.0,252269195.0,10325000000.0,12589000000.0,-2709000000.0,27366000000.0,5908000000.0,-2709000000.0,435000000.0,15212000000.0,25647000000.0,16226000000.0,1014000000.0,15212000000.0,,11769000000.0,3052000000.0,391000000.0,391000000.0,20854000000.0,14404000000.0,-2000000.0,1000000.0,265000000.0,,3063000000.0,10779000000.0,344000000.0,10435000000.0,298000000.0,6450000000.0,734000000.0,1810000000.0,91000000.0,1719000000.0,147000000.0,3735000000.0,,1024000000.0,2711000000.0,37080000000.0,24722000000.0,-1000000.0,,1518000000.0,557000000.0,557000000.0,68000000.0,,,68000000.0,17921000000.0,11515000000.0,6406000000.0,4206000000.0,-2966000000.0,7172000000.0,712000000.0,3756000000.0,,2289000000.0,415000000.0,0.0,12358000000.0,18000000.0,65000000.0,180000000.0,8418000000.0,55000000.0,309000000.0,1484000000.0,-93000000.0,1577000000.0,1829000000.0,,1829000000.0,,,,,36000000.0,,,980000000.0,166000000.0,211000000.0,,,,,,,,,,,,,,,,,,,,,,,,,,,,,,7061000000.0,,,,,,,,,,,,,
RI.PA,Pernod Ricard,balance_sheet,2024-06-30,2068400.0,251260348.0,253328748.0,10487000000.0,13618000000.0,-3291000000.0,28919000000.0,6220000000.0,-3291000000.0,448000000.0,15749000000.0,26789000000.0,16797000000.0,1048000000.0,15749000000.0,,12304000000.0,3052000000.0,393000000.0,393000000.0,22388000000.0,15147000000.0,1000000.0,11000000.0,277000000.0,,3153000000.0,11392000000.0,352000000.0,11040000000.0,313000000.0,7241000000.0,750000000.0,2226000000.0,96000000.0,2130000000.0,158000000.0,3935000000.0,750000000.0,1005000000.0,2930000000.0,39185000000.0,25725000000.0,,,1713000000.0,507000000.0,507000000.0,58000000.0,,,58000000.0,19040000000.0,12234000000.0,6806000000.0,3982000000.0,-2874000000.0,6856000000.0,645000000.0,3661000000.0,,2175000000.0,375000000.0,0.0,13461000000.0,8000000.0,395000000.0,169000000.0,8255000000.0,23000000.0,347000000.0,1581000000.0,-91000000.0,1672000000.0,2683000000.0,,2683000000.0,,,,233000000.0,0.0,,,1188000000.0,193000000.0,258000000.0,,,,,,,,,,,,,,,,,,,,,,,,,,,,,,6616000000.0,,,,,,,,,,,,,
RI.PA,Pernod Ricard,balance_sheet,2023-06-30,2363986.0,253267747.0,255631733.0,9778000000.0,11870000000.0,-3281000000.0,27104000000.0,5074000000.0,-3281000000.0,483000000.0,15717000000.0,25568000000.0,16715000000.0,998000000.0,15717000000.0,1000000.0,2262000000.0,3052000000.0,396000000.0,396000000.0,20961000000.0,14026000000.0,,14000000.0,349000000.0,,3134000000.0,10235000000.0,384000000.0,9851000000.0,294000000.0,6935000000.0,721000000.0,1635000000.0,99000000.0,1536000000.0,164000000.0,4409000000.0,721000000.0,948000000.0,3461000000.0,37676000000.0,25667000000.0,-1000000.0,,1870000000.0,439000000.0,439000000.0,37000000.0,,,37000000.0,18998000000.0,12248000000.0,6750000000.0,3903000000.0,-2943000000.0,6846000000.0,489000000.0,3686000000.0,,2147000000.0,524000000.0,0.0,12009000000.0,15000000.0,1000000.0,164000000.0,8104000000.0,44000000.0,258000000.0,1814000000.0,-106000000.0,1920000000.0,1609000000.0,,1609000000.0,,,,230000000.0,5000000.0,-1000000.0,,1395000000.0,6418000000.0,290000000.0,,,,,,,,,,,,,,,,,,,,,,,,,,,,,,1000000.0,,,,,,,,,,,,,
RI.PA,Pernod Ricard,balance_sheet,2022-06-30,1014620.0,256932735.0,257947355.0,8138000000.0,11172000000.0,-1713000000.0,26609000000.0,5804000000.0,-1713000000.0,507000000.0,15944000000.0,25361000000.0,16253000000.0,309000000.0,15944000000.0,,12492000000.0,3052000000.0,400000000.0,400000000.0,19759000000.0,13651000000.0,-2000000.0,18000000.0,361000000.0,,3139000000.0,9817000000.0,400000000.0,9417000000.0,318000000.0,6108000000.0,,1355000000.0,107000000.0,1248000000.0,150000000.0,4594000000.0,526000000.0,1049000000.0,3019000000.0,36012000000.0,24100000000.0,-1000000.0,,1844000000.0,592000000.0,592000000.0,243000000.0,,,243000000.0,17657000000.0,11512000000.0,6145000000.0,3592000000.0,-2774000000.0,6366000000.0,310000000.0,3513000000.0,,2040000000.0,503000000.0,0.0,11912000000.0,32000000.0,15000000.0,134000000.0,7369000000.0,34000000.0,413000000.0,1388000000.0,-127000000.0,1515000000.0,2527000000.0,,2527000000.0,,,,,4000000.0,-16000000.0,,1333000000.0,5823000000.0,213000000.0,,,,,,,,,,,,,,,,,,,,,,,,,,,,,,,,,,,,,,,,,,,
PUB.PA,Publicis,balance_sheet,2025-12-31,3441977.0,250869883.0,254311860.0,,5661000000.0,-3780000000.0,13926000000.0,-824000000.0,-3780000000.0,2182000000.0,10447000000.0,13529000000.0,10424000000.0,-23000000.0,10447000000.0,,,3283000000.0,102000000.0,102000000.0,29586000000.0,5693000000.0,,,275000000.0,,229000000.0,4901000000.0,1819000000.0,3082000000.0,288000000.0,23893000000.0,505000000.0,760000000.0,363000000.0,397000000.0,198000000.0,21718000000.0,1152000000.0,700000000.0,19866000000.0,40010000000.0,16941000000.0,,50000000.0,221000000.0,231000000.0,84000000.0,,,,,14227000000.0,934000000.0,13293000000.0,2138000000.0,-2502000000.0,4640000000.0,,1332000000.0,1056000000.0,2086000000.0,166000000.0,0.0,23069000000.0,,,372000000.0,530000000.0,1576000000.0,487000000.0,15904000000.0,-149000000.0,16053000000.0,4200000000.0,169000000.0,4031000000.0,2625000000.0,1406000000.0,,30000000.0,,,,,218000000.0,,,,,,,22000000.0,,,,,,,,,,,,,,,,,,,,147000000.0,,,,336000000.0,-24000000.0,,,,,,,,,,,,
PUB.PA,Publicis,balance_sheet,2024-12-31,3572113.0,250739747.0,254311860.0,,5175000000.0,-3852000000.0,13775000000.0,-2120000000.0,-3852000000.0,2460000000.0,11060000000.0,12903000000.0,11036000000.0,-24000000.0,11060000000.0,,,3283000000.0,102000000.0,102000000.0,28818000000.0,4702000000.0,,,271000000.0,,172000000.0,3942000000.0,2099000000.0,1843000000.0,317000000.0,24116000000.0,,1233000000.0,361000000.0,872000000.0,249000000.0,21699000000.0,1164000000.0,335000000.0,19375000000.0,39854000000.0,17858000000.0,,43000000.0,237000000.0,244000000.0,366000000.0,79000000.0,,,,14912000000.0,1069000000.0,13843000000.0,2343000000.0,-2558000000.0,4901000000.0,,2343000000.0,1138000000.0,,166000000.0,0.0,21996000000.0,,,336000000.0,361000000.0,2044000000.0,443000000.0,15595000000.0,-168000000.0,,3820000000.0,176000000.0,3644000000.0,2400000000.0,1244000000.0,,31000000.0,,,,,193000000.0,,,,,,,21000000.0,,,,,,,,,,,,,,,,,,,,135000000.0,,,,,-18000000.0,,,,,,,,,,,,
PUB.PA,Publicis,balance_sheet,2023-12-31,3737367.0,250574493.0,254311860.0,,5540000000.0,-3592000000.0,12976000000.0,-1280000000.0,-3592000000.0,2352000000.0,9788000000.0,12250000000.0,9748000000.0,-40000000.0,9788000000.0,,,,102000000.0,102000000.0,26968000000.0,5136000000.0,,,265000000.0,,98000000.0,4454000000.0,1992000000.0,2462000000.0,319000000.0,21832000000.0,837000000.0,1086000000.0,360000000.0,726000000.0,255000000.0,18960000000.0,1122000000.0,761000000.0,17077000000.0,36716000000.0,16164000000.0,,43000000.0,212000000.0,231000000.0,68000000.0,,,,,13380000000.0,958000000.0,12422000000.0,2210000000.0,-2291000000.0,4501000000.0,,1229000000.0,1111000000.0,1992000000.0,169000000.0,0.0,20552000000.0,,,455000000.0,341000000.0,1294000000.0,389000000.0,13400000000.0,-185000000.0,13585000000.0,4673000000.0,423000000.0,4250000000.0,2610000000.0,1640000000.0,,35000000.0,,,,,211000000.0,,,,,,,21000000.0,,,,,,,,,,,,,,,,,,,,163000000.0,,,,153000000.0,-23000000.0,,,,,,,,,,,,
PUB.PA,Publicis,balance_sheet,2022-12-31,2319795.0,251992065.0,254311860.0,,6173000000.0,-4158000000.0,13251000000.0,-1282000000.0,-4158000000.0,2557000000.0,9635000000.0,12624000000.0,9600000000.0,-35000000.0,9635000000.0,,,,102000000.0,102000000.0,26298000000.0,5909000000.0,,,244000000.0,,219000000.0,5186000000.0,2197000000.0,2989000000.0,260000000.0,20389000000.0,584000000.0,987000000.0,360000000.0,627000000.0,271000000.0,17564000000.0,1091000000.0,813000000.0,15660000000.0,35898000000.0,16791000000.0,-1000000.0,48000000.0,186000000.0,449000000.0,449000000.0,55000000.0,,55000000.0,,13793000000.0,1247000000.0,12546000000.0,2364000000.0,-2121000000.0,4485000000.0,,1204000000.0,1168000000.0,1946000000.0,167000000.0,0.0,19107000000.0,50000000.0,,237000000.0,327000000.0,2075000000.0,360000000.0,12089000000.0,-183000000.0,12272000000.0,4616000000.0,,4616000000.0,2819000000.0,1797000000.0,,,,,,,225000000.0,,,,,174000000.0,,20000000.0,,,,,,,,,,,,,,,,,,,,185000000.0,,,,120000000.0,-18000000.0,,,,,,,,,,,,
PUB.PA,Publicis,balance_sheet,2021-12-31,,,,,,,,,,,,,,,,,,,,,,,,,,,,,,,,,672000000.0,,,,,,,,,,,,,,,,25000000.0,,25000000.0,,,,,,,,,,,2421000000.0,,,,21000000.0,,,,,,,,11508000000.0,,,,,,,,,,,,,,,,,147000000.0,,,,,,,,,,,,,,,,,,,,,,,,,,285000000.0,,,,,,,,,,,,,
RNO.PA,Renault,balance_sheet,2025-12-31,5881947.0,289840337.0,295722284.0,49443000000.0,68939000000.0,14998000000.0,89176000000.0,2240000000.0,14998000000.0,554000000.0,20791000000.0,25261000000.0,22296000000.0,1505000000.0,20791000000.0,,-10931000000.0,3785000000.0,1127000000.0,1127000000.0,98714000000.0,10241000000.0,270000000.0,13000000.0,1063000000.0,481000000.0,1335000000.0,4890000000.0,420000000.0,4470000000.0,1794000000.0,88473000000.0,6375000000.0,64049000000.0,134000000.0,63915000000.0,1323000000.0,12251000000.0,,1615000000.0,10636000000.0,121010000000.0,30297000000.0,1449000000.0,532000000.0,709000000.0,0.0,,6997000000.0,,2868000000.0,4129000000.0,5793000000.0,5040000000.0,753000000.0,14522000000.0,-31495000000.0,46017000000.0,1443000000.0,27232000000.0,12498000000.0,4310000000.0,534000000.0,0.0,90713000000.0,494000000.0,,,5622000000.0,3141000000.0,2267000000.0,58296000000.0,-1926000000.0,60222000000.0,19283000000.0,341000000.0,18942000000.0,,,262000000.0,,12000000.0,4796000000.0,1072000000.0,2483000000.0,271000000.0,1816000000.0,479000000.0,,,538000000.0,0.0,1211000000.0,0.0,,,,,,6000000.0,,,,,,,,,,,,,,,,,1052000000.0,,,,212000000.0,,,,,,,4000000.0,,
RNO.PA,Renault,balance_sheet,2024-12-31,5819889.0,289902395.0,295722284.0,48165000000.0,70265000000.0,25145000000.0,100030000000.0,3904000000.0,25145000000.0,544000000.0,30309000000.0,36670000000.0,31102000000.0,793000000.0,30309000000.0,,752000000.0,3785000000.0,1127000000.0,1127000000.0,98264000000.0,11715000000.0,271000000.0,49000000.0,1113000000.0,586000000.0,1199000000.0,6802000000.0,441000000.0,6361000000.0,1272000000.0,86549000000.0,6177000000.0,63463000000.0,103000000.0,63360000000.0,1083000000.0,11546000000.0,,1737000000.0,9809000000.0,129366000000.0,38913000000.0,,278000000.0,631000000.0,0.0,,17121000000.0,,58000000.0,17063000000.0,5164000000.0,4677000000.0,487000000.0,13861000000.0,-30536000000.0,44397000000.0,1236000000.0,26395000000.0,11944000000.0,4338000000.0,484000000.0,0.0,90453000000.0,629000000.0,0.0,,5468000000.0,3168000000.0,2230000000.0,55345000000.0,-1901000000.0,57246000000.0,22089000000.0,533000000.0,21556000000.0,,,281000000.0,,48000000.0,,986000000.0,2507000000.0,325000000.0,1790000000.0,216000000.0,,,538000000.0,0.0,1423000000.0,0.0,,,,,,8000000.0,,,,,,,,,,,,,,,,,846000000.0,,,,-93000000.0,,,,,,,0.0,,
RNO.PA,Renault,balance_sheet,2023-12-31,5324520.0,290397764.0,295722284.0,44739000000.0,65083000000.0,25126000000.0,94280000000.0,8400000000.0,25126000000.0,555000000.0,29752000000.0,37751000000.0,30634000000.0,882000000.0,29752000000.0,,2198000000.0,3785000000.0,1127000000.0,1127000000.0,91279000000.0,13346000000.0,189000000.0,71000000.0,1071000000.0,742000000.0,1153000000.0,8460000000.0,461000000.0,7999000000.0,1224000000.0,77933000000.0,5684000000.0,56623000000.0,94000000.0,56529000000.0,1130000000.0,9378000000.0,,1413000000.0,7965000000.0,121913000000.0,35580000000.0,,65000000.0,670000000.0,0.0,,16631000000.0,,77000000.0,16554000000.0,4626000000.0,4364000000.0,262000000.0,12251000000.0,-29769000000.0,42020000000.0,1610000000.0,23932000000.0,11854000000.0,4139000000.0,485000000.0,0.0,86333000000.0,392000000.0,4022000000.0,,4924000000.0,2997000000.0,1997000000.0,50440000000.0,-1879000000.0,52319000000.0,20289000000.0,500000000.0,19789000000.0,,,212000000.0,,55000000.0,,888000000.0,2308000000.0,246000000.0,1526000000.0,171000000.0,,,384000000.0,0.0,1462000000.0,0.0,,,,,,11000000.0,,,,,,,,,,,,,,,,,844000000.0,,,,-111000000.0,,,,,,,20000000.0,,
RNO.PA,Renault,balance_sheet,2022-12-31,5310961.0,290411323.0,295722284.0,41605000000.0,62763000000.0,24249000000.0,91159000000.0,8715000000.0,24249000000.0,553000000.0,28949000000.0,38809000000.0,29690000000.0,741000000.0,28949000000.0,,-354000000.0,3785000000.0,1127000000.0,1127000000.0,88602000000.0,15557000000.0,226000000.0,99000000.0,1029000000.0,1133000000.0,1336000000.0,10306000000.0,446000000.0,9860000000.0,1082000000.0,73045000000.0,4855000000.0,52457000000.0,107000000.0,52350000000.0,1087000000.0,9936000000.0,,1531000000.0,8405000000.0,118292000000.0,36532000000.0,,102000000.0,593000000.0,0.0,,18273000000.0,,63000000.0,18210000000.0,4700000000.0,4427000000.0,273000000.0,11705000000.0,-29037000000.0,40742000000.0,1052000000.0,33266000000.0,,5965000000.0,459000000.0,0.0,81760000000.0,942000000.0,3861000000.0,419000000.0,5213000000.0,2240000000.0,1479000000.0,45245000000.0,-1912000000.0,47157000000.0,21192000000.0,587000000.0,20605000000.0,10713000000.0,9892000000.0,208000000.0,,85000000.0,,1169000000.0,2630000000.0,245000000.0,1485000000.0,136000000.0,,,419000000.0,0.0,1290000000.0,0.0,,,,,,13000000.0,,,,,,,,,,,,,,,,,853000000.0,,,,208000000.0,,,,,,,21000000.0,,
RNO.PA,Renault,balance_sheet,2021-12-31,,,,,,,,,,,,,,,,,,,,,,,,,,,,,,,,,,,,,,,,,,,,,,,,72000000.0,,209000000.0,,,,,,,,,,,,,,,,,129000000.0,351000000.0,,,,,,,,,,10209000000.0,11719000000.0,,,,,,,,,,72000000.0,,,,,,,,,,,,,,,,,,,,,,,,,,,,,,,,,,,,,,,,,
SAF.PA,Safran,balance_sheet,2025-12-31,1430406.0,416914220.0,418344626.0,,5325000000.0,1581000000.0,19381000000.0,-2926000000.0,1581000000.0,783000000.0,14839000000.0,16912000000.0,15461000000.0,622000000.0,14839000000.0,475000000.0,7177000000.0,2547000000.0,84000000.0,84000000.0,46353000000.0,5072000000.0,,0.0,,,641000000.0,2721000000.0,648000000.0,2073000000.0,1687000000.0,41281000000.0,,2604000000.0,135000000.0,2469000000.0,1212000000.0,11526000000.0,1309000000.0,205000000.0,10012000000.0,61814000000.0,23459000000.0,,123000000.0,881000000.0,1012000000.0,995000000.0,1892000000.0,1892000000.0,,,13258000000.0,7485000000.0,5773000000.0,6255000000.0,-8575000000.0,14830000000.0,1552000000.0,181000000.0,8908000000.0,3920000000.0,269000000.0,0.0,38355000000.0,1965000000.0,333000000.0,,10285000000.0,4462000000.0,623000000.0,12799000000.0,-430000000.0,13229000000.0,6904000000.0,115000000.0,6789000000.0,4382000000.0,2407000000.0,283000000.0,,4000000.0,,,4423000000.0,3057000000.0,2805000000.0,,,,984000000.0,,2124000000.0,17000000.0,,,,,,23000000.0,,,,,,,,,,,,,,,,,,,,,,,,,,,,,,
SAF.PA,Safran,balance_sheet,2024-12-31,6857467.0,416775120.0,423632587.0,,5058000000.0,-2708000000.0,14579000000.0,-5917000000.0,-2708000000.0,655000000.0,10176000000.0,13721000000.0,10725000000.0,549000000.0,10176000000.0,428000000.0,-667000000.0,3938000000.0,85000000.0,85000000.0,44287000000.0,6847000000.0,,15000000.0,,,911000000.0,4075000000.0,530000000.0,3545000000.0,1835000000.0,37440000000.0,,983000000.0,125000000.0,858000000.0,1173000000.0,7272000000.0,123000000.0,105000000.0,7044000000.0,55012000000.0,23489000000.0,,52000000.0,2349000000.0,990000000.0,968000000.0,1894000000.0,1894000000.0,,,12884000000.0,7947000000.0,4937000000.0,5282000000.0,-8050000000.0,13332000000.0,1135000000.0,44000000.0,8291000000.0,3631000000.0,231000000.0,0.0,31523000000.0,952000000.0,0.0,,9491000000.0,3828000000.0,364000000.0,9385000000.0,-413000000.0,9798000000.0,6619000000.0,105000000.0,6514000000.0,4342000000.0,2172000000.0,1155000000.0,,4000000.0,,,4227000000.0,2816000000.0,2448000000.0,,,,884000000.0,,2640000000.0,22000000.0,,,,,,11000000.0,,,,,,,,,,,,,,,,,,,,,,,,,,,,,,
SAF.PA,Safran,balance_sheet,2023-12-31,13733425.0,413527116.0,427260541.0,,6582000000.0,-959000000.0,17579000000.0,-1602000000.0,-959000000.0,580000000.0,11577000000.0,16091000000.0,12088000000.0,511000000.0,11577000000.0,355000000.0,3444000000.0,4688000000.0,85000000.0,85000000.0,38380000000.0,7603000000.0,1055000000.0,8000000.0,,,1022000000.0,4983000000.0,469000000.0,4514000000.0,1547000000.0,30777000000.0,254000000.0,1599000000.0,111000000.0,1488000000.0,1064000000.0,8210000000.0,9000000.0,104000000.0,8097000000.0,50468000000.0,21293000000.0,1926000000.0,47000000.0,1122000000.0,927000000.0,911000000.0,1928000000.0,1928000000.0,,,12536000000.0,7830000000.0,4706000000.0,4703000000.0,-7582000000.0,12285000000.0,855000000.0,7014000000.0,764000000.0,3422000000.0,230000000.0,0.0,29175000000.0,1577000000.0,0.0,187000000.0,7903000000.0,3432000000.0,422000000.0,8240000000.0,-379000000.0,8619000000.0,6848000000.0,172000000.0,6676000000.0,4950000000.0,1726000000.0,1848000000.0,,0.0,892000000.0,,3559000000.0,2410000000.0,1934000000.0,,,,753000000.0,,,16000000.0,,,,,,,,,,,,,,,,,,,,,,,130000000.0,,,,,,,,,,,,,
SAF.PA,Safran,balance_sheet,2022-12-31,2687189.0,424558781.0,427245970.0,,6949000000.0,-2679000000.0,16773000000.0,-2479000000.0,-2679000000.0,587000000.0,10411000000.0,15610000000.0,10866000000.0,455000000.0,10411000000.0,,-2459000000.0,,85000000.0,85000000.0,35962000000.0,8486000000.0,1239000000.0,18000000.0,,,1164000000.0,5680000000.0,481000000.0,5199000000.0,1549000000.0,27476000000.0,279000000.0,1269000000.0,106000000.0,1163000000.0,1018000000.0,6315000000.0,188000000.0,395000000.0,5732000000.0,46828000000.0,21831000000.0,2354000000.0,,1576000000.0,760000000.0,760000000.0,1974000000.0,1974000000.0,1268000000.0,,13090000000.0,8096000000.0,4994000000.0,4413000000.0,-7068000000.0,11481000000.0,734000000.0,6673000000.0,698000000.0,3153000000.0,223000000.0,0.0,24997000000.0,540000000.0,212000000.0,131000000.0,6408000000.0,2244000000.0,888000000.0,6981000000.0,-382000000.0,7363000000.0,6929000000.0,242000000.0,6687000000.0,4322000000.0,2365000000.0,,,18000000.0,812000000.0,,2970000000.0,1895000000.0,1543000000.0,,,,664000000.0,,,,,,,,,,,,,,,,,,,,,,,,,,17000000.0,,,,,,,,,,,,,
SAF.PA,Safran,balance_sheet,2021-12-31,,,,1276000000.0,,,,,,,,,,,,,,,,,,,,,,,,,,,,,,,,,,,,,,,,,,,,,,,1300000000.0,,,,,,,,,,,,,,,,,105000000.0,,,,,,,,,,,,,,,,,,,,,,,,,,,,,,,,,,,,,,,,,,,,,,,,,,,,,,,,,,,,,,
SGO.PA,Saint-Gobain,balance_sheet,2025-12-31,2116741.0,492707578.0,494824319.0,6983000000.0,17729000000.0,4752000000.0,39106000000.0,4516000000.0,4752000000.0,3164000000.0,24541000000.0,36637000000.0,25109000000.0,568000000.0,24541000000.0,,23647000000.0,2610000000.0,1979000000.0,1979000000.0,35727000000.0,18883000000.0,,,1539000000.0,,1199000000.0,14591000000.0,2495000000.0,12096000000.0,975000000.0,16844000000.0,,3138000000.0,669000000.0,2469000000.0,676000000.0,8918000000.0,1436000000.0,673000000.0,6809000000.0,60836000000.0,39476000000.0,,,358000000.0,154000000.0,154000000.0,806000000.0,391000000.0,,415000000.0,19789000000.0,5296000000.0,14493000000.0,17539000000.0,-26676000000.0,44215000000.0,2653000000.0,1159000000.0,22552000000.0,14659000000.0,3192000000.0,0.0,21360000000.0,,135000000.0,32000000.0,6895000000.0,1244000000.0,585000000.0,4737000000.0,-436000000.0,5173000000.0,7732000000.0,150000000.0,7582000000.0,5554000000.0,2028000000.0,431000000.0,332000000.0,,,,4572000000.0,535000000.0,1788000000.0,,,,,,139000000.0,,,,,,,,,,,,,,,,,,,,,,,,,,,,,,,,,,,,,
SGO.PA,Saint-Gobain,balance_sheet,2024-12-31,2171226.0,496879548.0,499050774.0,6201000000.0,17839000000.0,5912000000.0,39796000000.0,5726000000.0,5912000000.0,3178000000.0,25135000000.0,37792000000.0,25648000000.0,513000000.0,25135000000.0,,21632000000.0,3039000000.0,1996000000.0,1996000000.0,36070000000.0,19473000000.0,-247000000.0,,1873000000.0,,941000000.0,15158000000.0,2501000000.0,12657000000.0,1034000000.0,16597000000.0,247000000.0,2681000000.0,677000000.0,2004000000.0,720000000.0,8804000000.0,1384000000.0,647000000.0,6773000000.0,61718000000.0,39395000000.0,-1000000.0,,366000000.0,382000000.0,382000000.0,868000000.0,432000000.0,,436000000.0,19223000000.0,4849000000.0,14374000000.0,17888000000.0,-26706000000.0,44594000000.0,2397000000.0,1109000000.0,22879000000.0,14670000000.0,3539000000.0,0.0,22323000000.0,,155000000.0,30000000.0,7031000000.0,1084000000.0,615000000.0,4948000000.0,-447000000.0,5395000000.0,8460000000.0,,8460000000.0,6315000000.0,2145000000.0,416000000.0,316000000.0,,,,4718000000.0,492000000.0,1821000000.0,,,,,,90000000.0,,,,,,,,,,,,,,,,,,,,,,,,,,,,,,,,,,,,,
SGO.PA,Saint-Gobain,balance_sheet,2023-12-31,4376475.0,502061537.0,506438012.0,3983000000.0,15554000000.0,5703000000.0,35858000000.0,5653000000.0,5703000000.0,2969000000.0,23273000000.0,33701000000.0,23758000000.0,485000000.0,23273000000.0,,19789000000.0,3621000000.0,2026000000.0,2026000000.0,33541000000.0,16958000000.0,,,2093000000.0,,824000000.0,12782000000.0,2354000000.0,10428000000.0,875000000.0,16583000000.0,,2772000000.0,615000000.0,2157000000.0,678000000.0,8855000000.0,1364000000.0,685000000.0,6806000000.0,57299000000.0,35063000000.0,,,407000000.0,248000000.0,248000000.0,614000000.0,333000000.0,,281000000.0,17570000000.0,4368000000.0,13202000000.0,15554000000.0,-25232000000.0,40786000000.0,2271000000.0,983000000.0,21322000000.0,13817000000.0,2393000000.0,0.0,22236000000.0,,246000000.0,32000000.0,6813000000.0,877000000.0,570000000.0,5096000000.0,-442000000.0,5538000000.0,8602000000.0,,8602000000.0,5601000000.0,3001000000.0,419000000.0,322000000.0,,,,4612000000.0,456000000.0,1745000000.0,,,,,,102000000.0,,,,,,,,,,,,,,,,,,,,,,,,,,,,,,,,,,,,,
SGO.PA,Saint-Gobain,balance_sheet,2022-12-31,4406990.0,511362092.0,515769082.0,4985000000.0,14040000000.0,5787000000.0,33830000000.0,4088000000.0,5787000000.0,2921000000.0,22711000000.0,31469000000.0,23154000000.0,443000000.0,22711000000.0,,18457000000.0,4129000000.0,2063000000.0,2063000000.0,32223000000.0,14860000000.0,,,1802000000.0,,768000000.0,11082000000.0,2324000000.0,8758000000.0,829000000.0,17363000000.0,,2958000000.0,597000000.0,2361000000.0,577000000.0,9234000000.0,1263000000.0,705000000.0,7266000000.0,55377000000.0,33926000000.0,,,382000000.0,169000000.0,169000000.0,599000000.0,350000000.0,,249000000.0,16924000000.0,4026000000.0,12898000000.0,14915000000.0,-24658000000.0,39573000000.0,1841000000.0,901000000.0,20896000000.0,13606000000.0,2329000000.0,0.0,21451000000.0,,1394000000.0,32000000.0,7219000000.0,934000000.0,560000000.0,5178000000.0,-419000000.0,5597000000.0,6134000000.0,,6134000000.0,3243000000.0,2891000000.0,323000000.0,569000000.0,,,,4871000000.0,429000000.0,1919000000.0,,,,,,65000000.0,,,,,,,,,,,,,,,,,,,,,,,,,,,,,,,,,,,,,
SGO.PA,Saint-Gobain,balance_sheet,2021-12-31,,,,,,,,,,,,,,,,,,,,,,,1066000000.0,,,,,,,,,,,,,,,,,,,,,,,,,,,,,,,,,,,,,,,,,,,,,,,,,,,,,,,,,,,,,,,,,,,,,,,,,,,,,,,,,,,,,,,,,,,,,,,,,,,,,,,,,,,
SAN.PA,Sanofi,balance_sheet,2025-12-31,11860640.0,1207641512.0,1219502152.0,10933000000.0,20329000000.0,3815000000.0,89966000000.0,2607000000.0,3815000000.0,1739000000.0,71376000000.0,85624000000.0,71710000000.0,334000000.0,71376000000.0,5572000000.0,,1000000.0,2439000000.0,2439000000.0,55095000000.0,26750000000.0,1091000000.0,96000000.0,,,1666000000.0,15715000000.0,1467000000.0,14248000000.0,4541000000.0,28345000000.0,12069000000.0,4614000000.0,272000000.0,4342000000.0,670000000.0,9045000000.0,560000000.0,1124000000.0,7361000000.0,126805000000.0,95853000000.0,,175000000.0,8608000000.0,3593000000.0,2589000000.0,2928000000.0,171000000.0,,2757000000.0,67561000000.0,26261000000.0,41300000000.0,11511000000.0,-14465000000.0,25976000000.0,3585000000.0,2500000000.0,12680000000.0,7062000000.0,149000000.0,0.0,30952000000.0,99000000.0,208000000.0,918000000.0,10214000000.0,1480000000.0,1156000000.0,8410000000.0,-100000000.0,8510000000.0,8467000000.0,810000000.0,7657000000.0,6780000000.0,877000000.0,1072000000.0,194000000.0,9000000.0,,,2849000000.0,5921000000.0,1444000000.0,8608000000.0,90000000.0,,,,1947000000.0,,64436000000.0,64436000000.0,,,,3641000000.0,1666000000.0,0.0,0.0,9045000000.0,,,,751000000.0,793000000.0,6611000000.0,11046000000.0,,1004000000.0,,,,,,,,,,4342000000.0,,391000000.0,,,,,
SAN.PA,Sanofi,balance_sheet,2024-12-31,9531081.0,1253591640.0,1263122721.0,8559000000.0,17906000000.0,11494000000.0,93507000000.0,13426000000.0,11494000000.0,1906000000.0,77507000000.0,89298000000.0,77857000000.0,350000000.0,77507000000.0,5260000000.0,,0.0,2526000000.0,2526000000.0,54941000000.0,25779000000.0,2782000000.0,121000000.0,,,2166000000.0,13436000000.0,1645000000.0,11791000000.0,5762000000.0,29162000000.0,12547000000.0,4470000000.0,261000000.0,4209000000.0,653000000.0,9563000000.0,878000000.0,1134000000.0,7551000000.0,132798000000.0,90210000000.0,,152000000.0,7967000000.0,2943000000.0,1916000000.0,265000000.0,183000000.0,,82000000.0,66013000000.0,22629000000.0,43384000000.0,11601000000.0,-15073000000.0,26674000000.0,3573000000.0,2613000000.0,12843000000.0,7444000000.0,201000000.0,0.0,42588000000.0,217000000.0,13489000000.0,895000000.0,9431000000.0,1446000000.0,1506000000.0,7677000000.0,-100000000.0,7777000000.0,7927000000.0,486000000.0,7441000000.0,6171000000.0,1270000000.0,840000000.0,156000000.0,0.0,,,2682000000.0,5296000000.0,1453000000.0,7967000000.0,51000000.0,,,,1929000000.0,,70561000000.0,70561000000.0,,,,1512000000.0,2166000000.0,0.0,0.0,9563000000.0,,,,697000000.0,560000000.0,3259000000.0,10629000000.0,,1027000000.0,,,,,,,,,,4209000000.0,,502000000.0,,,,,
SAN.PA,Sanofi,balance_sheet,2023-12-31,13450388.0,1251349581.0,1264799969.0,7682000000.0,18422000000.0,317000000.0,90432000000.0,6463000000.0,317000000.0,2030000000.0,74040000000.0,88387000000.0,74353000000.0,313000000.0,74040000000.0,4944000000.0,,313000000.0,2530000000.0,2530000000.0,52111000000.0,27904000000.0,2677000000.0,164000000.0,,,1857000000.0,16102000000.0,1755000000.0,14347000000.0,5262000000.0,24207000000.0,9938000000.0,2320000000.0,275000000.0,2045000000.0,578000000.0,9265000000.0,945000000.0,992000000.0,7328000000.0,126464000000.0,95794000000.0,,114000000.0,6427000000.0,2242000000.0,1434000000.0,348000000.0,186000000.0,,162000000.0,73723000000.0,24319000000.0,49404000000.0,11814000000.0,-15628000000.0,27442000000.0,3449000000.0,2672000000.0,13412000000.0,7681000000.0,228000000.0,0.0,30670000000.0,201000000.0,15000000.0,768000000.0,9666000000.0,1448000000.0,1159000000.0,8433000000.0,-95000000.0,8528000000.0,8980000000.0,270000000.0,8710000000.0,7249000000.0,1461000000.0,1184000000.0,271000000.0,0.0,,,2800000000.0,5316000000.0,1550000000.0,6427000000.0,76000000.0,,,,2106000000.0,,67437000000.0,67437000000.0,,,,1842000000.0,1857000000.0,0.0,0.0,9265000000.0,,,,597000000.0,188000000.0,2666000000.0,11040000000.0,,808000000.0,,,,,,,,,,2045000000.0,,591000000.0,,,,,
SAN.PA,Sanofi,balance_sheet,2022-12-31,8200000.0,1260835732.0,1269035732.0,6295000000.0,21212000000.0,3252000000.0,93815000000.0,10136000000.0,3252000000.0,2181000000.0,74784000000.0,89641000000.0,75152000000.0,368000000.0,74784000000.0,4658000000.0,,125000000.0,2522000000.0,2522000000.0,51570000000.0,27596000000.0,1193000000.0,,,,1841000000.0,16761000000.0,1904000000.0,14857000000.0,5822000000.0,23974000000.0,8103000000.0,4451000000.0,277000000.0,4174000000.0,472000000.0,8521000000.0,714000000.0,994000000.0,6813000000.0,126722000000.0,92611000000.0,,286000000.0,5381000000.0,2088000000.0,1265000000.0,677000000.0,,,,71532000000.0,21640000000.0,49892000000.0,11684000000.0,-15112000000.0,26796000000.0,2996000000.0,2872000000.0,13363000000.0,7328000000.0,237000000.0,0.0,34110000000.0,206000000.0,85000000.0,714000000.0,8960000000.0,1290000000.0,1032000000.0,8424000000.0,-113000000.0,8537000000.0,13399000000.0,663000000.0,12736000000.0,11351000000.0,1385000000.0,706000000.0,269000000.0,0.0,,,2501000000.0,4985000000.0,1474000000.0,5381000000.0,,,,,2158000000.0,,68185000000.0,68185000000.0,,,,1979000000.0,1841000000.0,269000000.0,269000000.0,8521000000.0,,,,574000000.0,242000000.0,2765000000.0,10746000000.0,,823000000.0,,,,,,,,,,4174000000.0,,452000000.0,,,,,
SU.PA,Schneider Electric,balance_sheet,2025-12-31,14899626.0,562222886.0,577122512.0,13246000000.0,17880000000.0,-6881000000.0,42079000000.0,3532000000.0,-6881000000.0,,24199000000.0,,24455000000.0,256000000.0,24199000000.0,,21315000000.0,2844000000.0,2308000000.0,2308000000.0,38049000000.0,19543000000.0,1525000000.0,,1048000000.0,,813000000.0,15021000000.0,,15021000000.0,1136000000.0,18506000000.0,1572000000.0,2859000000.0,,2859000000.0,1074000000.0,13001000000.0,,3674000000.0,9327000000.0,62504000000.0,40466000000.0,,,1567000000.0,1633000000.0,1422000000.0,705000000.0,,,,31080000000.0,5938000000.0,25142000000.0,5481000000.0,-7386000000.0,12867000000.0,,5034000000.0,5339000000.0,2324000000.0,170000000.0,0.0,22038000000.0,276000000.0,0.0,601000000.0,5368000000.0,2943000000.0,995000000.0,7221000000.0,,,4634000000.0,,4634000000.0,2632000000.0,2002000000.0,,,,,,999000000.0,2288000000.0,2081000000.0,,,,,,,,,,,,,,,,,,,,,,,,,,211000000.0,,,,,,,,,,,,,,,,,
SU.PA,Schneider Electric,balance_sheet,2024-12-31,14659991.0,560971685.0,575631676.0,7944000000.0,14831000000.0,-2072000000.0,45320000000.0,4423000000.0,-2072000000.0,,30489000000.0,,31280000000.0,791000000.0,30489000000.0,,23677000000.0,3354000000.0,2303000000.0,2303000000.0,34663000000.0,15094000000.0,1025000000.0,,1098000000.0,,810000000.0,10910000000.0,,10910000000.0,1251000000.0,19569000000.0,1688000000.0,3921000000.0,,3921000000.0,1052000000.0,12908000000.0,,4015000000.0,8893000000.0,65943000000.0,41951000000.0,,,1794000000.0,1601000000.0,1356000000.0,1111000000.0,,,,32561000000.0,6280000000.0,26281000000.0,4884000000.0,-7400000000.0,12284000000.0,,4504000000.0,5361000000.0,2239000000.0,180000000.0,0.0,23992000000.0,131000000.0,0.0,589000000.0,5411000000.0,2481000000.0,1213000000.0,7280000000.0,,,6887000000.0,,6887000000.0,5005000000.0,1882000000.0,,,,,,998000000.0,2160000000.0,2253000000.0,,,,,,,,,,,,,,,,,,,,,,,,,,245000000.0,,,,,,,,,,,,,,,,,
SU.PA,Schneider Electric,balance_sheet,2023-12-31,14518652.0,558317232.0,572835884.0,9237000000.0,13933000000.0,-4039000000.0,40395000000.0,3592000000.0,-4039000000.0,,26462000000.0,,27168000000.0,706000000.0,26462000000.0,,21528000000.0,2937000000.0,2291000000.0,2291000000.0,31731000000.0,15221000000.0,898000000.0,,1069000000.0,,703000000.0,11592000000.0,,11592000000.0,959000000.0,16510000000.0,1459000000.0,2341000000.0,,2341000000.0,1061000000.0,11609000000.0,,4013000000.0,7596000000.0,58899000000.0,38797000000.0,,,1636000000.0,1245000000.0,1004000000.0,1206000000.0,,,1206000000.0,30501000000.0,5837000000.0,24664000000.0,4209000000.0,-6943000000.0,11152000000.0,,3972000000.0,4945000000.0,2074000000.0,161000000.0,0.0,20102000000.0,122000000.0,209000000.0,576000000.0,4519000000.0,1985000000.0,1401000000.0,6594000000.0,,,4696000000.0,,4696000000.0,2612000000.0,2084000000.0,,253000000.0,,,,750000000.0,1828000000.0,1941000000.0,,,,320000000.0,,,,,,,,,,,,,,,,,,,,,,241000000.0,15000000.0,,,,,,,,,,,,,,,,
SU.PA,Schneider Electric,balance_sheet,2022-12-31,11978255.0,559114666.0,571092921.0,6477000000.0,10463000000.0,-6070000000.0,35902000000.0,-1878000000.0,-6070000000.0,,25439000000.0,,26094000000.0,655000000.0,25439000000.0,,19812000000.0,2660000000.0,2284000000.0,2284000000.0,32274000000.0,11454000000.0,1059000000.0,,1186000000.0,,885000000.0,7330000000.0,,7330000000.0,994000000.0,20820000000.0,6441000000.0,3133000000.0,,3133000000.0,1036000000.0,10041000000.0,,3787000000.0,6254000000.0,58368000000.0,39426000000.0,,,1616000000.0,845000000.0,831000000.0,1241000000.0,,,1241000000.0,31509000000.0,6373000000.0,25136000000.0,3935000000.0,-6717000000.0,10652000000.0,,3681000000.0,4805000000.0,2001000000.0,165000000.0,0.0,18942000000.0,79000000.0,940000000.0,580000000.0,4346000000.0,423000000.0,1350000000.0,7514000000.0,,,3986000000.0,1000000.0,3986000000.0,2409000000.0,1577000000.0,,280000000.0,,,,673000000.0,1884000000.0,1789000000.0,,,,304000000.0,,,,,,,,,,,,,,,,,,,,,,,14000000.0,,,,,,,,,,,,,,,,
SU.PA,Schneider Electric,balance_sheet,2021-12-31,,,,,,,,,,,,,,,,,,,,,,,,,,,,,,,,,,,,,,,,,,,,,,,,,,,,,,,,,,,,,,,,,,,,,,,,,,,,4000000.0,,,,,370000000.0,,,,,,,,,,173000000.0,,,,,,,,,,,,,,,,,,,,,,,15000000.0,,,,,,,,,,,,,,,,
GLE.PA,Societe Generale,balance_sheet,2025-12-31,12007785.0,754887001.0,766894786.0,,167072000000.0,61893000000.0,235249000000.0,,61893000000.0,,70144000000.0,235249000000.0,79527000000.0,9383000000.0,70144000000.0,9043000000.0,41864000000.0,19000000000.0,959000000.0,959000000.0,1467114000000.0,,,107613000000.0,,,,167072000000.0,,,,,,,,,,30092000000.0,28795000000.0,1297000000.0,,1546641000000.0,,,,,556767000000.0,151744000000.0,433000000.0,,,,8251000000.0,3168000000.0,5083000000.0,56659000000.0,-26665000000.0,83324000000.0,,83324000000.0,,,,,,,,1858000000.0,,,1385000000.0,,,,,,195136000000.0,,133322000000.0,722000000.0,,,,,,,,,,671000000.0,,,,,,,,,,,,,,,,,,,,557200000000.0,16588000000.0,,128274000000.0,174037000000.0,492657000000.0,377072000000.0,,,,,,,,,,,,,,
GLE.PA,Societe Generale,balance_sheet,2024-12-31,3818838.0,796497939.0,800316777.0,,183093000000.0,61777000000.0,251346000000.0,,61777000000.0,,70256000000.0,249743000000.0,79588000000.0,9332000000.0,70256000000.0,10912000000.0,38063000000.0,20392000000.0,1000000000.0,1000000000.0,1493957000000.0,,,113376000000.0,,,,183093000000.0,,,,,,,,,,29071000000.0,28142000000.0,929000000.0,,1573545000000.0,,,,,493366000000.0,128518000000.0,398000000.0,,,,8479000000.0,3393000000.0,5086000000.0,57307000000.0,-25876000000.0,83183000000.0,,83183000000.0,,,,,,,,1792000000.0,,,1296000000.0,,,,,,273125000000.0,,201680000000.0,111000000.0,,,,,,,,,,709000000.0,,,,,,,,,,,,,,,,,,,,493764000000.0,13890000000.0,,121153000000.0,138221000000.0,488490000000.0,451391000000.0,,,,,,,,,,,,,,
GLE.PA,Societe Generale,balance_sheet,2023-12-31,6736010.0,796243932.0,802979942.0,,181131000000.0,57464000000.0,245041000000.0,,57464000000.0,,65975000000.0,245041000000.0,76247000000.0,10272000000.0,65975000000.0,9405000000.0,35384000000.0,20412000000.0,1004000000.0,1004000000.0,1477798000000.0,,,98903000000.0,,,,181131000000.0,,,,,,,,,,34054000000.0,33121000000.0,933000000.0,,1554045000000.0,,,,,437834000000.0,118828000000.0,227000000.0,,,,8511000000.0,3562000000.0,4949000000.0,56410000000.0,-25800000000.0,82210000000.0,,82210000000.0,,,,,,,,1680000000.0,,,4717000000.0,,,,,,287598000000.0,,223048000000.0,230000000.0,,,,,,,,,,742000000.0,,,,,,,,,,,,,,,,,,,,438061000000.0,13895000000.0,,114444000000.0,111121000000.0,513101000000.0,480706000000.0,,,,,,,,,,,,,,
GLE.PA,Societe Generale,balance_sheet,2022-12-31,50082406.0,799801372.0,849883778.0,,154799000000.0,60315000000.0,219665000000.0,,60315000000.0,,66970000000.0,219665000000.0,73326000000.0,6356000000.0,66970000000.0,10081000000.0,35641000000.0,21377000000.0,1062000000.0,1062000000.0,1411574000000.0,,,102933000000.0,,,,154799000000.0,,,,,,,,,,25584000000.0,24849000000.0,735000000.0,,1484900000000.0,,,,,426056000000.0,119078000000.0,146000000.0,,,,6655000000.0,2874000000.0,3781000000.0,30196000000.0,-16989000000.0,47185000000.0,,47185000000.0,,,,,,,,1387000000.0,,,4484000000.0,,,,,,289834000000.0,,207013000000.0,1191000000.0,,,,,,,,,,888000000.0,,,,,,,,,,,,,,,,,,,,426202000000.0,9507000000.0,,99718000000.0,100426000000.0,530339000000.0,440414000000.0,,,,,,,,,,,,,,
GLE.PA,Societe Generale,balance_sheet,2021-12-31,,,,,,,,,,,,,,,,,,,,,,,,,,,,,,,,,,,,,,,,,261000000.0,,,,,,,,,,,95000000.0,,,,,,,,,,,,,,,,,,,,,,,,,,,,,,,,,,,,,,,,,,,,,,,,,,,,,,,,,,,,,,,,,,,,,,,,,,,,,,
STLAP.PA,Stellantis,balance_sheet,2025-12-31,6233099.0,2897483196.0,2903716295.0,13347000000.0,45947000000.0,8666000000.0,97044000000.0,1799000000.0,8666000000.0,2454000000.0,53551000000.0,83741000000.0,54001000000.0,450000000.0,53551000000.0,,53267000000.0,,37000000.0,37000000.0,141152000000.0,62413000000.0,635000000.0,27000000.0,,1444000000.0,1294000000.0,31826000000.0,1636000000.0,30190000000.0,18596000000.0,78739000000.0,3339000000.0,14121000000.0,818000000.0,13303000000.0,14317000000.0,39378000000.0,7534000000.0,1845000000.0,29999000000.0,195153000000.0,114615000000.0,902000000.0,395000000.0,6383000000.0,1372000000.0,469000000.0,7276000000.0,5229000000.0,21000000.0,2026000000.0,44885000000.0,30876000000.0,14009000000.0,42958000000.0,-48084000000.0,91042000000.0,4266000000.0,18728000000.0,55767000000.0,10949000000.0,1332000000.0,0.0,80538000000.0,394000000.0,5000000.0,1236000000.0,22153000000.0,11682000000.0,4465000000.0,5662000000.0,-654000000.0,6316000000.0,31323000000.0,1177000000.0,30146000000.0,20012000000.0,10134000000.0,285000000.0,967000000.0,316000000.0,3616000000.0,2000000.0,12161000000.0,9992000000.0,,6383000000.0,,,,,517000000.0,,532000000.0,106000000.0,-2489000000.0,3442000000.0,-527000000.0,3007000000.0,2738000000.0,744000000.0,744000000.0,45701000000.0,6323000000.0,,,,9161000000.0,8648000000.0,21809000000.0,,903000000.0,,,,,,,,,4795000000.0,13303000000.0,,,,,,789000000.0,
STLAP.PA,Stellantis,balance_sheet,2024-12-31,15581288.0,2880492279.0,2896073567.0,571000000.0,37227000000.0,27327000000.0,116363000000.0,6392000000.0,27327000000.0,2556000000.0,81692000000.0,105022000000.0,82115000000.0,423000000.0,81692000000.0,,77316000000.0,,37000000.0,37000000.0,125492000000.0,50306000000.0,243000000.0,57000000.0,,2017000000.0,4507000000.0,25028000000.0,1698000000.0,23330000000.0,8860000000.0,75186000000.0,3932000000.0,12199000000.0,858000000.0,11341000000.0,14220000000.0,38524000000.0,6949000000.0,1891000000.0,29684000000.0,207607000000.0,126029000000.0,584000000.0,455000000.0,4371000000.0,2788000000.0,1466000000.0,9100000000.0,7037000000.0,48000000.0,2015000000.0,54365000000.0,39021000000.0,15344000000.0,45011000000.0,-42161000000.0,87172000000.0,6111000000.0,14001000000.0,54846000000.0,10823000000.0,1391000000.0,0.0,81578000000.0,326000000.0,917000000.0,1866000000.0,20861000000.0,7872000000.0,5139000000.0,5506000000.0,-608000000.0,6114000000.0,37083000000.0,2983000000.0,34100000000.0,24692000000.0,9408000000.0,285000000.0,924000000.0,327000000.0,1977000000.0,31000000.0,11242000000.0,9619000000.0,,4371000000.0,,,,,583000000.0,,4624000000.0,-359000000.0,2048000000.0,3129000000.0,-194000000.0,3271000000.0,6524000000.0,713000000.0,713000000.0,43539000000.0,5015000000.0,,,,8104000000.0,11888000000.0,18517000000.0,,1322000000.0,,,,,,,,,5441000000.0,11341000000.0,,,,,,882000000.0,
STLAP.PA,Stellantis,balance_sheet,2023-12-31,142090297.0,3023099039.0,3165189336.0,,29463000000.0,30074000000.0,108998000000.0,17580000000.0,30074000000.0,2158000000.0,81693000000.0,100254000000.0,82120000000.0,427000000.0,81693000000.0,,80926000000.0,,31000000.0,31000000.0,120008000000.0,46068000000.0,197000000.0,299000000.0,,2160000000.0,4784000000.0,20001000000.0,1440000000.0,18561000000.0,7744000000.0,73940000000.0,3699000000.0,9462000000.0,718000000.0,8744000000.0,13724000000.0,40800000000.0,5102000000.0,2690000000.0,33008000000.0,202128000000.0,110608000000.0,1685000000.0,622000000.0,2152000000.0,3031000000.0,2120000000.0,8070000000.0,6013000000.0,51000000.0,2006000000.0,51619000000.0,36446000000.0,15173000000.0,37687000000.0,-38590000000.0,76277000000.0,5542000000.0,8445000000.0,50727000000.0,10115000000.0,1448000000.0,0.0,91520000000.0,174000000.0,763000000.0,1309000000.0,21200000000.0,11035000000.0,802000000.0,6426000000.0,-551000000.0,6977000000.0,48408000000.0,4739000000.0,43669000000.0,34688000000.0,8981000000.0,2434000000.0,886000000.0,74000000.0,1352000000.0,51000000.0,12064000000.0,9136000000.0,,2152000000.0,,,,,562000000.0,,3170000000.0,-833000000.0,1042000000.0,3217000000.0,-256000000.0,5221000000.0,6944000000.0,915000000.0,915000000.0,45578000000.0,4778000000.0,,,,4782000000.0,11101000000.0,18263000000.0,,911000000.0,,,,214000000.0,,,,,4911000000.0,8744000000.0,,,,,,751000000.0,
STLAP.PA,Stellantis,balance_sheet,2022-12-31,69125544.0,3132618655.0,3201744199.0,,27153000000.0,21255000000.0,96893000000.0,17951000000.0,21255000000.0,2259000000.0,71999000000.0,89843000000.0,72382000000.0,383000000.0,71999000000.0,,66783000000.0,,32000000.0,32000000.0,113774000000.0,46949000000.0,527000000.0,224000000.0,,2255000000.0,4332000000.0,19469000000.0,1625000000.0,17844000000.0,8460000000.0,66825000000.0,3116000000.0,7684000000.0,634000000.0,7050000000.0,11311000000.0,39490000000.0,5301000000.0,2463000000.0,31726000000.0,186156000000.0,101380000000.0,1780000000.0,310000000.0,2052000000.0,481000000.0,114000000.0,4834000000.0,4561000000.0,78000000.0,195000000.0,50744000000.0,35237000000.0,15507000000.0,36205000000.0,-35614000000.0,71819000000.0,3663000000.0,6656000000.0,49691000000.0,10260000000.0,1549000000.0,0.0,84776000000.0,600000000.0,2046000000.0,1303000000.0,17085000000.0,6403000000.0,543000000.0,4928000000.0,-562000000.0,5490000000.0,50273000000.0,3840000000.0,46433000000.0,36597000000.0,9836000000.0,923000000.0,1844000000.0,307000000.0,1594000000.0,1000000.0,8304000000.0,8781000000.0,,2052000000.0,,,,,545000000.0,,6107000000.0,-169000000.0,2966000000.0,3404000000.0,-94000000.0,5642000000.0,6587000000.0,1059000000.0,1059000000.0,43110000000.0,3620000000.0,,,,2823000000.0,5315000000.0,11874000000.0,,367000000.0,,,,275000000.0,,,,,5891000000.0,7050000000.0,,,,,,149000000.0,
STLAP.PA,Stellantis,balance_sheet,2021-12-31,,,,,,,,,,,,,,,,,,,,,,,,,,,,,,,,,,,,,,,,,,,,,,,,,,,,,,,,,,,,,,,,,,,,,,,,,,,,,,,,,,,,,,,,,,,,,,,,,,,,,,,,,,,,,,,,,,,,,198000000.0,,90000000.0,,,,,,,,,,,
STMPA.PA,STMicroelectronics,balance_sheet,2025-12-31,22513768.0,888768152.0,911281920.0,,2354000000.0,17189000000.0,19961000000.0,7920000000.0,17189000000.0,221000000.0,17828000000.0,19663000000.0,18225000000.0,397000000.0,17828000000.0,,13082000000.0,3281000000.0,1157000000.0,1157000000.0,6575000000.0,3224000000.0,260000000.0,0.0,403000000.0,347000000.0,60000000.0,2004000000.0,169000000.0,1835000000.0,,3351000000.0,15000000.0,350000000.0,52000000.0,298000000.0,,2024000000.0,316000000.0,132000000.0,1487000000.0,24800000000.0,13529000000.0,54000000.0,234000000.0,408000000.0,190000000.0,190000000.0,,,,,639000000.0,324000000.0,315000000.0,11058000000.0,-22929000000.0,33987000000.0,2281000000.0,617000000.0,29339000000.0,1608000000.0,142000000.0,0.0,11271000000.0,76000000.0,,207000000.0,3136000000.0,678000000.0,326000000.0,1745000000.0,-22000000.0,1767000000.0,4922000000.0,2085000000.0,2837000000.0,,,637000000.0,20000000.0,,120000000.0,,872000000.0,1846000000.0,418000000.0,408000000.0,,,,,879000000.0,,945000000.0,945000000.0,,,,,407000000.0,83000000.0,83000000.0,2024000000.0,,,,37000000.0,926000000.0,190000000.0,2810000000.0,,,,,,,,,89000000.0,,553000000.0,298000000.0,,,,26000000.0,,,35000000.0
STMPA.PA,STMicroelectronics,balance_sheet,2024-12-31,13106512.0,898175408.0,911281920.0,671000000.0,3167000000.0,16813000000.0,20402000000.0,7961000000.0,16813000000.0,214000000.0,17449000000.0,19412000000.0,17679000000.0,230000000.0,17449000000.0,,13459000000.0,3088000000.0,1157000000.0,1157000000.0,7064000000.0,3291000000.0,245000000.0,3000000.0,377000000.0,397000000.0,47000000.0,2123000000.0,160000000.0,1963000000.0,,3773000000.0,86000000.0,1044000000.0,54000000.0,990000000.0,,1730000000.0,174000000.0,145000000.0,1323000000.0,24743000000.0,13009000000.0,57000000.0,213000000.0,464000000.0,108000000.0,108000000.0,,,,,636000000.0,346000000.0,290000000.0,10877000000.0,-20011000000.0,30888000000.0,1899000000.0,578000000.0,26907000000.0,1386000000.0,118000000.0,0.0,11734000000.0,10000000.0,,210000000.0,2794000000.0,391000000.0,254000000.0,1749000000.0,-19000000.0,1768000000.0,6184000000.0,3902000000.0,2282000000.0,,,491000000.0,22000000.0,0.0,99000000.0,,762000000.0,1684000000.0,348000000.0,464000000.0,,,,,824000000.0,,236000000.0,236000000.0,,,,,444000000.0,89000000.0,89000000.0,1730000000.0,,,,66000000.0,632000000.0,108000000.0,2437000000.0,,,,,,,,,88000000.0,,476000000.0,990000000.0,,,,14000000.0,,,29000000.0
STMPA.PA,STMicroelectronics,balance_sheet,2023-12-31,8510839.0,902771081.0,911281920.0,,3173000000.0,16059000000.0,19656000000.0,8077000000.0,16059000000.0,246000000.0,16729000000.0,19439000000.0,16852000000.0,123000000.0,16729000000.0,,12470000000.0,2866000000.0,1157000000.0,1157000000.0,7601000000.0,3871000000.0,278000000.0,0.0,372000000.0,177000000.0,54000000.0,2898000000.0,188000000.0,2710000000.0,,3730000000.0,4000000.0,275000000.0,58000000.0,217000000.0,,2309000000.0,240000000.0,159000000.0,1856000000.0,24453000000.0,12646000000.0,58000000.0,224000000.0,592000000.0,53000000.0,53000000.0,,,,,670000000.0,367000000.0,303000000.0,10554000000.0,-19449000000.0,30003000000.0,1712000000.0,614000000.0,26253000000.0,1306000000.0,118000000.0,0.0,11807000000.0,58000000.0,,180000000.0,2698000000.0,651000000.0,241000000.0,1731000000.0,-19000000.0,1750000000.0,6083000000.0,2861000000.0,3222000000.0,,,377000000.0,15000000.0,2000000.0,128000000.0,,655000000.0,1745000000.0,298000000.0,592000000.0,,,,,956000000.0,,613000000.0,613000000.0,,,,,231000000.0,186000000.0,186000000.0,2309000000.0,,,,78000000.0,478000000.0,53000000.0,2660000000.0,,,,,,,,,54000000.0,,464000000.0,217000000.0,,,,10000000.0,,,27000000.0
STMPA.PA,STMicroelectronics,balance_sheet,2022-12-31,7416157.0,903865763.0,911281920.0,,2910000000.0,11991000000.0,15410000000.0,5968000000.0,11991000000.0,193000000.0,12693000000.0,15235000000.0,12758000000.0,65000000.0,12693000000.0,,8713000000.0,2631000000.0,1157000000.0,1157000000.0,7224000000.0,3387000000.0,155000000.0,4000000.0,331000000.0,73000000.0,60000000.0,2683000000.0,141000000.0,2542000000.0,,3837000000.0,35000000.0,227000000.0,52000000.0,175000000.0,,2479000000.0,134000000.0,163000000.0,2122000000.0,19982000000.0,10177000000.0,56000000.0,107000000.0,602000000.0,37000000.0,37000000.0,,,,,702000000.0,405000000.0,297000000.0,8201000000.0,-18015000000.0,26216000000.0,1454000000.0,537000000.0,23026000000.0,1116000000.0,83000000.0,0.0,9805000000.0,56000000.0,,125000000.0,2583000000.0,190000000.0,270000000.0,1970000000.0,-21000000.0,1991000000.0,4518000000.0,1260000000.0,3258000000.0,,,268000000.0,9000000.0,13000000.0,61000000.0,,744000000.0,1490000000.0,349000000.0,602000000.0,,,,,834000000.0,,460000000.0,460000000.0,,,,,133000000.0,262000000.0,262000000.0,2479000000.0,32000000.0,,,95000000.0,450000000.0,37000000.0,2462000000.0,,,,,,,,,60000000.0,,412000000.0,175000000.0,,,,10000000.0,,,22000000.0
STMPA.PA,STMicroelectronics,balance_sheet,2021-12-31,,,,,,,,,,,,,,,,,,,,,,,,,,,,,,,,,,,,,,,,,,,,,,,,,,,,,,,,,,,,,,,,,,,,,,,,,,,,,,,,,,0.0,,,,,,,,,,,,,,,,,,,,,,,29000000.0,,,,,,,,,,,,,,,,,,,,,,,,,
TEP.PA,Teleperformance,balance_sheet,2025-12-31,1730305.0,58144060.0,59874365.0,3137000000.0,4916000000.0,-2209000000.0,8230000000.0,565000000.0,-2209000000.0,783000000.0,4097000000.0,7277000000.0,4097000000.0,0.0,4097000000.0,,3901000000.0,683000000.0,150000000.0,150000000.0,7382000000.0,4311000000.0,,1000000.0,83000000.0,,460000000.0,3765000000.0,585000000.0,3180000000.0,,3071000000.0,90000000.0,1151000000.0,198000000.0,953000000.0,155000000.0,,355000000.0,334000000.0,388000000.0,11479000000.0,7843000000.0,,,99000000.0,140000000.0,140000000.0,,,,,6306000000.0,2090000000.0,4216000000.0,1291000000.0,-2608000000.0,3899000000.0,21000000.0,2042000000.0,1030000000.0,,,806000000.0,3636000000.0,80000000.0,,124000000.0,,69000000.0,232000000.0,2099000000.0,-32000000.0,2131000000.0,1032000000.0,36000000.0,996000000.0,,,,,7000000.0,,,,,,,,,,,,,,,,,,,,,,,,,,,,,,,,,,,,,,,,,,,,,,,,
TEP.PA,Teleperformance,balance_sheet,2024-12-31,722004.0,59152361.0,59874365.0,3053000000.0,4907000000.0,-2173000000.0,8667000000.0,392000000.0,-2173000000.0,796000000.0,4556000000.0,7554000000.0,4556000000.0,,4556000000.0,,3701000000.0,683000000.0,150000000.0,150000000.0,7518000000.0,4156000000.0,,,80000000.0,,489000000.0,3578000000.0,580000000.0,2998000000.0,,3362000000.0,151000000.0,1329000000.0,216000000.0,1113000000.0,170000000.0,,354000000.0,397000000.0,333000000.0,12074000000.0,8320000000.0,,,130000000.0,108000000.0,108000000.0,6000000.0,,,,6729000000.0,2162000000.0,4567000000.0,1342000000.0,-2496000000.0,3838000000.0,33000000.0,2002000000.0,1006000000.0,,,797000000.0,3754000000.0,35000000.0,,112000000.0,,50000000.0,255000000.0,2200000000.0,-29000000.0,2229000000.0,1137000000.0,79000000.0,1058000000.0,,,,,5000000.0,,,,,,,,,,,,,,,,,,,,,,,,,,,,,,,,,,,,,,,,,,,,,,,,
TEP.PA,Teleperformance,balance_sheet,2023-12-31,2730565.0,60712489.0,63443054.0,3660000000.0,5378000000.0,-2532000000.0,8760000000.0,838000000.0,-2532000000.0,836000000.0,4218000000.0,8025000000.0,4224000000.0,6000000.0,4218000000.0,,3087000000.0,1098000000.0,159000000.0,159000000.0,7844000000.0,5078000000.0,,10000000.0,78000000.0,,561000000.0,4415000000.0,608000000.0,3807000000.0,,2766000000.0,85000000.0,963000000.0,228000000.0,735000000.0,114000000.0,1030000000.0,354000000.0,352000000.0,324000000.0,12068000000.0,8464000000.0,,,145000000.0,107000000.0,100000000.0,5000000.0,,,,6750000000.0,2314000000.0,4436000000.0,1454000000.0,-2226000000.0,3680000000.0,15000000.0,1917000000.0,982000000.0,,,766000000.0,3604000000.0,4000000.0,,118000000.0,,59000000.0,300000000.0,2130000000.0,-30000000.0,2162000000.0,993000000.0,111000000.0,882000000.0,,,,,3000000.0,,,,,,,,,,,,,,,,,,,,,,,,,,,,,,,,,,,,,,,,,,,,,,,,
TEP.PA,Teleperformance,balance_sheet,2022-12-31,583493.0,58537349.0,59120842.0,1895000000.0,3400000000.0,-881000000.0,6382000000.0,622000000.0,-881000000.0,688000000.0,3670000000.0,5690000000.0,3670000000.0,0.0,3670000000.0,,2969000000.0,576000000.0,148000000.0,148000000.0,5225000000.0,2937000000.0,2000000.0,24000000.0,34000000.0,,346000000.0,2530000000.0,510000000.0,2020000000.0,,2288000000.0,145000000.0,870000000.0,178000000.0,692000000.0,90000000.0,,308000000.0,255000000.0,232000000.0,8895000000.0,5983000000.0,,,78000000.0,98000000.0,98000000.0,0.0,,,,4551000000.0,1483000000.0,3068000000.0,1239000000.0,-1946000000.0,3185000000.0,20000000.0,1558000000.0,891000000.0,,,716000000.0,2910000000.0,0.0,,80000000.0,,30000000.0,210000000.0,1707000000.0,-24000000.0,1731000000.0,883000000.0,66000000.0,817000000.0,28000000.0,789000000.0,,,17000000.0,,,,,,,,,,,,,,,,,,,,,,,,,,,,,,,,,,,,,,,,,,,,,,,,
TEP.PA,Teleperformance,balance_sheet,2021-12-31,,,,,,,,,,,,,,0.0,,,,,,,,,1000000.0,,,,,,,,,,,,,,,,,,,,,,,,,,,,,,,,,,,,,,,,,,,,,,,,,,,,,,,111000000.0,726000000.0,,,,,,,,,,,,,,,59000000.0,,,,,,,,,,,,,,,,,,,,,,,,,,,,,,,,,,,,
HO.PA,Thales,balance_sheet,2025-12-31,464490.0,205477423.0,205941913.0,,6129500000.0,-2558200000.0,7968400000.0,-3916400000.0,-2558200000.0,,7968400000.0,7968400000.0,7987700000.0,19300000.0,7968400000.0,,5001100000.0,3132600000.0,617800000.0,617800000.0,31167700000.0,5929000000.0,,0.0,1420000000.0,,509600000.0,3999400000.0,,,,25238700000.0,,2130100000.0,,,1679200000.0,6105900000.0,1010200000.0,2143000000.0,2952700000.0,39155400000.0,17833100000.0,,,1276500000.0,92300000.0,92300000.0,1712500000.0,,,,10526600000.0,1996100000.0,8530500000.0,3899200000.0,-7095300000.0,10994500000.0,,4055000000.0,4080000000.0,2675500000.0,184000000.0,0.0,21322300000.0,149900000.0,,892000000.0,4964200000.0,4538900000.0,2317300000.0,3968900000.0,-144600000.0,4113500000.0,4491100000.0,44600000.0,4446500000.0,2999800000.0,1446700000.0,90500000.0,,,-100000.0,,66600000.0,3820700000.0,1645700000.0,,279000000.0,,,,2788300000.0,,,,,,,,,,,,,,,,,,,,,,,,962800000.0,-1531600000.0,,,,,,,,,,,,
HO.PA,Thales,balance_sheet,2024-12-31,628731.0,205313182.0,205941913.0,,7823400000.0,-3916700000.0,7515200000.0,-4361300000.0,-3916700000.0,,7515200000.0,7515200000.0,7558100000.0,42900000.0,7515200000.0,,4079300000.0,3132600000.0,617800000.0,617800000.0,32431700000.0,6775000000.0,,0.0,1589300000.0,,634800000.0,4550900000.0,,,,25656700000.0,876600000.0,3272500000.0,,,1964700000.0,5865500000.0,876600000.0,1980500000.0,3008400000.0,39989800000.0,18694400000.0,-10000.0,,1366600000.0,113100000.0,113100000.0,1648200000.0,,,1648200000.0,11431900000.0,2532700000.0,8899200000.0,3715500000.0,-6918200000.0,3715500000.0,,1907500000.0,898300000.0,846200000.0,63500000.0,0.0,21295400000.0,135100000.0,0.0,895700000.0,4935500000.0,4155600000.0,1987100000.0,4418400000.0,-131000000.0,4549400000.0,4768000000.0,900000.0,4767100000.0,3376800000.0,1390300000.0,92500000.0,198850000.0,,,,59400000.0,3814500000.0,1540800000.0,,365600000.0,,188200000.0,,2660200000.0,,,,,,,,,,,,,,,,,,,,,,,,1057900000.0,-1537100000.0,,,,,,,,,,,,
HO.PA,Thales,balance_sheet,2023-12-31,3541786.0,206668354.0,210210140.0,,8433600000.0,-3397700000.0,6830000000.0,-2567400000.0,-3397700000.0,,6830000000.0,6830000000.0,6969000000.0,139000000.0,6830000000.0,,3372300000.0,3705600000.0,630600000.0,630600000.0,31816700000.0,7592200000.0,,0.0,1552500000.0,,319400000.0,5720300000.0,,,,24224500000.0,768500000.0,2713300000.0,,,1726700000.0,4623700000.0,768500000.0,1882600000.0,2741100000.0,38785700000.0,17128600000.0,,,1183300000.0,343900000.0,343900000.0,1648400000.0,,,1648400000.0,10227700000.0,1288100000.0,8939600000.0,3596100000.0,-6350200000.0,3596100000.0,,1968800000.0,817000000.0,746600000.0,63700000.0,0.0,21657100000.0,133400000.0,3034000000.0,786400000.0,4250800000.0,3679800000.0,1834000000.0,3858200000.0,-137900000.0,3996100000.0,4080500000.0,100600000.0,3979900000.0,2614600000.0,1365300000.0,476300000.0,,,,,62700000.0,3339400000.0,1318800000.0,,129200000.0,,,,2472400000.0,,,,,,,,,,,,,,,,,,,,,,,,1017000000.0,-1487100000.0,,,,,,,,,,,,
HO.PA,Thales,balance_sheet,2022-12-31,3277303.0,210134006.0,213411309.0,,5471400000.0,138100000.0,7173900000.0,270900000.0,138100000.0,,7173900000.0,7173900000.0,7381500000.0,207600000.0,7173900000.0,,3222300000.0,4076600000.0,640200000.0,640200000.0,27039000000.0,6296400000.0,,1000000.0,1907700000.0,,396600000.0,3991100000.0,,,,20742600000.0,749200000.0,1480300000.0,,,1752000000.0,4083900000.0,749200000.0,1576300000.0,2507600000.0,34420500000.0,13407000000.0,,,1043000000.0,92200000.0,132800000.0,1589300000.0,,,,7035800000.0,1565800000.0,5470000000.0,3478900000.0,-6024500000.0,3478900000.0,,2703200000.0,773300000.0,719800000.0,55900000.0,0.0,21013500000.0,172600000.0,2790500000.0,641900000.0,3672300000.0,3209400000.0,1591900000.0,3634800000.0,-141700000.0,3776500000.0,5300100000.0,200500000.0,5099600000.0,3436700000.0,1662900000.0,382300000.0,,0.0,,,58700000.0,2961200000.0,1118300000.0,,127200000.0,,,,2253800000.0,,,,,,,,,,,,,,,,,,,,,,,,1031700000.0,-1497600000.0,,,,,,,,,,,,
HO.PA,Thales,balance_sheet,2021-12-31,,,,,,,,,,,,,,,,100000.0,,,,,,,,,,,,,,,,,734100000.0,,,,,,,,,,,,,,,,,,,,,,,,,,,,,,,,,,2668200000.0,,,,,,,,,,,,,,,4000000.0,,,,,,,,,,,,,,,,,,,,,,,,,,,,,,,,,,,,,,,,,,,,,,,,
TTE.PA,TotalEnergies,balance_sheet,2025-12-31,63702529.0,2142883014.0,2206585543.0,34043000000.0,60071000000.0,98238000000.0,173078000000.0,-3094000000.0,98238000000.0,1876000000.0,114883000000.0,162916000000.0,117523000000.0,2640000000.0,114883000000.0,,,125860000000.0,7059000000.0,7059000000.0,173532000000.0,80969000000.0,3834000000.0,962000000.0,,,12634000000.0,48033000000.0,,48033000000.0,13488000000.0,92563000000.0,27890000000.0,12038000000.0,1876000000.0,10162000000.0,,48492000000.0,,10427000000.0,38065000000.0,291055000000.0,201586000000.0,288000000.0,,3358000000.0,4758000000.0,2430000000.0,30665000000.0,19801000000.0,,10864000000.0,16645000000.0,4144000000.0,12501000000.0,135394000000.0,-197537000000.0,332931000000.0,5886000000.0,12923000000.0,43482000000.0,10487000000.0,2826000000.0,,89469000000.0,81000000.0,4276000000.0,2260000000.0,16663000000.0,14171000000.0,4140000000.0,18559000000.0,-899000000.0,19458000000.0,27164000000.0,3012000000.0,24152000000.0,,,4003000000.0,,812000000.0,105000000.0,2050000000.0,11642000000.0,,2353000000.0,3358000000.0,,,,,,,-14033000000.0,,-14033000000.0,,,,12634000000.0,,,52635000000.0,4143000000.0,,,,,35423000000.0,36870000000.0,,2328000000.0,,,,2668000000.0,,,,,2018000000.0,10162000000.0,,9666000000.0,,,,,
TTE.PA,TotalEnergies,balance_sheet,2024-12-31,149529818.0,2248149843.0,2397679661.0,23305000000.0,51244000000.0,103470000000.0,167007000000.0,8611000000.0,103470000000.0,2095000000.0,117858000000.0,159078000000.0,120255000000.0,2397000000.0,117858000000.0,,,135496000000.0,7577000000.0,7577000000.0,165232000000.0,77272000000.0,4486000000.0,2313000000.0,,,12114000000.0,41220000000.0,,41220000000.0,15386000000.0,87960000000.0,22285000000.0,10024000000.0,2095000000.0,7929000000.0,,52493000000.0,,12561000000.0,39932000000.0,285487000000.0,188916000000.0,154000000.0,,3202000000.0,5101000000.0,3599000000.0,27872000000.0,17485000000.0,,10387000000.0,14388000000.0,3123000000.0,11265000000.0,128945000000.0,-195882000000.0,324827000000.0,4382000000.0,12059000000.0,39315000000.0,9390000000.0,2598000000.0,,96571000000.0,29000000.0,1977000000.0,2481000000.0,18868000000.0,17224000000.0,4289000000.0,19281000000.0,-902000000.0,20183000000.0,32351000000.0,6507000000.0,25844000000.0,8369000000.0,17475000000.0,9956000000.0,,546000000.0,71000000.0,1804000000.0,13396000000.0,,3107000000.0,3202000000.0,,,,,,,-15259000000.0,,-15259000000.0,,,,12114000000.0,,,55651000000.0,3158000000.0,,,,,32973000000.0,40794000000.0,,1502000000.0,,,,2365000000.0,,,,,1753000000.0,7929000000.0,,8708000000.0,,,,,
TTE.PA,TotalEnergies,balance_sheet,2023-12-31,60543213.0,2351708622.0,2412251835.0,18886000000.0,47870000000.0,104031000000.0,162902000000.0,10744000000.0,104031000000.0,1721000000.0,116753000000.0,155033000000.0,119453000000.0,2700000000.0,116753000000.0,,,126857000000.0,7616000000.0,7616000000.0,164201000000.0,75416000000.0,4858000000.0,2198000000.0,,,11688000000.0,38280000000.0,,38280000000.0,16399000000.0,88785000000.0,21070000000.0,9590000000.0,1721000000.0,7869000000.0,,55309000000.0,,13974000000.0,41335000000.0,283654000000.0,184125000000.0,330000000.0,,3418000000.0,5026000000.0,3424000000.0,25895000000.0,16411000000.0,,9484000000.0,12722000000.0,2771000000.0,9951000000.0,129277000000.0,-199298000000.0,328575000000.0,5262000000.0,12344000000.0,38769000000.0,9529000000.0,2837000000.0,,99529000000.0,91000000.0,2101000000.0,1731000000.0,19317000000.0,15281000000.0,4078000000.0,23442000000.0,-892000000.0,24334000000.0,33428000000.0,6165000000.0,27263000000.0,10307000000.0,16956000000.0,4019000000.0,,673000000.0,60000000.0,1807000000.0,12923000000.0,,3182000000.0,3418000000.0,0.0,,,,,,-13701000000.0,,-13701000000.0,,,,11688000000.0,,,58125000000.0,2816000000.0,,,,,30921000000.0,42801000000.0,,1602000000.0,,,,3212000000.0,,,,,1993000000.0,7869000000.0,,6784000000.0,,,,,
TTE.PA,TotalEnergies,balance_sheet,2022-12-31,137187667.0,2481943618.0,2619131285.0,22557000000.0,57020000000.0,100746000000.0,167307000000.0,15946000000.0,100746000000.0,1437000000.0,111724000000.0,153242000000.0,114570000000.0,2846000000.0,111724000000.0,,,123951000000.0,8163000000.0,8163000000.0,189294000000.0,79516000000.0,3379000000.0,3746000000.0,,,11021000000.0,41518000000.0,,41518000000.0,18023000000.0,109778000000.0,35841000000.0,15502000000.0,1437000000.0,14065000000.0,,56126000000.0,,14780000000.0,41346000000.0,303864000000.0,178140000000.0,301000000.0,,5049000000.0,3219000000.0,1797000000.0,24156000000.0,14623000000.0,,9533000000.0,10978000000.0,2328000000.0,8650000000.0,128054000000.0,-202011000000.0,330065000000.0,3960000000.0,10401000000.0,37002000000.0,10230000000.0,3089000000.0,265383000000.0,125724000000.0,2000000.0,568000000.0,1455000000.0,22936000000.0,28479000000.0,6263000000.0,24378000000.0,-826000000.0,25204000000.0,41580000000.0,8554000000.0,33026000000.0,18153000000.0,14873000000.0,7554000000.0,,813000000.0,63000000.0,2352000000.0,14438000000.0,,4711000000.0,5049000000.0,0.0,,,,,,-12836000000.0,,-12836000000.0,,,,11021000000.0,,,58435000000.0,2309000000.0,,,,,27375000000.0,59120000000.0,,1422000000.0,,,,3787000000.0,,,,,1829000000.0,14065000000.0,,5570000000.0,,,,,
TTE.PA,TotalEnergies,balance_sheet,2021-12-31,,,,,,,,,,,,,,,,,,,,,,,,,,,,,,,,,,,,,,,,,,,,,,,,,,,,,,,,,,,,,,,,266381000000.0,,,,,,,,,,,,,,7798000000.0,13544000000.0,,,,,,,,,,0.0,,,,,,,,,,,,,,,,,,,,,,,,,,,,,,,,,,,,,,,,,
VIE.PA,Veolia,balance_sheet,2025-12-31,10438730.0,731284707.0,741723437.0,10767000000.0,20190000000.0,-8867000000.0,29062000000.0,-4175000000.0,-8867000000.0,1983000000.0,10855000000.0,27396000000.0,13264000000.0,2409000000.0,10855000000.0,3831000000.0,-5045000000.0,9895000000.0,3709000000.0,3709000000.0,57407000000.0,27368000000.0,1339000000.0,319000000.0,,,2557000000.0,18055000000.0,1514000000.0,16541000000.0,2661000000.0,30039000000.0,312000000.0,2135000000.0,469000000.0,1666000000.0,1260000000.0,17593000000.0,7781000000.0,2120000000.0,7692000000.0,70671000000.0,44807000000.0,1000000.0,,1970000000.0,1322000000.0,1322000000.0,1564000000.0,948000000.0,,616000000.0,19722000000.0,8266000000.0,11456000000.0,19889000000.0,-18141000000.0,38030000000.0,2686000000.0,22017000000.0,2759000000.0,7949000000.0,2619000000.0,0.0,25864000000.0,144000000.0,0.0,,1465000000.0,3053000000.0,1705000000.0,9352000000.0,-1082000000.0,10434000000.0,9565000000.0,2125000000.0,7440000000.0,5912000000.0,2109000000.0,438000000.0,,45000000.0,-1000000.0,581000000.0,,,,,,,,,,,,,,,,,,,,,,,,,,,,,,,,,1572000000.0,-107000000.0,,,,,,,,,,,,
VIE.PA,Veolia,balance_sheet,2024-12-31,10651380.0,730001228.0,740652608.0,8379000000.0,19965000000.0,-6953000000.0,30895000000.0,-2861000000.0,-6953000000.0,1985000000.0,12915000000.0,29281000000.0,15306000000.0,2391000000.0,12915000000.0,3338000000.0,-3722000000.0,9902000000.0,3703000000.0,3703000000.0,57653000000.0,26983000000.0,1459000000.0,365000000.0,,,2606000000.0,17889000000.0,1523000000.0,16366000000.0,2749000000.0,30670000000.0,305000000.0,2076000000.0,462000000.0,1614000000.0,1066000000.0,17874000000.0,8022000000.0,2179000000.0,7673000000.0,72959000000.0,45149000000.0,-1000000.0,,1958000000.0,1517000000.0,1517000000.0,1676000000.0,1044000000.0,77000000.0,632000000.0,19868000000.0,8085000000.0,11783000000.0,19751000000.0,-17370000000.0,19751000000.0,2673000000.0,11633000000.0,903000000.0,3132000000.0,1410000000.0,0.0,27809000000.0,166000000.0,0.0,,1497000000.0,2938000000.0,1799000000.0,9597000000.0,-1121000000.0,10718000000.0,11811000000.0,2210000000.0,9601000000.0,7481000000.0,2120000000.0,383000000.0,,67000000.0,1000000.0,,,159000000.0,1269000000.0,,,,,,,,,,,,,,,,,,,,,,,,,,,,,,1601000000.0,-104000000.0,,,,,,,,,,,,
VIE.PA,Veolia,balance_sheet,2023-12-31,10362269.0,715049398.0,725411667.0,9764000000.0,20460000000.0,-8106000000.0,30771000000.0,-2117000000.0,-8106000000.0,2000000000.0,12311000000.0,29093000000.0,14702000000.0,2391000000.0,12311000000.0,3630000000.0,-3925000000.0,9631000000.0,3627000000.0,3627000000.0,57864000000.0,27850000000.0,1665000000.0,493000000.0,,,2575000000.0,18315000000.0,1533000000.0,16782000000.0,2807000000.0,30014000000.0,348000000.0,2145000000.0,467000000.0,1678000000.0,1005000000.0,17927000000.0,7883000000.0,2084000000.0,7960000000.0,72566000000.0,44669000000.0,1000000.0,,2042000000.0,1299000000.0,1299000000.0,1713000000.0,1110000000.0,,603000000.0,20417000000.0,8861000000.0,11556000000.0,18625000000.0,-16801000000.0,18625000000.0,3304000000.0,10110000000.0,794000000.0,2970000000.0,1447000000.0,0.0,27897000000.0,209000000.0,650000000.0,,1550000000.0,3079000000.0,1623000000.0,10001000000.0,-1245000000.0,11246000000.0,10786000000.0,2090000000.0,8696000000.0,6615000000.0,2081000000.0,375000000.0,,50000000.0,-1000000.0,,,153000000.0,1312000000.0,,92000000.0,,,,,,,,,,,,,,,,,,,,,,,,,,,,190000000.0,-105000000.0,,,,,,,,,,,,
VIE.PA,Veolia,balance_sheet,2022-12-31,12619170.0,701955197.0,714574367.0,10398000000.0,21563000000.0,-8205000000.0,31665000000.0,-490000000.0,-8205000000.0,2153000000.0,12255000000.0,29977000000.0,14867000000.0,2612000000.0,12255000000.0,3496000000.0,-4083000000.0,9470000000.0,3573000000.0,3573000000.0,58437000000.0,29233000000.0,1681000000.0,720000000.0,,,2640000000.0,19378000000.0,1656000000.0,17722000000.0,2844000000.0,29204000000.0,243000000.0,2185000000.0,497000000.0,1688000000.0,1015000000.0,17931000000.0,7809000000.0,2041000000.0,8081000000.0,73304000000.0,44591000000.0,-1000000.0,,2051000000.0,1216000000.0,1216000000.0,1985000000.0,1198000000.0,,787000000.0,20460000000.0,8822000000.0,11638000000.0,18178000000.0,-15625000000.0,18178000000.0,2147000000.0,1097000000.0,9900000000.0,3582000000.0,1452000000.0,0.0,28714000000.0,634000000.0,651000000.0,,1486000000.0,3190000000.0,1560000000.0,10328000000.0,-1086000000.0,11414000000.0,10863000000.0,1851000000.0,9012000000.0,6193000000.0,2819000000.0,435000000.0,,128000000.0,2000000.0,,,142000000.0,1276000000.0,,113000000.0,,,,,,,,,,,,,,,,,,,,,,,,,,,,135000000.0,-67000000.0,,,,,,,,,,,,
VIE.PA,Veolia,balance_sheet,2021-12-31,,,,,,,,,,,,,,,,,,,,,,,,,,,,,,,,,,,,,,,,,,,,,,,,,,,,,,,,,,,,,,,,,,,,,,,,,,,,,,,,,,,,,,131200000.0,637500000.0,,3770300000.0,,,,,,,,,,,,,,,,,,,,,,,,,,,,,,,,,,,,,,,,,
DG.PA,Vinci,balance_sheet,2025-12-31,25849736.0,555967094.0,581816830.0,17589000000.0,37692000000.0,-29691000000.0,65595000000.0,-8543000000.0,-29691000000.0,2849000000.0,30752000000.0,60724000000.0,34328000000.0,3576000000.0,30752000000.0,-169000000.0,4903000000.0,14811000000.0,1455000000.0,1455000000.0,98737000000.0,40640000000.0,746000000.0,809000000.0,1169000000.0,,4764000000.0,32084000000.0,2112000000.0,29972000000.0,1068000000.0,58097000000.0,25612000000.0,5608000000.0,737000000.0,4871000000.0,8353000000.0,15577000000.0,,709000000.0,14868000000.0,133065000000.0,83510000000.0,-2000000.0,,1333000000.0,2641000000.0,2641000000.0,1995000000.0,,,1995000000.0,60443000000.0,40266000000.0,20177000000.0,16681000000.0,-17620000000.0,34301000000.0,7046000000.0,7432000000.0,14826000000.0,10107000000.0,1936000000.0,0.0,49554000000.0,188000000.0,860000000.0,,1700000000.0,10838000000.0,419000000.0,8671000000.0,-724000000.0,9395000000.0,18613000000.0,1359000000.0,17254000000.0,6157000000.0,11097000000.0,2796000000.0,,151000000.0,8265000000.0,,,,,,,,,,,,,,,,,,,,,,,,,,,,,,,,,,,,,,,,,,,,,,,
DG.PA,Vinci,balance_sheet,2024-12-31,19399436.0,562417394.0,581816830.0,18474000000.0,36261000000.0,-31029000000.0,63620000000.0,-8102000000.0,-31029000000.0,2588000000.0,29947000000.0,59065000000.0,34032000000.0,4085000000.0,29947000000.0,-556000000.0,4863000000.0,14059000000.0,1455000000.0,1455000000.0,95459000000.0,40426000000.0,1119000000.0,1014000000.0,1224000000.0,,4991000000.0,31067000000.0,1949000000.0,29118000000.0,1011000000.0,55033000000.0,24144000000.0,5194000000.0,639000000.0,4555000000.0,7828000000.0,15209000000.0,,746000000.0,14463000000.0,129491000000.0,82560000000.0,,,1268000000.0,2563000000.0,2563000000.0,2105000000.0,,,2105000000.0,60976000000.0,41457000000.0,19519000000.0,15300000000.0,-16583000000.0,31883000000.0,6296000000.0,7213000000.0,13852000000.0,9000000000.0,1818000000.0,0.0,46931000000.0,137000000.0,739000000.0,,1772000000.0,10613000000.0,415000000.0,8753000000.0,-743000000.0,9496000000.0,16169000000.0,970000000.0,15199000000.0,6307000000.0,8892000000.0,1566000000.0,,167000000.0,8333000000.0,,,,,,,,,,,,,,,,,,,,,,,,,,,,,,,,,,,,,,,,,,,,,,,
DG.PA,Vinci,balance_sheet,2023-12-31,18238732.0,570809915.0,589048647.0,13549000000.0,31423000000.0,-26502000000.0,57289000000.0,-4571000000.0,-26502000000.0,2247000000.0,28113000000.0,53946000000.0,32041000000.0,3928000000.0,28113000000.0,-381000000.0,4702000000.0,13407000000.0,1473000000.0,1473000000.0,86517000000.0,36174000000.0,1076000000.0,1257000000.0,1176000000.0,,4030000000.0,27508000000.0,1675000000.0,25833000000.0,1127000000.0,50343000000.0,22431000000.0,3915000000.0,572000000.0,3343000000.0,7304000000.0,14166000000.0,,594000000.0,13572000000.0,118558000000.0,72786000000.0,-1000000.0,,1122000000.0,2513000000.0,2513000000.0,1267000000.0,,,1267000000.0,54615000000.0,37038000000.0,17577000000.0,13013000000.0,-15491000000.0,28504000000.0,4795000000.0,6806000000.0,12861000000.0,7160000000.0,1677000000.0,0.0,45772000000.0,94000000.0,702000000.0,,1878000000.0,9871000000.0,351000000.0,8827000000.0,-736000000.0,9563000000.0,16251000000.0,624000000.0,15627000000.0,6827000000.0,8800000000.0,1419000000.0,,125000000.0,7798000000.0,,,,,,,,,,,,,,,,,,,,,,,,,,,,,,,,,,,,,,,,,,,,,,,
DG.PA,Vinci,balance_sheet,2022-12-31,25790809.0,563596521.0,589387330.0,16343000000.0,31023000000.0,-28689000000.0,54860000000.0,-6568000000.0,-28689000000.0,2102000000.0,25939000000.0,49569000000.0,29409000000.0,3470000000.0,25939000000.0,-56000000.0,4259000000.0,12719000000.0,1473000000.0,1473000000.0,82582000000.0,34317000000.0,896000000.0,1939000000.0,1149000000.0,,4162000000.0,25210000000.0,1580000000.0,23630000000.0,961000000.0,48265000000.0,20315000000.0,5813000000.0,522000000.0,5291000000.0,6599000000.0,13695000000.0,,607000000.0,13088000000.0,111991000000.0,70294000000.0,,,883000000.0,2442000000.0,2442000000.0,1014000000.0,,,1014000000.0,54628000000.0,37268000000.0,17360000000.0,10805000000.0,-14492000000.0,25297000000.0,4369000000.0,6488000000.0,10726000000.0,2130000000.0,1584000000.0,0.0,41697000000.0,115000000.0,627000000.0,,1785000000.0,,259000000.0,18092000000.0,,,13417000000.0,839000000.0,12578000000.0,4227000000.0,8351000000.0,2088000000.0,,376000000.0,7402000000.0,,,,,,,,,,,,,,,,,,,,,,,,,,,,,,,,,,,,,,,,,,,,,,,
DG.PA,Vinci,balance_sheet,2021-12-31,,,,,,,,,,,,,,,,,,,,,,,,,,,,,,,,,,,,,,,,,,,,1000000.0,,,,,,512000000.0,,,,,,,,,,,,,,,,,,,,7915000000.0,,,-734000000.0,8378000000.0,,,,,,,,,,,,,,,,,,,,,,,,,,,,,,,,,,,,,,,,,,,,,,,,,,,,,,,,
VIV.PA,Vivendi,balance_sheet,2025-12-31,34887667.0,995030458.0,1029918125.0,1147000000.0,1378000000.0,4439000000.0,6051000000.0,-1630000000.0,4439000000.0,31000000.0,4704000000.0,4704000000.0,4704000000.0,0.0,4704000000.0,,3630000000.0,865000000.0,566000000.0,566000000.0,2246000000.0,310000000.0,,0.0,,,138000000.0,18000000.0,18000000.0,0.0,154000000.0,1936000000.0,2000000.0,1360000000.0,13000000.0,1347000000.0,47000000.0,157000000.0,97000000.0,4000000.0,56000000.0,6950000000.0,6644000000.0,17000000.0,,6000000.0,1956000000.0,1956000000.0,4332000000.0,,,,265000000.0,1000000.0,264000000.0,68000000.0,,68000000.0,,68000000.0,,,,,306000000.0,0.0,2000000.0,,0.0,27000000.0,14000000.0,61000000.0,-8000000.0,69000000.0,202000000.0,2000000.0,200000000.0,198000000.0,2000000.0,357000000.0,,0.0,,,,,,,,,,,,,,,,,,,,,,,,,,,,,,,0.0,,,,,,,,,,,,,,,,,
VIV.PA,Vivendi,balance_sheet,2024-12-31,38106631.0,991811494.0,1029918125.0,2158000000.0,2238000000.0,4326000000.0,6789000000.0,-772000000.0,4326000000.0,41000000.0,4592000000.0,6585000000.0,4592000000.0,0.0,4592000000.0,,3576000000.0,865000000.0,566000000.0,566000000.0,3337000000.0,2326000000.0,,0.0,,,142000000.0,2022000000.0,29000000.0,1993000000.0,162000000.0,1011000000.0,,216000000.0,12000000.0,204000000.0,46000000.0,232000000.0,137000000.0,3000000.0,92000000.0,7929000000.0,7690000000.0,15000000.0,,10000000.0,2952000000.0,2952000000.0,4371000000.0,,,4371000000.0,266000000.0,2000000.0,264000000.0,76000000.0,-194000000.0,76000000.0,0.0,76000000.0,45000000.0,22000000.0,24000000.0,0.0,239000000.0,2000000.0,7000000.0,,0.0,31000000.0,29000000.0,62000000.0,-7000000.0,69000000.0,107000000.0,68000000.0,39000000.0,34000000.0,5000000.0,415000000.0,,0.0,1000000.0,,,,,,,,,,,,,,,,,,,,,,,,,,,,,,0.0,,,,,,,,,,,,,,,,,
VIV.PA,Vivendi,balance_sheet,2023-12-31,5204547.0,1024713578.0,1029918125.0,3319000000.0,8545000000.0,4108000000.0,22585000000.0,-3488000000.0,4108000000.0,3068000000.0,17108000000.0,19326000000.0,17237000000.0,129000000.0,17108000000.0,,,865000000.0,5664000000.0,5664000000.0,21014000000.0,6310000000.0,85000000.0,14000000.0,,,712000000.0,4716000000.0,2498000000.0,2218000000.0,783000000.0,14704000000.0,,3829000000.0,570000000.0,3259000000.0,381000000.0,9728000000.0,3296000000.0,104000000.0,6328000000.0,38251000000.0,27035000000.0,593000000.0,,463000000.0,2840000000.0,2840000000.0,5536000000.0,,207000000.0,5329000000.0,13000000000.0,1751000000.0,11249000000.0,4602000000.0,-4114000000.0,8716000000.0,158000000.0,7134000000.0,2895000000.0,1309000000.0,115000000.0,0.0,11216000000.0,25000000.0,314000000.0,,1028000000.0,1724000000.0,174000000.0,4480000000.0,-306000000.0,4786000000.0,2195000000.0,37000000.0,2158000000.0,1483000000.0,675000000.0,100000000.0,,1000000.0,1276000000.0,,,,,,,,,,,,,,,,,,,,,,,,,,,,,,0.0,,,,,,,,,,,,,,,,,
VIV.PA,Vivendi,balance_sheet,2022-12-31,83880000.0,1024682000.0,1108562000.0,1721000000.0,4368000000.0,7758000000.0,20997000000.0,981000000.0,7758000000.0,739000000.0,17368000000.0,20319000000.0,17604000000.0,236000000.0,17368000000.0,,11507000000.0,865000000.0,6097000000.0,6097000000.0,13676000000.0,4717000000.0,37000000.0,2000000.0,,,463000000.0,3573000000.0,622000000.0,2951000000.0,642000000.0,8959000000.0,,795000000.0,117000000.0,678000000.0,343000000.0,7199000000.0,2065000000.0,51000000.0,5083000000.0,31280000000.0,21340000000.0,409000000.0,,294000000.0,2283000000.0,2283000000.0,7132000000.0,,55000000.0,7077000000.0,9610000000.0,791000000.0,8819000000.0,1580000000.0,-2461000000.0,4041000000.0,51000000.0,1471000000.0,2004000000.0,451000000.0,64000000.0,0.0,9940000000.0,5000000.0,1169000000.0,,240000000.0,,118000000.0,4886000000.0,,,2549000000.0,641000000.0,1908000000.0,1908000000.0,436000000.0,1101000000.0,,32000000.0,973000000.0,,,,,,,,,,,,,,,,,,,,,,,,,,,,,,0.0,,,,,,,,,,,,,,,,,
VIV.PA,Vivendi,balance_sheet,2021-12-31,,,,,,,,,,,,,,,,,12990000000.0,,,,,,48000000.0,,,,,,,,,,-1000000.0,,,,,,,,,,,,,,,,,,50000000.0,8348000000.0,,,,,-583000000.0,,,,,1349000000.0,,0.0,,,,,,,,,,,,,,,,,,,861000000.0,,,,,,,,,,,,,,,,,,,,,,,,,,,,,,,,,,,,,,,,,,,,,,,
WLN.PA,Worldline,balance_sheet,2025-12-31,146014.0,27297016.0,27443030.0,1698200000.0,2879900000.0,-2428300000.0,5847800000.0,597700000.0,-2428300000.0,283500000.0,3251400000.0,5388100000.0,4041900000.0,790500000.0,3251400000.0,,-2632200000.0,5540300000.0,193100000.0,193100000.0,9103200000.0,2826400000.0,1600000.0,4000000.0,152300000.0,,255700000.0,2328000000.0,191300000.0,2136700000.0,84800000.0,6276800000.0,3597200000.0,551900000.0,92200000.0,459700000.0,3000000.0,736800000.0,,173800000.0,563000000.0,13145100000.0,6270500000.0,-100000.0,,51100000.0,74800000.0,74800000.0,34800000.0,,,34800000.0,5679700000.0,1839400000.0,3840300000.0,398100000.0,-547900000.0,946000000.0,,132500000.0,412600000.0,328800000.0,72100000.0,0.0,6874500000.0,3900000.0,1531200000.0,82200000.0,32800000.0,253600000.0,146900000.0,370300000.0,,370300000.0,942900000.0,44700000.0,898200000.0,80000000.0,818200000.0,,32100000.0,,3510700000.0,,,,32800000.0,,,,,,207000000.0,,,,,,,,,,,,,,,,,,,,,,,,,,,,,,,,,,,,,
WLN.PA,Worldline,balance_sheet,2024-12-31,146014.0,27297016.0,27443030.0,1861500000.0,4030300000.0,-2952400000.0,11873800000.0,368700000.0,-2952800000.0,402400000.0,8245900000.0,10571800000.0,9221900000.0,976000000.0,8245900000.0,,1969700000.0,5922700000.0,192800000.0,192800000.0,10202600000.0,3382200000.0,2300000.0,170500000.0,186500000.0,,341900000.0,2618000000.0,292100000.0,2325900000.0,63100000.0,6820300000.0,124600000.0,915400000.0,110300000.0,805100000.0,30400000.0,898900000.0,3842700000.0,237100000.0,661800000.0,19424500000.0,12235500000.0,-100000.0,11100000.0,57800000.0,361500000.0,361500000.0,29100000.0,,,29100000.0,11198700000.0,2194900000.0,9003800000.0,577400000.0,-736100000.0,1313500000.0,,605200000.0,166300000.0,418700000.0,123300000.0,0.0,7189000000.0,2600000.0,0.0,83800000.0,72200000.0,2406500000.0,99700000.0,427400000.0,,427400000.0,1799400000.0,33000000.0,1766400000.0,245000000.0,1521400000.0,,11100000.0,,2297400000.0,,,,76900000.0,,,,,,282600000.0,,,,,,,,,,,,,,,,,,,,,,,,,-4700000.0,,,,,,,,,,,,
WLN.PA,Worldline,balance_sheet,2023-12-31,29825.0,27355817.0,27385642.0,1573900000.0,3814800000.0,-2907800000.0,12045000000.0,433000000.0,-2907800000.0,344900000.0,8575100000.0,11098900000.0,9564200000.0,989100000.0,8575100000.0,,206400000.0,7990100000.0,192400000.0,192400000.0,12167700000.0,3712600000.0,5800000.0,231700000.0,190600000.0,,424700000.0,2782000000.0,258200000.0,2523800000.0,77800000.0,8455100000.0,6024100000.0,1032800000.0,86700000.0,946100000.0,13900000.0,1016300000.0,,260300000.0,756000000.0,21731900000.0,12843800000.0,200000.0,,30700000.0,738700000.0,738700000.0,29300000.0,,,29300000.0,11482900000.0,2424100000.0,9058800000.0,555800000.0,-724900000.0,1280700000.0,,109400000.0,661700000.0,384800000.0,124800000.0,0.0,8888100000.0,300000.0,,74900000.0,97700000.0,360000000.0,77100000.0,445800000.0,,445800000.0,1953800000.0,57800000.0,1896000000.0,140000000.0,1756000000.0,,6200000.0,,5878500000.0,,,,97700000.0,,,,,,205800000.0,,,,,,,,,,,,,,,,,,,,,,,,,,,,,,,,,,,,,
WLN.PA,Worldline,balance_sheet,2022-12-31,30696.0,27238316.0,27269012.0,2015900000.0,3941800000.0,-3267400000.0,12998800000.0,750500000.0,-3267400000.0,326400000.0,9383400000.0,12396200000.0,10538100000.0,1154700000.0,9383400000.0,-300000.0,1075600000.0,7981000000.0,191600000.0,191600000.0,11320400000.0,4268900000.0,3200000.0,186000000.0,159000000.0,,561700000.0,3266200000.0,253400000.0,3012800000.0,92800000.0,7051500000.0,4922400000.0,675600000.0,73000000.0,602600000.0,14500000.0,990100000.0,,272400000.0,717700000.0,21858500000.0,14056400000.0,300000.0,,98500000.0,761500000.0,761500000.0,3300000.0,,,3300000.0,12650800000.0,2467400000.0,10183400000.0,520500000.0,-658200000.0,1178700000.0,,79700000.0,597900000.0,375100000.0,126000000.0,0.0,7802000000.0,2800000.0,0.0,111000000.0,67600000.0,351500000.0,121000000.0,468200000.0,,468200000.0,1912500000.0,313000000.0,1599500000.0,230100000.0,1369400000.0,,21500000.0,,4767400000.0,,,,67600000.0,,,,,,262300000.0,,,,,,,,,,,,,,,,,,,,,,,,,,,,,,,,,,,,,
WLN.PA,Worldline,balance_sheet,2021-12-31,,,,,,,,,,,,,,,,-300000.0,,,,,,,,,,,,,,,,,,,,,,,,,,,,,,,,,,,,,,,,,,,,,,,,,,,3048500000.0,,,,,,,,,,,,,,,,,,,,,,,,,,,,,,,,,,,,,,,,,,,,,,,,,,,,,,,,,,,,,,,
ATO.PA,Atos,balance_sheet,2025-12-31,7.0,19412494.0,19412501.0,1170000000.0,2763000000.0,-1499000000.0,1499000000.0,1296000000.0,-1499000000.0,477000000.0,-787000000.0,1476000000.0,-790000000.0,-3000000.0,-787000000.0,1000000.0,-2694000000.0,1887000000.0,19000000.0,19000000.0,7112000000.0,3571000000.0,5000000.0,,597000000.0,,33000000.0,2578000000.0,315000000.0,2263000000.0,358000000.0,3541000000.0,662000000.0,185000000.0,162000000.0,23000000.0,373000000.0,622000000.0,,350000000.0,272000000.0,6322000000.0,1486000000.0,-3000000.0,,124000000.0,66000000.0,66000000.0,11000000.0,,,11000000.0,712000000.0,247000000.0,465000000.0,552000000.0,-1040000000.0,1592000000.0,,39000000.0,317000000.0,970000000.0,266000000.0,0.0,4837000000.0,,739000000.0,602000000.0,37000000.0,531000000.0,278000000.0,1361000000.0,,,1116000000.0,,1116000000.0,,,,24000000.0,,,129000000.0,,,,,,,44000000.0,,597000000.0,,,,,,,,,,,,,,,,,,,,,,,,,,,,,,,,,,,,,
ATO.PA,Atos,balance_sheet,2024-12-31,7.0,17903310.0,17903597.0,578000000.0,2811000000.0,-204000000.0,2905000000.0,2128000000.0,-204000000.0,705000000.0,799000000.0,2888000000.0,799000000.0,0.0,799000000.0,,-1106000000.0,1887000000.0,18000000.0,18000000.0,7447000000.0,3786000000.0,3000000.0,,782000000.0,,69000000.0,2587000000.0,498000000.0,2089000000.0,345000000.0,3661000000.0,345000000.0,224000000.0,207000000.0,17000000.0,315000000.0,623000000.0,,404000000.0,219000000.0,8246000000.0,2458000000.0,-5000000.0,7000000.0,184000000.0,125000000.0,125000000.0,12000000.0,,,12000000.0,1003000000.0,350000000.0,653000000.0,1132000000.0,-1119000000.0,2251000000.0,,82000000.0,773000000.0,1088000000.0,308000000.0,0.0,5789000000.0,,0.0,799000000.0,157000000.0,914000000.0,375000000.0,1734000000.0,,,1530000000.0,2000000.0,1528000000.0,7000000.0,1732000000.0,,7000000.0,,,211000000.0,,,,,,,69000000.0,,566000000.0,,,,,,,,,,,,,,,,,,,,,,,,,,,,,,,,,,,,,
ATO.PA,Atos,balance_sheet,2023-12-31,1040.0,1498939.0,1499979.0,2359000000.0,5476000000.0,-3348000000.0,4709000000.0,-570000000.0,-3348000000.0,822000000.0,55000000.0,2585000000.0,60000000.0,5000000.0,55000000.0,-1000000.0,-1554000000.0,1499000000.0,111000000.0,111000000.0,11234000000.0,4177000000.0,1000000.0,0.0,741000000.0,,35000000.0,3118000000.0,588000000.0,2530000000.0,282000000.0,7057000000.0,269000000.0,2358000000.0,234000000.0,2124000000.0,280000000.0,2005000000.0,,516000000.0,1489000000.0,11294000000.0,4806000000.0,2000000.0,3000000.0,206000000.0,139000000.0,139000000.0,11000000.0,,,11000000.0,3403000000.0,527000000.0,2876000000.0,1042000000.0,-1196000000.0,2238000000.0,,105000000.0,728000000.0,1087000000.0,318000000.0,0.0,6487000000.0,,0.0,577000000.0,175000000.0,1460000000.0,439000000.0,1443000000.0,,,2308000000.0,13000000.0,2295000000.0,10000000.0,2285000000.0,,,,,,,,,,,,85000000.0,,632000000.0,,,,,,,,,,,,,,,,,,,,,,,,,,,,,,,,,,,,,
ATO.PA,Atos,balance_sheet,2022-12-31,3057.0,1490357.0,1493414.0,1531000000.0,5875000000.0,-2430000000.0,8655000000.0,235000000.0,-2430000000.0,1013000000.0,3793000000.0,6243000000.0,3800000000.0,7000000.0,3793000000.0,,2183000000.0,1499000000.0,111000000.0,111000000.0,12594000000.0,4451000000.0,1000000.0,13000000.0,639000000.0,,148000000.0,3154000000.0,704000000.0,2450000000.0,496000000.0,8143000000.0,301000000.0,2721000000.0,309000000.0,2412000000.0,245000000.0,2064000000.0,,474000000.0,1590000000.0,16394000000.0,8017000000.0,3000000.0,28000000.0,294000000.0,156000000.0,156000000.0,8000000.0,,,8000000.0,6223000000.0,919000000.0,5304000000.0,1305000000.0,-1092000000.0,2397000000.0,,127000000.0,726000000.0,1235000000.0,309000000.0,0.0,8378000000.0,,876000000.0,597000000.0,157000000.0,452000000.0,344000000.0,2603000000.0,,,3349000000.0,18000000.0,3331000000.0,75000000.0,3256000000.0,,,,,,,,,,,,101000000.0,,602000000.0,,,,,,,,,,,,,,,,,,,,,,,,,,,,,,,,,,,,,
ATO.PA,Atos,balance_sheet,2021-12-31,,,,,,,,,,,,,,,,,,,,,,,,40000000.0,,,,,,,,,,,,,,,,,,,,,261000000.0,,,,,,,,,,,,,,,,,,,,,14000000.0,,,,,,,,,,14000000.0,,59000000.0,3313000000.0,,,,,,,,,,,,,,,,,,,,,,,,,,,,,,,,,,,,,,,,,,,,,,,,,,,
BVI.PA,Bureau Veritas,balance_sheet,2025-12-31,10218830.0,443652690.0,453871520.0,1253700000.0,3085400000.0,-956100000.0,4330800000.0,1159000000.0,-956100000.0,465600000.0,1711000000.0,4100900000.0,1753200000.0,42200000.0,1711000000.0,,1656500000.0,,54500000.0,54500000.0,5310200000.0,3106200000.0,,28700000.0,144300000.0,,84500000.0,2737500000.0,347600000.0,2389900000.0,96800000.0,2204000000.0,,347900000.0,118000000.0,229900000.0,,1507300000.0,97800000.0,852600000.0,556900000.0,7063400000.0,3700400000.0,,,136900000.0,75700000.0,75700000.0,6800000.0,,6800000.0,,2667100000.0,393400000.0,2273700000.0,813900000.0,-1391600000.0,2205500000.0,16000000.0,222400000.0,1243700000.0,702000000.0,21400000.0,0.0,3363000000.0,3200000.0,48700000.0,,,444000000.0,56300000.0,1434900000.0,,,1375900000.0,9800000.0,1366100000.0,508200000.0,857900000.0,,,,,,,,,,,,,,,,,,,,,13500000.0,,,,,,,,,,,,,,,,,,,,,,,,,,,,,,
BVI.PA,Bureau Veritas,balance_sheet,2024-12-31,5396991.0,448512647.0,453909638.0,1226700000.0,2873200000.0,-805700000.0,4402600000.0,834500000.0,-805700000.0,442300000.0,1971700000.0,3868200000.0,2035800000.0,64100000.0,1971700000.0,,1917200000.0,,54500000.0,54500000.0,5159100000.0,2619700000.0,,58000000.0,148800000.0,,102600000.0,2224500000.0,328000000.0,1896500000.0,77500000.0,2539400000.0,96300000.0,648700000.0,114300000.0,534400000.0,,1523000000.0,121900000.0,857500000.0,543600000.0,7194900000.0,3821000000.0,999100000.0,,131900000.0,94900000.0,94900000.0,5300000.0,,5300000.0,,2777400000.0,464400000.0,2313000000.0,811500000.0,-1395400000.0,2206900000.0,17100000.0,239100000.0,1238200000.0,688800000.0,23700000.0,0.0,3373900000.0,5400000.0,151800000.0,,,472800000.0,46600000.0,1481800000.0,,,1215500000.0,11300000.0,1204200000.0,341800000.0,862400000.0,,,,,,,,,,,,,,,,,,,,,7300000.0,,,,,,,,,,,,,,,,,,,,,,,,,,,,,,
BVI.PA,Bureau Veritas,balance_sheet,2023-12-31,240685.0,453630835.0,453871520.0,937000000.0,2538100000.0,-551300000.0,4047000000.0,1257900000.0,-551300000.0,427200000.0,1936100000.0,4015800000.0,1993800000.0,57700000.0,1936100000.0,,1881600000.0,,54500000.0,54500000.0,4650600000.0,2777500000.0,,65500000.0,147200000.0,,85000000.0,2399400000.0,319700000.0,2079700000.0,72200000.0,1873100000.0,76800000.0,138700000.0,107500000.0,31200000.0,,1323100000.0,28000000.0,774500000.0,520600000.0,6644400000.0,3513400000.0,,103400000.0,136600000.0,103400000.0,103400000.0,5500000.0,,5500000.0,,2487400000.0,360000000.0,2127400000.0,780500000.0,-385000000.0,1165500000.0,19300000.0,389000000.0,202800000.0,573700000.0,17500000.0,0.0,3131000000.0,4100000.0,0.0,,49300000.0,325900000.0,33500000.0,1584500000.0,,,1183000000.0,9100000.0,1173900000.0,422500000.0,751400000.0,,,,,,,,,,,,,,,,,,,,,7000000.0,,,,,,,,,,,,,,,,,,,,,,,,,,,,,,
BVI.PA,Bureau Veritas,balance_sheet,2022-12-31,172840.0,452271614.0,452444454.0,975300000.0,3045200000.0,-674100000.0,4499500000.0,1217200000.0,-674100000.0,407800000.0,1862100000.0,3964100000.0,1928000000.0,65900000.0,1862100000.0,,1807800000.0,,54300000.0,54300000.0,5191200000.0,2812200000.0,,92600000.0,141700000.0,,88100000.0,2410400000.0,308400000.0,2102000000.0,72900000.0,2379000000.0,,634800000.0,99400000.0,535400000.0,,1398400000.0,100200000.0,740600000.0,557600000.0,7119200000.0,3523000000.0,,106800000.0,122600000.0,106800000.0,106800000.0,1300000.0,,1300000.0,,2536200000.0,392500000.0,2143700000.0,756100000.0,-1340100000.0,2096200000.0,28300000.0,238500000.0,1185100000.0,625800000.0,18500000.0,0.0,3596200000.0,6300000.0,,,54700000.0,310300000.0,42200000.0,1553200000.0,,,1684200000.0,22100000.0,1662100000.0,720800000.0,941300000.0,,,,,,,,,,,,,,,,,,,,,600000.0,,,,,,,,,,,,,,,,,,,,,,,,,,,,,,
BVI.PA,Bureau Veritas,balance_sheet,2021-12-31,,,,,,,,,,,,,,,,,,,,,,,,,,,,,,,,,,,,,,,,,,,,,105800000.0,,,,,,,,,,,,,,,,,,,,,,,23600000.0,57600000.0,,,,,,,,,,,,,,,,,,,,,,,,,,,,,,,,,,,,,,,,,,,,,,,,,,,,,,,,,,,,,
SW.PA,Sodexo,balance_sheet,2025-08-31,,,,2678000000.0,5422000000.0,,8543000000.0,,,,,7726000000.0,,,,,,,,,,,5000000.0,17000000.0,284000000.0,,140000000.0,4450000000.0,,3941000000.0,61000000.0,,,972000000.0,,817000000.0,35000000.0,3127000000.0,148000000.0,358000000.0,2621000000.0,,,,,,198000000.0,198000000.0,,,,,,,,,-2215000000.0,3402000000.0,228000000.0,702000000.0,1948000000.0,446000000.0,78000000.0,0.0,,0.0,,188000000.0,,483000000.0,,3129000000.0,-109000000.0,3238000000.0,2080000000.0,,2080000000.0,92000000.0,1988000000.0,,,4000000.0,,11000000.0,,,,,,,,,1221000000.0,,,,,,,256000000.0,,,,,,,,,,,,,,,,,,,,,,,,,,,,2000000.0,,
SW.PA,Sodexo,balance_sheet,2024-08-31,1064010.0,146390877.0,147454887.0,2586000000.0,5436000000.0,-2219000000.0,8489000000.0,475000000.0,-2219000000.0,728000000.0,3781000000.0,7765000000.0,3797000000.0,16000000.0,3781000000.0,,,248000000.0,590000000.0,590000000.0,11227000000.0,5305000000.0,2000000.0,26000000.0,300000000.0,,164000000.0,4565000000.0,581000000.0,3984000000.0,67000000.0,5922000000.0,1000000.0,871000000.0,147000000.0,724000000.0,42000000.0,3295000000.0,146000000.0,537000000.0,2612000000.0,15024000000.0,8627000000.0,62000000.0,,199000000.0,198000000.0,198000000.0,71000000.0,,,,6000000000.0,436000000.0,5564000000.0,1225000000.0,-2189000000.0,3414000000.0,253000000.0,788000000.0,1878000000.0,424000000.0,71000000.0,0.0,6397000000.0,1000000.0,27000000.0,193000000.0,322000000.0,424000000.0,148000000.0,3145000000.0,-115000000.0,3260000000.0,2122000000.0,61000000.0,2122000000.0,65000000.0,2057000000.0,,,1000000.0,,15000000.0,,,,,712000000.0,,,,1208000000.0,,,,,,,181000000.0,,,,,,,,,,,,,,,,,,,,,,,,,,,,5000000.0,,
SW.PA,Sodexo,balance_sheet,2023-08-31,1084126.0,146370761.0,147454887.0,3527000000.0,6383000000.0,-1475000000.0,10093000000.0,1588000000.0,-1475000000.0,831000000.0,4541000000.0,9560000000.0,4553000000.0,12000000.0,4541000000.0,,,248000000.0,590000000.0,590000000.0,16241000000.0,6441000000.0,179000000.0,33000000.0,288000000.0,,168000000.0,5702000000.0,683000000.0,5019000000.0,71000000.0,9800000000.0,1000000.0,681000000.0,148000000.0,533000000.0,47000000.0,3033000000.0,131000000.0,400000000.0,2502000000.0,20794000000.0,9406000000.0,77000000.0,,192000000.0,925000000.0,925000000.0,66000000.0,,,,6016000000.0,448000000.0,5568000000.0,1297000000.0,-2122000000.0,3419000000.0,227000000.0,826000000.0,1870000000.0,428000000.0,68000000.0,0.0,11388000000.0,5000000.0,5319000000.0,223000000.0,324000000.0,407000000.0,84000000.0,3001000000.0,-107000000.0,3108000000.0,2025000000.0,,2025000000.0,34000000.0,1991000000.0,,,2000000.0,,0.0,,,,,687000000.0,,,,1219000000.0,,,,,,,,,,,,,,,,,,,,,,,,,,,,,,,,,,,13000000.0,,
SW.PA,Sodexo,balance_sheet,2022-08-31,,145981841.0,145981841.0,2492000000.0,6660000000.0,-2874000000.0,10132000000.0,863000000.0,-2874000000.0,943000000.0,4415000000.0,10090000000.0,4425000000.0,10000000.0,4415000000.0,,,248000000.0,590000000.0,590000000.0,16495000000.0,7223000000.0,197000000.0,34000000.0,316000000.0,,179000000.0,6434000000.0,759000000.0,5675000000.0,63000000.0,9272000000.0,3509000000.0,226000000.0,184000000.0,42000000.0,64000000.0,3392000000.0,218000000.0,467000000.0,2707000000.0,20920000000.0,10785000000.0,172000000.0,,154000000.0,863000000.0,863000000.0,73000000.0,,,,7289000000.0,678000000.0,6611000000.0,1405000000.0,-2199000000.0,3604000000.0,238000000.0,864000000.0,1998000000.0,429000000.0,75000000.0,0.0,10135000000.0,3000000.0,5000000.0,251000000.0,352000000.0,577000000.0,171000000.0,4294000000.0,-160000000.0,4454000000.0,3225000000.0,,3225000000.0,524000000.0,2701000000.0,,,0.0,,1257000000.0,,,,,667000000.0,,,,1494000000.0,,,,,,,,,,,,,,,,,,,,,,,,,,,,,,,,,,,14000000.0,,
FR.PA,Valeo,balance_sheet,2025-12-31,2650101.0,242957523.0,245607624.0,3948000000.0,6561000000.0,-2896000000.0,9750000000.0,-1365000000.0,-2896000000.0,132000000.0,3321000000.0,8753000000.0,4071000000.0,750000000.0,3321000000.0,,2106000000.0,1595000000.0,246000000.0,246000000.0,16199000000.0,6681000000.0,,1000000.0,698000000.0,147000000.0,68000000.0,5432000000.0,,5432000000.0,335000000.0,9518000000.0,2436000000.0,1129000000.0,132000000.0,997000000.0,541000000.0,5240000000.0,,142000000.0,5098000000.0,20270000000.0,12117000000.0,,,805000000.0,32000000.0,2000000.0,64000000.0,,64000000.0,64000000.0,6217000000.0,3231000000.0,2986000000.0,4667000000.0,-12326000000.0,16993000000.0,9000000.0,13860000000.0,,2855000000.0,269000000.0,0.0,8153000000.0,86000000.0,25000000.0,,1862000000.0,936000000.0,58000000.0,2705000000.0,-31000000.0,2736000000.0,2481000000.0,,2481000000.0,1247000000.0,1234000000.0,,29000000.0,4000000.0,659000000.0,,598000000.0,216000000.0,769000000.0,,272000000.0,,,,77000000.0,30000000.0,,,,,,,,,,,,,,,,,,,,,,,279000000.0,,,,,,,,,,,,,
FR.PA,Valeo,balance_sheet,2024-12-31,1657184.0,242976320.0,244633504.0,3258000000.0,7037000000.0,-2686000000.0,4563000000.0,-2112000000.0,-2686000000.0,626000000.0,3719000000.0,3719000000.0,4515000000.0,796000000.0,3719000000.0,,1919000000.0,1588000000.0,245000000.0,245000000.0,17143000000.0,6156000000.0,,2000000.0,782000000.0,149000000.0,48000000.0,4859000000.0,508000000.0,4351000000.0,316000000.0,10987000000.0,2497000000.0,2178000000.0,118000000.0,844000000.0,573000000.0,5506000000.0,,124000000.0,5382000000.0,21658000000.0,12783000000.0,,34000000.0,740000000.0,35000000.0,1000000.0,110000000.0,,,110000000.0,6405000000.0,3319000000.0,3086000000.0,5102000000.0,-12311000000.0,17413000000.0,16000000.0,14238000000.0,,2856000000.0,303000000.0,0.0,8875000000.0,57000000.0,104000000.0,,2110000000.0,979000000.0,64000000.0,2408000000.0,-29000000.0,2437000000.0,3153000000.0,,3153000000.0,1585000000.0,1568000000.0,,31000000.0,23000000.0,,,642000000.0,269000000.0,881000000.0,,312000000.0,,,,79000000.0,34000000.0,,,,,,,,,,,,,,,,,,,,,,,318000000.0,,,,,,,,,,,,,
FR.PA,Valeo,balance_sheet,2023-12-31,712384.0,243921120.0,244633504.0,3465000000.0,7071000000.0,-2594000000.0,4632000000.0,-1476000000.0,-2594000000.0,581000000.0,3575000000.0,3575000000.0,4360000000.0,785000000.0,3575000000.0,,1905000000.0,1588000000.0,245000000.0,245000000.0,17396000000.0,6548000000.0,,1000000.0,819000000.0,139000000.0,46000000.0,5057000000.0,474000000.0,4583000000.0,486000000.0,10848000000.0,2462000000.0,2014000000.0,107000000.0,1057000000.0,502000000.0,5561000000.0,,112000000.0,5449000000.0,21756000000.0,12384000000.0,,33000000.0,603000000.0,40000000.0,7000000.0,110000000.0,,,110000000.0,6169000000.0,3057000000.0,3112000000.0,5065000000.0,-11689000000.0,16754000000.0,27000000.0,13666000000.0,,2752000000.0,309000000.0,0.0,9372000000.0,112000000.0,225000000.0,,2365000000.0,1123000000.0,33000000.0,2489000000.0,-26000000.0,2515000000.0,3025000000.0,,3025000000.0,2286000000.0,739000000.0,,45000000.0,31000000.0,,,658000000.0,242000000.0,1080000000.0,,321000000.0,,,,79000000.0,33000000.0,,,,,,,,,,,,,,,,,,,,,,,385000000.0,,,,,,,,,,,,,
FR.PA,Valeo,balance_sheet,2022-12-31,2385577.0,241116367.0,243501944.0,3909000000.0,7342000000.0,-2195000000.0,5061000000.0,-1190000000.0,-2195000000.0,104000000.0,3822000000.0,3822000000.0,4612000000.0,790000000.0,3822000000.0,,1830000000.0,1573000000.0,244000000.0,244000000.0,17417000000.0,6723000000.0,120000000.0,42000000.0,747000000.0,120000000.0,58000000.0,5074000000.0,513000000.0,5074000000.0,682000000.0,10694000000.0,1986000000.0,2268000000.0,104000000.0,1239000000.0,494000000.0,5689000000.0,,103000000.0,5586000000.0,22029000000.0,12525000000.0,2000000.0,33000000.0,555000000.0,40000000.0,7000000.0,110000000.0,,,110000000.0,6017000000.0,2772000000.0,3245000000.0,5309000000.0,-11316000000.0,16625000000.0,26000000.0,13530000000.0,10122000000.0,2740000000.0,329000000.0,0.0,9504000000.0,85000000.0,78000000.0,,2383000000.0,1045000000.0,30000000.0,2554000000.0,-28000000.0,2582000000.0,3329000000.0,,3329000000.0,640000000.0,2689000000.0,,49000000.0,74000000.0,,,635000000.0,242000000.0,1191000000.0,,366000000.0,,,,77000000.0,33000000.0,,,,,,,,,,,,,,,,,,,,,,,315000000.0,,,,,,,,,,,,,
FR.PA,Valeo,balance_sheet,2021-12-31,,,,,,,,,,,,,,,,,,,,,,,99000000.0,,,,,,408000000.0,,,,,,,,,,,,,,,,31000000.0,,,,,,,,,,,,,,,,9120000000.0,,,,,,,,,,,,,,,,,,,,,,664000000.0,,,,,,,,,,,,,,,,,,,,,,,,,,,,,,,,,,,,,,,,,,,,,,,
GET.PA,Getlink,balance_sheet,2025-12-31,8191098.0,541808902.0,550000000.0,3677000000.0,5090000000.0,2539000000.0,7793000000.0,1246000000.0,2539000000.0,65000000.0,2768000000.0,7684000000.0,2769000000.0,1000000.0,2768000000.0,-39000000.0,1122000000.0,1452000000.0,220000000.0,220000000.0,6237000000.0,5698000000.0,,192000000.0,6000000.0,,,4961000000.0,45000000.0,4916000000.0,516000000.0,539000000.0,,129000000.0,20000000.0,109000000.0,29000000.0,285000000.0,63000000.0,102000000.0,120000000.0,9006000000.0,7221000000.0,,,248000000.0,352000000.0,352000000.0,2000000.0,,,,229000000.0,175000000.0,54000000.0,6385000000.0,-8946000000.0,15331000000.0,529000000.0,9784000000.0,2097000000.0,,2921000000.0,0.0,1785000000.0,,,27000000.0,4000000.0,123000000.0,,122000000.0,-5000000.0,127000000.0,1509000000.0,161000000.0,1348000000.0,856000000.0,492000000.0,,5000000.0,,,,,,,,,,,,,,,,,,,,,,,,,,,,,,,,,,,,,,,,,,,,,,,,,
GET.PA,Getlink,balance_sheet,2024-12-31,8556442.0,541443558.0,550000000.0,3880000000.0,5488000000.0,2257000000.0,7907000000.0,518000000.0,2257000000.0,69000000.0,2488000000.0,6964000000.0,2488000000.0,0.0,2488000000.0,-47000000.0,911000000.0,1657000000.0,220000000.0,220000000.0,6748000000.0,5308000000.0,1000000.0,342000000.0,6000000.0,,,4526000000.0,50000000.0,4476000000.0,406000000.0,1440000000.0,53000000.0,962000000.0,19000000.0,943000000.0,24000000.0,328000000.0,75000000.0,108000000.0,145000000.0,9236000000.0,7278000000.0,,,215000000.0,407000000.0,407000000.0,0.0,,,,231000000.0,171000000.0,60000000.0,6418000000.0,-8777000000.0,15195000000.0,430000000.0,9781000000.0,2089000000.0,,2895000000.0,0.0,1958000000.0,,,17000000.0,4000000.0,100000000.0,,124000000.0,-5000000.0,129000000.0,1713000000.0,174000000.0,1539000000.0,1186000000.0,353000000.0,,7000000.0,,,,,,,,,,,,,,,,,,,,,,,,,,,,,,,,,,,,,,,,,,,,,,,,,
GET.PA,Getlink,balance_sheet,2023-12-31,8941601.0,541058399.0,550000000.0,4049000000.0,5399000000.0,2279000000.0,7793000000.0,1234000000.0,2279000000.0,75000000.0,2469000000.0,7706000000.0,2469000000.0,0.0,2469000000.0,-54000000.0,889000000.0,1657000000.0,220000000.0,220000000.0,6558000000.0,5993000000.0,,367000000.0,5000000.0,,,5295000000.0,58000000.0,5237000000.0,298000000.0,565000000.0,62000000.0,104000000.0,17000000.0,87000000.0,22000000.0,302000000.0,55000000.0,99000000.0,148000000.0,9027000000.0,7228000000.0,,,170000000.0,398000000.0,398000000.0,0.0,,,,190000000.0,170000000.0,20000000.0,6460000000.0,-8596000000.0,15056000000.0,327000000.0,9758000000.0,2099000000.0,,2872000000.0,0.0,1799000000.0,,,14000000.0,3000000.0,82000000.0,,113000000.0,-5000000.0,118000000.0,1587000000.0,312000000.0,1275000000.0,1084000000.0,191000000.0,,10000000.0,,,,,,,,,,,,,,,,,,,,,,,,,,,,,,,,,,,,,,,,,,,,,,,,,
GET.PA,Getlink,balance_sheet,2022-12-31,9498351.0,540501649.0,550000000.0,4050000000.0,5306000000.0,2261000000.0,7678000000.0,819000000.0,2261000000.0,60000000.0,2432000000.0,7600000000.0,2432000000.0,0.0,2432000000.0,,252000000.0,1712000000.0,220000000.0,220000000.0,6285000000.0,5719000000.0,,331000000.0,5000000.0,,,5211000000.0,43000000.0,5168000000.0,142000000.0,566000000.0,2000000.0,95000000.0,17000000.0,78000000.0,27000000.0,262000000.0,46000000.0,75000000.0,141000000.0,8717000000.0,7332000000.0,,,203000000.0,401000000.0,401000000.0,0.0,,,,171000000.0,151000000.0,20000000.0,6545000000.0,-8610000000.0,15155000000.0,287000000.0,9675000000.0,2331000000.0,,2862000000.0,0.0,1385000000.0,,,14000000.0,3000000.0,59000000.0,,113000000.0,-5000000.0,118000000.0,1196000000.0,,1196000000.0,450000000.0,746000000.0,,12000000.0,,,,,,,,,,,,,374995000.0,,,,,,,,,,,,,,,,,,,,,,,,,,,,,,,,,,,,
GET.PA,Getlink,balance_sheet,2021-12-31,,,,,,,,,,,,,,,,,,,,,,,,,,,,,,,,,,,,,,,,,,,,,,,,,,,,,,,,,,,,,,,,,,,,,,,,,,,,,,,,,,,,,,,,,,,,,,377983000.0,,,,,,,,,,,,,,,,,,,,,,,,,,,,,,,,,,,,
ELIS.PA,Elis,balance_sheet,2025-12-31,371778.0,232476810.0,232848588.0,3020300000.0,4121600000.0,-800800000.0,7230900000.0,-398500000.0,-800800000.0,703200000.0,3812500000.0,6430300000.0,3812500000.0,0.0,3812500000.0,100000.0,1587400000.0,2395100000.0,232800000.0,232800000.0,5760400000.0,3707800000.0,12400000.0,32300000.0,93200000.0,,287000000.0,3181000000.0,563200000.0,2617800000.0,101900000.0,2052600000.0,16300000.0,940600000.0,140000000.0,800600000.0,9400000.0,690500000.0,64900000.0,233400000.0,392200000.0,9572900000.0,7918900000.0,65800000.0,,41600000.0,,,200000.0,,,,4613300000.0,573600000.0,4039700000.0,3181500000.0,-3570500000.0,6752000000.0,,2563800000.0,2642400000.0,376900000.0,1168900000.0,0.0,1654100000.0,900000.0,0.0,22200000.0,205900000.0,160200000.0,25300000.0,838600000.0,-56200000.0,894800000.0,398100000.0,,398100000.0,101700000.0,296300000.0,12700000.0,13500000.0,0.0,2900000.0,,159400000.0,9700000.0,36700000.0,,,,22200000.0,,303100000.0,,,,,,,12300000.0,,,,,,,,,,,,,,,,,100000.0,,,,,,,,,,,,,
ELIS.PA,Elis,balance_sheet,2024-12-31,184855.0,236479590.0,236664445.0,3038100000.0,4266300000.0,-982400000.0,7258200000.0,-382800000.0,-982400000.0,606200000.0,3598100000.0,6251200000.0,3598100000.0,0.0,3598100000.0,,1303500000.0,2485200000.0,236700000.0,236700000.0,5794400000.0,3647700000.0,5000000.0,9600000.0,108600000.0,,298000000.0,3133400000.0,480300000.0,2653100000.0,93100000.0,2146700000.0,34200000.0,1132900000.0,125900000.0,1007000000.0,11800000.0,602200000.0,43000000.0,194500000.0,364700000.0,9392500000.0,7628600000.0,61600000.0,,43300000.0,,,100000.0,,,,4580500000.0,648400000.0,3932100000.0,2927800000.0,-4005200000.0,6933000000.0,,3108000000.0,2445600000.0,324000000.0,1055400000.0,0.0,1763900000.0,5700000.0,0.0,19400000.0,200000000.0,121800000.0,21500000.0,771000000.0,-53400000.0,824400000.0,622000000.0,,622000000.0,170300000.0,451800000.0,2700000.0,4500000.0,7100000.0,2500000.0,,153100000.0,9500000.0,37300000.0,,,,19400000.0,,278600000.0,,,,,,,4400000.0,,,,,,,,,,,,,,,,,100000.0,,,,,,,,,,,,,
ELIS.PA,Elis,balance_sheet,2023-12-31,63755.0,233936292.0,234000047.0,3025400000.0,4229000000.0,-1211600000.0,7165900000.0,-372800000.0,-1211600000.0,538300000.0,3475200000.0,6192700000.0,3475900000.0,700000.0,3475200000.0,,1053300000.0,2477700000.0,234000000.0,234000000.0,5831000000.0,3688100000.0,41100000.0,17100000.0,90700000.0,,296900000.0,3148300000.0,430800000.0,2717500000.0,94000000.0,2142900000.0,96900000.0,1080700000.0,107500000.0,973200000.0,17100000.0,599600000.0,49100000.0,194800000.0,355700000.0,9306900000.0,7536600000.0,61400000.0,,46900000.0,100000.0,,100000.0,,,,4686800000.0,707600000.0,3979200000.0,2724300000.0,-3687600000.0,6411900000.0,,2827700000.0,2266400000.0,320500000.0,997300000.0,0.0,1770100000.0,1400000.0,0.0,15700000.0,185600000.0,124700000.0,24500000.0,750700000.0,-57200000.0,807900000.0,665300000.0,,665300000.0,7700000.0,287400000.0,700000.0,12300000.0,1900000.0,2200000.0,370000000.0,127200000.0,16700000.0,41600000.0,,,,15700000.0,,259100000.0,,,,,,,31300000.0,,,,,,,,,,,,,100000.0,,,,100000.0,,,,,,,,,,,,,
ELIS.PA,Elis,balance_sheet,2022-12-31,133775.0,230013482.0,230147257.0,3178100000.0,3949700000.0,-1466100000.0,6675700000.0,-148400000.0,-1466100000.0,485500000.0,3211500000.0,6246400000.0,3212300000.0,800000.0,3211500000.0,100000.0,866200000.0,2440900000.0,230100000.0,230100000.0,5422000000.0,3964600000.0,69300000.0,0.0,69400000.0,,308900000.0,3425200000.0,390300000.0,3034900000.0,91800000.0,1457400000.0,45500000.0,524500000.0,95200000.0,429300000.0,10400000.0,568000000.0,38400000.0,203200000.0,326400000.0,8634300000.0,7325300000.0,60400000.0,,43000000.0,,,100000.0,,100000.0,,4677600000.0,763500000.0,3914100000.0,2506700000.0,-3275200000.0,5781900000.0,,2448800000.0,2088900000.0,311400000.0,932800000.0,0.0,1309000000.0,1700000.0,200000.0,14400000.0,195200000.0,109500000.0,18200000.0,682500000.0,-54400000.0,736900000.0,286100000.0,,286100000.0,3400000.0,282700000.0,1700000.0,18700000.0,15600000.0,1300000.0,59700000.0,118600000.0,20800000.0,55800000.0,,,,14300000.0,,220400000.0,,,,,,,56500000.0,,,,,,,,,,,,,,,,,,,,,,,,,,,,,,
ELIS.PA,Elis,balance_sheet,2021-12-31,,,,,,,,,,,,,,,,100000.0,,,,,,,,,,,,,,,,,,,,,,,,,,,,,,,100000.0,,,,,,,,,,,,,,,,,,,,,,,,,,,,,,,,,,,,,33600000.0,,,,,,,,,,,,,,,,,,,,,,,,,,,,,100000.0,,,,-100000.0,,,,,,,,,,,,,
RXL.PA,Rexel,balance_sheet,2025-12-31,2890248.0,293205756.0,296096004.0,2568200000.0,5094000000.0,-172800000.0,8999900000.0,2857800000.0,-172800000.0,1488300000.0,5394200000.0,8328500000.0,5405700000.0,11500000.0,5394200000.0,,3663200000.0,461200000.0,1480500000.0,1480500000.0,8960900000.0,4807400000.0,23000000.0,17500000.0,100100000.0,,309400000.0,4182500000.0,1248200000.0,2934300000.0,165700000.0,4153500000.0,365200000.0,911500000.0,240100000.0,671400000.0,,2511100000.0,254600000.0,85600000.0,2170900000.0,14366600000.0,7355200000.0,,58600000.0,30700000.0,,,,,,,5567000000.0,1659300000.0,3907700000.0,1695900000.0,-782100000.0,2478000000.0,,177400000.0,912800000.0,1215800000.0,172000000.0,0.0,7011300000.0,0.0,0.0,43400000.0,2364100000.0,824600000.0,59600000.0,2682000000.0,-105100000.0,2787100000.0,1037500000.0,,1037500000.0,,1037500000.0,,,1000000.0,100000.0,,,,,,1500000.0,,,,355100000.0,,,,,,,9200000.0,,,,,,,,,,,,,,,,,2499300000.0,-135200000.0,,,,,,,,,,,,
RXL.PA,Rexel,balance_sheet,2024-12-31,2847481.0,295385588.0,298233069.0,2322500000.0,4727100000.0,-89300000.0,8770000000.0,2198900000.0,-89300000.0,1521300000.0,5564200000.0,7894200000.0,5569900000.0,5700000.0,5564200000.0,-300000.0,3432700000.0,521300000.0,1491200000.0,1491200000.0,8838300000.0,4122600000.0,48000000.0,21600000.0,105600000.0,,295700000.0,3607600000.0,1277600000.0,2330000000.0,35400000.0,4715700000.0,558000000.0,1119500000.0,243700000.0,875800000.0,,2643100000.0,253300000.0,84400000.0,2305400000.0,14408200000.0,7493500000.0,-400000.0,54500000.0,23300000.0,,,,,,,5653500000.0,1675000000.0,3978500000.0,1750000000.0,-768700000.0,2518700000.0,,176500000.0,920900000.0,1246700000.0,174600000.0,0.0,6914600000.0,1300000.0,32500000.0,40900000.0,2485700000.0,724400000.0,52100000.0,2694400000.0,-136300000.0,2830700000.0,883300000.0,,883300000.0,,883300000.0,,,2300000.0,,,,,,,9800000.0,,,,343900000.0,,,,,,,8700000.0,,,,,,,,,,,,,,,,,2635200000.0,-149500000.0,,,,,,,,,,,,
RXL.PA,Rexel,balance_sheet,2023-12-31,2812996.0,297907239.0,300720235.0,1909000000.0,4183600000.0,326700000.0,8352800000.0,2872900000.0,326700000.0,1361900000.0,5531100000.0,8124100000.0,5531100000.0,100000.0,5531100000.0,,3448300000.0,589000000.0,1503600000.0,1503600000.0,8118500000.0,4273400000.0,17400000.0,32900000.0,158700000.0,,295300000.0,3733500000.0,1140500000.0,2593000000.0,27200000.0,3845100000.0,368400000.0,450100000.0,221400000.0,228700000.0,,2661700000.0,247900000.0,114500000.0,2299300000.0,13649600000.0,6931600000.0,-200000.0,48900000.0,67200000.0,,,,,,,5204400000.0,1482000000.0,3722400000.0,1587100000.0,-723800000.0,2310900000.0,,134200000.0,862900000.0,1138500000.0,175300000.0,0.0,6718000000.0,1800000.0,0.0,43400000.0,2386400000.0,693600000.0,56300000.0,2623800000.0,-144600000.0,2768400000.0,912700000.0,,912700000.0,,912700000.0,,,7400000.0,,,,,,,16100000.0,,,,356300000.0,,,,,,,8400000.0,,,,,,,,,,,,,,,,,2532000000.0,-145600000.0,,,,,,,,,,,,
RXL.PA,Rexel,balance_sheet,2022-12-31,555407.0,302857858.0,303413265.0,1413200000.0,3551700000.0,659800000.0,7590400000.0,2384000000.0,659800000.0,1243100000.0,5281800000.0,7050300000.0,5281800000.0,100000.0,5281800000.0,,2716800000.0,1015800000.0,1517100000.0,1517100000.0,7627900000.0,3284000000.0,8300000.0,47400000.0,164100000.0,,232400000.0,2808000000.0,1039500000.0,1768500000.0,23800000.0,4343900000.0,378000000.0,743700000.0,203600000.0,540100000.0,,3125400000.0,630700000.0,122900000.0,2371800000.0,12909700000.0,6181800000.0,,44500000.0,63500000.0,5700000.0,5700000.0,,,,,4622000000.0,1167500000.0,3454500000.0,1429900000.0,-657700000.0,2087600000.0,,45500000.0,829700000.0,1042300000.0,170100000.0,0.0,6727900000.0,9600000.0,186800000.0,40100000.0,2275400000.0,671400000.0,32100000.0,2617000000.0,-151600000.0,2768600000.0,895400000.0,,895400000.0,,895300000.0,,,15600000.0,100000.0,,,,,,5700000.0,,,,,,,,,,,,,,,,,,,,,,,,,,,,2406700000.0,-131300000.0,,,,,,,,,,,,
RXL.PA,Rexel,balance_sheet,2021-12-31,,,,,,,,,,,,,,,,100000.0,,,,,,,,,,,,,,,,,,,,,,,,,,,,,,,12800000.0,12800000.0,,,,,,,,,,,,,,,,,,,,,,,,,,,,,,,,,,,-100000.0,,,,,,,,,,,,,,,,,,,,,,,,,,,,,,,,,,,,,,,,,,,,,,,
SPIE.PA,SPIE,balance_sheet,2025-12-31,390.0,170175007.0,170175397.0,1375400000.0,2799800000.0,-3325300000.0,4319600000.0,-907900000.0,-3325300000.0,632600000.0,2152400000.0,3945400000.0,2171100000.0,18700000.0,2152400000.0,,176400000.0,1383500000.0,80000000.0,80000000.0,8124300000.0,3618300000.0,22800000.0,220900000.0,619800000.0,,383000000.0,2220700000.0,427700000.0,1793000000.0,151100000.0,4506000000.0,850200000.0,579100000.0,204900000.0,374200000.0,203500000.0,1442900000.0,,1004100000.0,438800000.0,10295400000.0,6697300000.0,,,242700000.0,117100000.0,117100000.0,13500000.0,,,,5477700000.0,1182700000.0,4295000000.0,841000000.0,-861700000.0,1702700000.0,,321700000.0,830900000.0,519500000.0,30600000.0,0.0,3598100000.0,700000.0,100000.0,,47500000.0,1251400000.0,64300000.0,1439300000.0,-57000000.0,1496300000.0,794800000.0,3000000.0,791800000.0,,,,,,376500000.0,,,,,,,,,,,,,,,,,,,,,,,,,,,,,,,,,,,,,,,,,,,,,,,
SPIE.PA,SPIE,balance_sheet,2024-12-31,390.0,168900170.0,168900560.0,1448100000.0,2745600000.0,-3348400000.0,4239000000.0,-946800000.0,-3348400000.0,583800000.0,2077200000.0,3852700000.0,2099700000.0,22500000.0,2077200000.0,,273200000.0,1362000000.0,79400000.0,79400000.0,7887000000.0,3458500000.0,26300000.0,54500000.0,682300000.0,,386200000.0,2182700000.0,407200000.0,1775500000.0,126500000.0,4428500000.0,790600000.0,562900000.0,176600000.0,386300000.0,161500000.0,1568100000.0,,1027900000.0,540200000.0,9986700000.0,6505000000.0,100000.0,,213400000.0,60000000.0,60000000.0,14900000.0,,,,5425600000.0,1246400000.0,4179200000.0,791000000.0,-359800000.0,1150800000.0,,217600000.0,497400000.0,435800000.0,30758000.0,0.0,3481700000.0,,100000.0,,46400000.0,879860000.0,51000000.0,2236600000.0,-52167000.0,1408921000.0,718200000.0,4500000.0,713700000.0,,,,,,429400000.0,,,,,,,,,,,,,,,,,,,,,,,,,,,,,,,,,,,,,,,,,,,,,,,
SPIE.PA,SPIE,balance_sheet,2023-12-31,390.0,166467722.0,166468112.0,1294691000.0,2509813000.0,-2581358000.0,4008872000.0,-332186000.0,-2581358000.0,453182000.0,1952241000.0,3603765000.0,1976213000.0,23972000.0,1952241000.0,,238514000.0,1319396000.0,78240000.0,78240000.0,7174239000.0,3099361000.0,11379000.0,40016000.0,690740000.0,,307464000.0,1952161000.0,300637000.0,1651524000.0,97601000.0,4074878000.0,634589000.0,557652000.0,152545000.0,405107000.0,151496000.0,1523165000.0,,920576000.0,602589000.0,9150452000.0,5407760000.0,-1000.0,,199661000.0,43933000.0,43933000.0,13756000.0,,,,4533599000.0,1028850000.0,3504749000.0,616811000.0,-639267000.0,1256078000.0,,253678000.0,561937000.0,416160000.0,24303000.0,0.0,3742692000.0,,142000.0,,49163000.0,828944000.0,30155000.0,1218595000.0,-37869000.0,1218595000.0,1219930000.0,457990000.0,761940000.0,,,,,,395763000.0,,,,,,,,,,,,,,,,,,,,,,,,,,,,,,,,,,,,,,,,,,,,,,,
SPIE.PA,SPIE,balance_sheet,2022-12-31,390.0,164150316.0,164150706.0,1040561000.0,2614850000.0,-2490243000.0,4097955000.0,-198790000.0,-2490243000.0,403475000.0,1886580000.0,3681999000.0,1895730000.0,9150000.0,1886580000.0,,151539000.0,1287065000.0,77151000.0,77151000.0,7031855000.0,3101485000.0,4394000.0,0.0,643085000.0,,292849000.0,2073302000.0,277883000.0,1795419000.0,87855000.0,3930370000.0,648996000.0,541548000.0,125592000.0,415956000.0,137455000.0,1525165000.0,,860692000.0,664473000.0,8927585000.0,5196005000.0,2000.0,,194540000.0,52875000.0,52875000.0,13692000.0,,,,4376823000.0,1010920000.0,3365903000.0,558073000.0,-609581000.0,1167654000.0,,417232000.0,335272000.0,390987000.0,24163000.0,0.0,3731580000.0,,200000.0,,56029000.0,907164000.0,46969000.0,1080822000.0,-44898000.0,1125720000.0,1277643000.0,106829000.0,1170814000.0,,,,,,362753000.0,,,,,,,,,,,,,,,,,,,,,,,,,,,,,,,,,,,,,,,,,,,,,,,
SPIE.PA,SPIE,balance_sheet,2021-12-31,,,,,,,,,,,,,,,,-1000.0,,,,,,,,,,,,,,,,,,,,,,,,,,,,1000.0,,,,,,,,,,,,,,,,,,,,,,,,,,,,,,,,,,,,,,,,,,,,,,,,,,,,,,,,,,,,,,,,,,,,,,,,,,,,,,,,,,,,,,
IPN.PA,Ipsen,balance_sheet,2025-12-31,1427498.0,82387028.0,83814526.0,,867100000.0,1414000000.0,5088100000.0,1384200000.0,1414000000.0,114900000.0,4335900000.0,5084100000.0,4336800000.0,900000.0,4335900000.0,,443500000.0,3889500000.0,83800000.0,83800000.0,2601000000.0,1161100000.0,193800000.0,100000.0,26000000.0,33500000.0,52700000.0,831800000.0,83600000.0,748200000.0,20900000.0,1439900000.0,109900000.0,35300000.0,31300000.0,4000000.0,27400000.0,913400000.0,81900000.0,59200000.0,854200000.0,6937800000.0,4113700000.0,27200000.0,27300000.0,298000000.0,171300000.0,138800000.0,0.0,,,,2921900000.0,2288100000.0,633800000.0,668000000.0,-574800000.0,1242800000.0,246300000.0,484700000.0,,493800000.0,18000000.0,0.0,2824100000.0,8400000.0,,105900000.0,240900000.0,,117000000.0,786800000.0,-7900000.0,794700000.0,1526500000.0,1000000.0,1525500000.0,1525500000.0,259600000.0,,,,38600000.0,,116000000.0,61800000.0,63100000.0,,,,,,237100000.0,,,,,,,,,,,,,,,,,,,,32500000.0,,,,,,,,,,,,,,,,,
IPN.PA,Ipsen,balance_sheet,2024-12-31,1105073.0,82709453.0,83814526.0,,426800000.0,963700000.0,4469700000.0,515800000.0,963700000.0,138700000.0,4181600000.0,4469100000.0,4181800000.0,200000.0,4181600000.0,-100000.0,345900000.0,3616200000.0,83800000.0,83800000.0,2257200000.0,751800000.0,207000000.0,100000.0,24200000.0,36800000.0,55200000.0,389600000.0,102100000.0,287500000.0,35700000.0,1505400000.0,143500000.0,37200000.0,36600000.0,600000.0,47500000.0,934100000.0,51100000.0,79300000.0,854800000.0,6439000000.0,4417800000.0,27900000.0,47800000.0,284700000.0,158000000.0,110400000.0,17300000.0,,,,3217900000.0,2518400000.0,699500000.0,664200000.0,-616900000.0,1281100000.0,225600000.0,474500000.0,,563100000.0,17900000.0,0.0,2021200000.0,7400000.0,,132400000.0,285500000.0,,141100000.0,697200000.0,-5400000.0,702500000.0,679200000.0,1100000.0,678100000.0,678100000.0,301100000.0,,,,78400000.0,,111400000.0,103700000.0,70400000.0,,,,,,224300000.0,,,,,,,,,,,,,,,,,,,,47600000.0,,,,,,,,,,,,,,,,,
IPN.PA,Ipsen,balance_sheet,2023-12-31,1116316.0,82698210.0,83814526.0,,373500000.0,482400000.0,4103800000.0,271600000.0,482400000.0,94800000.0,3825100000.0,4094800000.0,3823800000.0,-1300000.0,3825100000.0,,644400000.0,3100800000.0,83800000.0,83800000.0,2499100000.0,872300000.0,209500000.0,100000.0,24400000.0,37700000.0,226400000.0,337100000.0,67400000.0,269700000.0,32800000.0,1626800000.0,339000000.0,36400000.0,27400000.0,9000000.0,56800000.0,882400000.0,,111000000.0,771400000.0,6322900000.0,4424500000.0,47400000.0,3200000.0,324800000.0,115000000.0,59600000.0,16700000.0,,,,3342700000.0,2678800000.0,663900000.0,574700000.0,-555600000.0,1130300000.0,165700000.0,435500000.0,,512100000.0,17000000.0,0.0,1898400000.0,10600000.0,,114500000.0,289500000.0,55200000.0,179500000.0,631300000.0,-3800000.0,635100000.0,528400000.0,10600000.0,528400000.0,528400000.0,453000000.0,,,,144600000.0,,92500000.0,135100000.0,61900000.0,,,,106000000.0,,208800000.0,,,,,,,,,,,,,,,,,,,,55400000.0,,,,,,,,,,,,,,,,,
IPN.PA,Ipsen,balance_sheet,2022-12-31,1175285.0,82639241.0,83814526.0,,613300000.0,1178700000.0,3929600000.0,1062200000.0,1178700000.0,27700000.0,3344000000.0,3925800000.0,3343400000.0,-600000.0,3344000000.0,100000.0,648600000.0,2554100000.0,83800000.0,83800000.0,2271200000.0,935800000.0,63200000.0,17000000.0,18700000.0,40600000.0,77900000.0,581800000.0,82000000.0,581800000.0,68500000.0,1335400000.0,442800000.0,31500000.0,27700000.0,3800000.0,55600000.0,710400000.0,,63300000.0,647100000.0,5614600000.0,3216900000.0,1900000.0,4200000.0,327800000.0,109900000.0,49500000.0,26400000.0,,,,2165300000.0,1585400000.0,579900000.0,581400000.0,-477300000.0,1058800000.0,146700000.0,430600000.0,,464700000.0,16800000.0,0.0,2397600000.0,30900000.0,,13000000.0,284100000.0,38300000.0,110500000.0,632500000.0,-4600000.0,637100000.0,1169300000.0,31000000.0,1169300000.0,640700000.0,528600000.0,,,,41500000.0,,100400000.0,137300000.0,46400000.0,,,,77500000.0,,,,,,,,,,,,,,,,,,,,,,60400000.0,,,,,,,,,,,,,,,,,
IPN.PA,Ipsen,balance_sheet,2021-12-31,,,,,,,,,,,,,,,,-100000.0,,,,,,,,,,,,,,,,,,,,,,,,,,,,,,,,,,,,,,,,,,,,,,,,,,,,,,23400000.0,,,,,,,,,,,,,,,,,,,,,,,,,,,,,,,,,,,,,,,,,,,,,,,,,,,,,,,,,,,,
