ticker,company_name,statement,fiscal_year_end,FreeCashFlow,RepurchaseOfCapitalStock,RepaymentOfDebt,IssuanceOfDebt,IssuanceOfCapitalStock,CapitalExpenditure,EndCashPosition,OtherCashAdjustmentOutsideChangeinCash,BeginningCashPosition,EffectOfExchangeRateChanges,ChangesInCash,FinancingCashFlow,NetOtherFinancingCharges,InterestPaidCFF,CashDividendsPaid,CommonStockDividendPaid,NetCommonStockIssuance,CommonStockPayments,CommonStockIssuance,NetIssuancePaymentsOfDebt,NetShortTermDebtIssuance,NetLongTermDebtIssuance,LongTermDebtPayments,LongTermDebtIssuance,InvestingCashFlow,NetOtherInvestingChanges,DividendsReceivedCFI,NetBusinessPurchaseAndSale,SaleOfBusiness,PurchaseOfBusiness,NetPPEPurchaseAndSale,SaleOfPPE,PurchaseOfPPE,OperatingCashFlow,TaxesRefundPaid,InterestPaidCFO,DividendReceivedCFO,ChangeInWorkingCapital,ChangeInOtherCurrentAssets,OtherNonCashItems,StockBasedCompensation,ProvisionandWriteOffofAssets,DepreciationAndAmortization,Depreciation,GainLossOnInvestmentSecurities,NetIncomeFromContinuingOperations,ChangeInPayable,ChangeInInventory,ChangeInReceivables,DeferredTax,AmortizationCashFlow,NetInvestmentPurchaseAndSale,SaleOfInvestment,PurchaseOfInvestment,NetIntangiblesPurchaseAndSale,SaleOfIntangibles,PurchaseOfIntangibles,InterestReceivedCFO,PensionAndEmployeeBenefitExpense,CapitalExpenditureReported,CashFlowFromContinuingFinancingActivities,ProceedsFromStockOptionExercised,ShortTermDebtPayments,ShortTermDebtIssuance,CashFlowFromContinuingInvestingActivities,CashFlowFromContinuingOperatingActivities,ChangeInOtherWorkingCapital,ChangeInPayablesAndAccruedExpense,ChangeInAccountPayable,ChangesInAccountReceivables,AssetImpairmentCharge,DeferredIncomeTax,DepreciationAmortizationDepletion,AmortizationOfIntangibles,OperatingGainsLosses,EarningsLossesFromEquityInvestments,NetForeignCurrencyExchangeGainLoss,GainLossOnSaleOfBusiness,OtherCashAdjustmentInsideChangeinCash,NetInvestmentPropertiesPurchaseAndSale,SaleOfInvestmentProperties,PurchaseOfInvestmentProperties,ChangeInOtherCurrentLiabilities,ChangeInPrepaidAssets,GainLossOnSaleOfPPE,ChangeInAccruedExpense,InterestReceivedCFI,AmortizationOfSecurities,InterestPaidSupplementalData,IncomeTaxPaidSupplementalData,CashFromDiscontinuedFinancingActivities,CashFromDiscontinuedInvestingActivities,CashFromDiscontinuedOperatingActivities,DividendPaidCFO
AC.PA,Accor,cash_flow,2025-12-31,613000000.0,-452000000.0,-2212000000.0,2675000000.0,1000000.0,-197000000.0,1183000000.0,-2000000.0,1236000000.0,-36000000.0,-15000000.0,-494000000.0,-3000000.0,-64000000.0,-327000000.0,-327000000.0,-451000000.0,-452000000.0,1000000.0,464000000.0,1000000.0,463000000.0,-2212000000.0,2675000000.0,-331000000.0,,11000000.0,-91000000.0,60000000.0,-151000000.0,-161000000.0,36000000.0,-197000000.0,810000000.0,-214000000.0,-65000000.0,,-111000000.0,-111000000.0,-31000000.0,41000000.0,34000000.0,330000000.0,330000000.0,21000000.0,807000000.0,,,,,,,,,,,,,,,,,,,,,,,,,,,,,,,,,,,,,,,,,,,,,,,,
AC.PA,Accor,cash_flow,2024-12-31,440000000.0,-404000000.0,-2475000000.0,2938000000.0,3000000.0,-293000000.0,1236000000.0,-3000000.0,1279000000.0,-15000000.0,-25000000.0,-400000000.0,-3000000.0,-35000000.0,-298000000.0,-298000000.0,-401000000.0,-404000000.0,3000000.0,443000000.0,-20000000.0,463000000.0,-2475000000.0,2938000000.0,-358000000.0,1000000.0,17000000.0,-194000000.0,88000000.0,-282000000.0,-293000000.0,0.0,-293000000.0,733000000.0,-177000000.0,-62000000.0,,-79000000.0,-79000000.0,5000000.0,41000000.0,26000000.0,341000000.0,341000000.0,-86000000.0,786000000.0,,,,,,,,,,,,,,,,,,,,,,,,,,,,,,,,,,,,,,,,,,,,,,,,
AC.PA,Accor,cash_flow,2023-12-31,415000000.0,-401000000.0,-1680000000.0,1515000000.0,0.0,-254000000.0,1279000000.0,29000000.0,1625000000.0,-15000000.0,-360000000.0,-1045000000.0,-37000000.0,-45000000.0,-297000000.0,-297000000.0,-401000000.0,-401000000.0,0.0,-165000000.0,-12000000.0,-165000000.0,-1680000000.0,1515000000.0,16000000.0,-1000000.0,18000000.0,308000000.0,477000000.0,-169000000.0,-254000000.0,,-254000000.0,669000000.0,-144000000.0,-46000000.0,,-17000000.0,-17000000.0,-12000000.0,38000000.0,-81000000.0,279000000.0,279000000.0,-23000000.0,735000000.0,,,,,,,,,,,,,,,,,,,,,,,,,,,,,,,,,,,,,,,,,,,,,,,,
AC.PA,Accor,cash_flow,2022-12-31,400000000.0,0.0,-1977000000.0,1558000000.0,2000000.0,-111000000.0,1625000000.0,2000000.0,1658000000.0,-8000000.0,-27000000.0,-381000000.0,121000000.0,,-12000000.0,-12000000.0,2000000.0,0.0,2000000.0,-419000000.0,,-419000000.0,-1977000000.0,1558000000.0,-157000000.0,1000000.0,20000000.0,-50000000.0,165000000.0,-215000000.0,-111000000.0,,-111000000.0,511000000.0,-65000000.0,-75000000.0,,57000000.0,57000000.0,49000000.0,,,,,,675000000.0,,,,,,,,,,,,,,,,,,,,,,,,,,,,,,,,,,,,,,,,,,,,,,,,
AC.PA,Accor,cash_flow,2021-12-31,,,,,,,,,,,,,,-35000000.0,,,,,,,-18000000.0,,,,,,,,,,,,,,,,10000000.0,,,,,,,,,,,,,,,,,,,,,,,,,,,,,,,,,,,,,,,,,,,,,,,,,,,,,,,,,
AI.PA,Air Liquide,cash_flow,2025-12-31,2675000000.0,-4000000.0,,,139500000.0,-3843400000.0,3677900000.0,,1302400000.0,-47200000.0,2422700000.0,-344700000.0,-26700000.0,-228000000.0,-1955000000.0,-1955000000.0,135500000.0,-4000000.0,139500000.0,2060400000.0,,2060400000.0,,,-3751000000.0,,14100000.0,-76200000.0,177800000.0,-254000000.0,-3688900000.0,154500000.0,-3843400000.0,6518400000.0,,,,-226000000.0,,331800000.0,,185100000.0,2563500000.0,2563500000.0,13400000.0,3517900000.0,,,,109300000.0,,,,,,,,,,,,,,,,,,,,,,,,,,,,,,,,,,,,,,,,,,,,
AI.PA,Air Liquide,cash_flow,2024-12-31,2797100000.0,-230800000.0,,,34400000.0,-3525100000.0,1302400000.0,,1403600000.0,-32400000.0,-68800000.0,-2807600000.0,-33400000.0,-263500000.0,-1718100000.0,-1718100000.0,-196400000.0,-230800000.0,34400000.0,-266800000.0,,-266800000.0,,,-3583400000.0,,17600000.0,-156000000.0,113000000.0,-269000000.0,-3445000000.0,80100000.0,-3525100000.0,6322200000.0,,,,-155100000.0,115800000.0,338800000.0,,304000000.0,2505100000.0,2505100000.0,-7000000.0,3306100000.0,-92500000.0,-145500000.0,-32900000.0,-42300000.0,203100000.0,,,,,,,,,,,,,,,,,,,,,,,,,,,,,,,,,,,,,,,,,,,
AI.PA,Air Liquide,cash_flow,2023-12-31,2869600000.0,-81900000.0,,,128800000.0,-3393400000.0,1403600000.0,,1760900000.0,-61600000.0,-295700000.0,-3479700000.0,-142000000.0,-262300000.0,-1581200000.0,-1581200000.0,46900000.0,-81900000.0,128800000.0,-1215600000.0,,-1215600000.0,,,-3079000000.0,,14500000.0,236700000.0,339700000.0,-103000000.0,-3330200000.0,63200000.0,-3393400000.0,6263000000.0,,,,-154400000.0,-154400000.0,467400000.0,,471200000.0,2482000000.0,2277600000.0,-126900000.0,3078000000.0,,,,-59800000.0,204400000.0,,,,,,,,,,,,,,,,,,,,,,,,,,,,,,,,,,,,,,,,,,,
AI.PA,Air Liquide,cash_flow,2022-12-31,2537100000.0,-191500000.0,,,37700000.0,-3273000000.0,1760900000.0,,2138900000.0,-165200000.0,-212800000.0,-2781000000.0,-4000000.0,-269700000.0,-1410500000.0,-1410500000.0,-153800000.0,-191500000.0,37700000.0,-617700000.0,,-617700000.0,,,-3241900000.0,,13800000.0,-74700000.0,61100000.0,-135800000.0,-3181000000.0,92000000.0,-3273000000.0,5810100000.0,,,,-396800000.0,-396800000.0,357900000.0,,565900000.0,2465900000.0,2262100000.0,-129900000.0,2758800000.0,,,,92600000.0,203800000.0,,,,,,,,,,,,,,,,,,,,,,,,,,,,,,,,,,,,,,,,,,,
AI.PA,Air Liquide,cash_flow,2021-12-31,,,,,,,,,,,,,,,,,,,,,,,,,,,,,,,,,,,,,,,377300000.0,,,,,,,,,,,,172600000.0,,,,,,,,,,,,,,,,,,,,,,,,,,,,,,,,,,,,,,,,,,,
AIR.PA,Airbus,cash_flow,2025-12-31,4031000000.0,,,,,-3964000000.0,14140000000.0,,15010000000.0,-712000000.0,-158000000.0,-3471000000.0,-532000000.0,,-2372000000.0,-2372000000.0,-565000000.0,,,,,,,,-4682000000.0,,387000000.0,353000000.0,1232000000.0,-879000000.0,,,,7995000000.0,-965000000.0,-651000000.0,,100000000.0,2005000000.0,-333000000.0,,314000000.0,3133000000.0,3133000000.0,17000000.0,4960000000.0,2791000000.0,-3989000000.0,-707000000.0,1390000000.0,,-1527000000.0,3678000000.0,-5205000000.0,-3895000000.0,69000000.0,-3964000000.0,607000000.0,,,,,,,,,,,,,,,,,,,,,,,,,,,,,,,,,,,,
AIR.PA,Airbus,cash_flow,2024-12-31,3733000000.0,,,,,-3669000000.0,15010000000.0,,16473000000.0,358000000.0,-1821000000.0,-2570000000.0,-78000000.0,,-2215000000.0,-2215000000.0,-276000000.0,,,,,,,,-6653000000.0,,196000000.0,-587000000.0,530000000.0,-1117000000.0,,,,7402000000.0,-947000000.0,-786000000.0,,1337000000.0,6146000000.0,-542000000.0,,166000000.0,2853000000.0,2853000000.0,70000000.0,4078000000.0,-1182000000.0,-3522000000.0,-105000000.0,1347000000.0,,-2691000000.0,1769000000.0,-4460000000.0,-3571000000.0,98000000.0,-3669000000.0,681000000.0,-505000000.0,,,,,,,,,,,,,,,,,,,,,,,,,,,,,,,,,,,
AIR.PA,Airbus,cash_flow,2023-12-31,3204000000.0,,,,,-3051000000.0,16473000000.0,,15823000000.0,-201000000.0,851000000.0,-1276000000.0,479000000.0,,-1421000000.0,-1421000000.0,-334000000.0,,,,,,,,-4128000000.0,,150000000.0,-516000000.0,509000000.0,-1025000000.0,,,,6255000000.0,-544000000.0,-606000000.0,,1205000000.0,1380000000.0,25000000.0,,-114000000.0,2242000000.0,2242000000.0,-477000000.0,3613000000.0,1421000000.0,-1854000000.0,258000000.0,1156000000.0,,-786000000.0,1914000000.0,-2700000000.0,-2976000000.0,75000000.0,-3051000000.0,690000000.0,-668000000.0,,,,,,,,,,,,,,,,,,,,,,,,,,,,,,,,,,,
AIR.PA,Airbus,cash_flow,2022-12-31,3824000000.0,,,,,-2464000000.0,15823000000.0,,14572000000.0,191000000.0,1060000000.0,-2115000000.0,-897000000.0,,-1181000000.0,-1181000000.0,-36000000.0,,,,,,,,-3113000000.0,,100000000.0,-506000000.0,459000000.0,-965000000.0,,,,6288000000.0,-790000000.0,-322000000.0,,1421000000.0,1445000000.0,232000000.0,,-1016000000.0,2716000000.0,2716000000.0,-544000000.0,4136000000.0,3309000000.0,-3218000000.0,-115000000.0,939000000.0,,-344000000.0,1507000000.0,-1851000000.0,-2363000000.0,101000000.0,-2464000000.0,250000000.0,,,,,,,,,,,,,,,,,,,,,,,,,,,,,,,,,,,,
AIR.PA,Airbus,cash_flow,2021-12-31,,,-2295000000.0,0.0,,,,,,,,,,,,,,,,0.0,,0.0,-2295000000.0,0.0,,310000000.0,,,,,,,,,,,,,,,,,,,,,,,,,,,,,,,,,-533000000.0,,,,,,,,,,,,,,,,,,,,,,,,,,,,,,,,,,,
ALO.PA,Alstom,cash_flow,2026-03-31,324000000.0,,,,,,2297000000.0,2000000.0,2274000000.0,-45000000.0,66000000.0,-273000000.0,-54000000.0,,-38000000.0,-38000000.0,0.0,,,-9000000.0,-9000000.0,,,,-552000000.0,-4000000.0,,6000000.0,6000000.0,0.0,13000000.0,13000000.0,,891000000.0,,,,-271000000.0,,16000000.0,12000000.0,,813000000.0,813000000.0,-15000000.0,365000000.0,,,,-3000000.0,,,,,,,,,12000000.0,-567000000.0,,,,,,,,,,,,,,,,,,,,,,,,,,,,,,,,,,
ALO.PA,Alstom,cash_flow,2025-03-31,490000000.0,,,,,,2274000000.0,-25000000.0,976000000.0,-16000000.0,1339000000.0,244000000.0,952000000.0,-11000000.0,-24000000.0,-24000000.0,745000000.0,,,-1246000000.0,-1246000000.0,745000000.0,,,123000000.0,8000000.0,,585000000.0,595000000.0,-10000000.0,12000000.0,12000000.0,-482000000.0,972000000.0,,,,-87000000.0,,6000000.0,20000000.0,,874000000.0,874000000.0,-18000000.0,179000000.0,,,,-37000000.0,,,,,,,,,-5000000.0,-482000000.0,,,,,,,,,,,,,,,,,,,,,,,,,,,,,,,,,,
ALO.PA,Alstom,cash_flow,2024-03-31,-567000000.0,,,877000000.0,,,976000000.0,,826000000.0,-33000000.0,183000000.0,696000000.0,40000000.0,0.0,-61000000.0,-61000000.0,0.0,,,877000000.0,877000000.0,0.0,,877000000.0,-431000000.0,4000000.0,,42000000.0,73000000.0,-31000000.0,8000000.0,8000000.0,-485000000.0,-82000000.0,,,,-841000000.0,,-26000000.0,19000000.0,,836000000.0,836000000.0,-1000000.0,-279000000.0,,,,-104000000.0,,,,,,,,,-13000000.0,-485000000.0,,,,,,,,,,,,,,,,,,,,,,,,,,,,,,,,,,
ALO.PA,Alstom,cash_flow,2023-03-31,175000000.0,,,56000000.0,,,826000000.0,2000000.0,810000000.0,-53000000.0,67000000.0,-61000000.0,5000000.0,,,,90000000.0,,,56000000.0,56000000.0,0.0,,56000000.0,-478000000.0,24000000.0,,-95000000.0,,-95000000.0,24000000.0,24000000.0,,606000000.0,,,,-167000000.0,,33000000.0,66000000.0,,886000000.0,886000000.0,28000000.0,-108000000.0,,,,-138000000.0,,,,,,,,,4000000.0,-431000000.0,,,,,,,,,,,,,,,,,,,,,,,,,,,,,,,,,,
ALO.PA,Alstom,cash_flow,2022-03-31,,,-419000000.0,1200000000.0,,,,3000000.0,,,,,,,,,,,,,,1200000000.0,-419000000.0,1200000000.0,,,,,,,,,,,,,,,,,,,,,,,,,,,,,,,,,,,,,,,,,,,,,,,,,,,,,,,,,,,,,,,,,,,,,,
MT.AS,ArcelorMittal,cash_flow,2025-12-31,471000000.0,-262000000.0,-3013000000.0,2139000000.0,,-4337000000.0,5392000000.0,-3000000.0,6400000000.0,504000000.0,-1509000000.0,-1766000000.0,-209000000.0,,-421000000.0,-421000000.0,-262000000.0,-262000000.0,,-874000000.0,,1453000000.0,-654000000.0,2107000000.0,-4551000000.0,-126000000.0,,-169000000.0,47000000.0,,-4237000000.0,100000000.0,-4337000000.0,4808000000.0,-633000000.0,-828000000.0,362000000.0,-267000000.0,,-1187000000.0,,,2945000000.0,2816000000.0,,3243000000.0,-942000000.0,820000000.0,597000000.0,359000000.0,129000000.0,-19000000.0,,,,,,308000000.0,232000000.0,,-1766000000.0,,-2359000000.0,32000000.0,-4551000000.0,4808000000.0,-742000000.0,-942000000.0,-942000000.0,597000000.0,903000000.0,359000000.0,2945000000.0,129000000.0,-397000000.0,-806000000.0,114000000.0,63000000.0,,,,,,,,,,,,,,,,
MT.AS,ArcelorMittal,cash_flow,2024-12-31,447000000.0,-1300000000.0,-1456000000.0,2484000000.0,,-4405000000.0,6400000000.0,0.0,7686000000.0,-471000000.0,-815000000.0,-680000000.0,-15000000.0,,-393000000.0,-393000000.0,-1300000000.0,-1300000000.0,,1028000000.0,,1963000000.0,-264000000.0,2227000000.0,-4987000000.0,-14000000.0,,-1352000000.0,0.0,,-3837000000.0,568000000.0,-4405000000.0,4852000000.0,-763000000.0,-799000000.0,295000000.0,-185000000.0,,-335000000.0,,,2632000000.0,2525000000.0,,1380000000.0,56000000.0,238000000.0,-192000000.0,1535000000.0,107000000.0,216000000.0,,,,,,358000000.0,166000000.0,,-680000000.0,,-1192000000.0,257000000.0,-4987000000.0,4852000000.0,-287000000.0,56000000.0,56000000.0,-192000000.0,708000000.0,1535000000.0,2632000000.0,107000000.0,26000000.0,-779000000.0,639000000.0,0.0,,,,,,,,,,,,,,,,
MT.AS,ArcelorMittal,cash_flow,2023-12-31,3032000000.0,-1208000000.0,-2279000000.0,352000000.0,,-4613000000.0,7686000000.0,0.0,9300000000.0,255000000.0,-1869000000.0,-3666000000.0,-162000000.0,,-369000000.0,-369000000.0,-1208000000.0,-1208000000.0,,-1927000000.0,,-475000000.0,-609000000.0,134000000.0,-5848000000.0,-170000000.0,,-2343000000.0,254000000.0,,-3895000000.0,718000000.0,-4613000000.0,7645000000.0,-977000000.0,-788000000.0,316000000.0,1714000000.0,,-94000000.0,,,2675000000.0,2552000000.0,,1022000000.0,-271000000.0,1568000000.0,307000000.0,238000000.0,123000000.0,560000000.0,560000000.0,,,,,553000000.0,249000000.0,,-3666000000.0,,-1670000000.0,218000000.0,-5848000000.0,7645000000.0,110000000.0,-271000000.0,-271000000.0,307000000.0,2043000000.0,238000000.0,2675000000.0,123000000.0,943000000.0,-1184000000.0,409000000.0,1469000000.0,,,,,,,,,,,,,,,,
MT.AS,ArcelorMittal,cash_flow,2022-12-31,6735000000.0,-2937000000.0,-1204000000.0,4327000000.0,0.0,-3468000000.0,9300000000.0,0.0,4215000000.0,-158000000.0,5243000000.0,-477000000.0,-331000000.0,,-332000000.0,-332000000.0,-2937000000.0,-2937000000.0,0.0,3123000000.0,,3733000000.0,-160000000.0,3893000000.0,-4483000000.0,-139000000.0,,-939000000.0,0.0,,-3373000000.0,95000000.0,-3468000000.0,10203000000.0,-2940000000.0,-440000000.0,493000000.0,-615000000.0,,-525000000.0,,,2580000000.0,2493000000.0,15000000.0,9538000000.0,-294000000.0,-2062000000.0,1133000000.0,1717000000.0,87000000.0,-32000000.0,0.0,-32000000.0,,,,178000000.0,176000000.0,,-477000000.0,0.0,-1044000000.0,434000000.0,-4483000000.0,10203000000.0,608000000.0,-294000000.0,-294000000.0,1133000000.0,1440000000.0,1717000000.0,2580000000.0,87000000.0,-1223000000.0,-1317000000.0,-82000000.0,0.0,,,,,,,,,,,,,,,,
MT.AS,ArcelorMittal,cash_flow,2021-12-31,,,,,0.0,,,,,,,,,,,,,,0.0,,,,,,,,,,,,,,,,,,,,,,,,,,44000000.0,,,,,,,,2680000000.0,-80000000.0,,,,,,,,0.0,,,,,,,,,,,,,,,,,,,,,,,,,,,,,,,,
CS.PA,AXA,cash_flow,2025-12-31,21924000000.0,-7323000000.0,0.0,1750000000.0,2176000000.0,-428000000.0,20970000000.0,-1000000.0,18113000000.0,130000000.0,2728000000.0,-8994000000.0,,-869000000.0,-4728000000.0,-4728000000.0,-5147000000.0,-7323000000.0,2176000000.0,1750000000.0,,1750000000.0,0.0,1750000000.0,-10948000000.0,-2109000000.0,,4146000000.0,4871000000.0,-725000000.0,-425000000.0,3000000.0,-428000000.0,22352000000.0,-1260000000.0,-3854000000.0,5640000000.0,18491000000.0,5727000000.0,627000000.0,,0.0,-735000000.0,-735000000.0,-20150000000.0,9999000000.0,,,,,,-6655000000.0,72661000000.0,-79316000000.0,,,,13300000000.0,,,,,,,,,,,,,,,,,,,,,318000000.0,-1099000000.0,2411000000.0,-3510000000.0,,,,,,,,,,,,
CS.PA,AXA,cash_flow,2024-12-31,11991000000.0,-4745000000.0,0.0,776000000.0,1991000000.0,-476000000.0,18113000000.0,,24539000000.0,280000000.0,-6706000000.0,-7335000000.0,-2000000.0,-900000000.0,-4455000000.0,-4455000000.0,-2754000000.0,-4745000000.0,1991000000.0,776000000.0,,776000000.0,0.0,776000000.0,-11249000000.0,1456000000.0,,141000000.0,194000000.0,-53000000.0,-459000000.0,17000000.0,-476000000.0,12467000000.0,-1820000000.0,-5366000000.0,5120000000.0,10380000000.0,14777000000.0,607000000.0,,0.0,-562000000.0,-562000000.0,-20207000000.0,9978000000.0,,,,,,-8547000000.0,67391000000.0,-75938000000.0,,,,14512000000.0,,,,,,,,,,,,,,,,,,,,,-589000000.0,262000000.0,2520000000.0,-2258000000.0,,,,,,,,,,,,
CS.PA,AXA,cash_flow,2023-12-31,3517000000.0,-2152000000.0,-1944000000.0,1750000000.0,2786000000.0,-419000000.0,24539000000.0,1000000.0,26632000000.0,-151000000.0,-1943000000.0,-4345000000.0,-2000000.0,-849000000.0,-3934000000.0,-3934000000.0,634000000.0,-2152000000.0,2786000000.0,-194000000.0,,-194000000.0,-1944000000.0,1750000000.0,-1590000000.0,-1662000000.0,,-855000000.0,,-855000000.0,-398000000.0,21000000.0,-419000000.0,3936000000.0,-1035000000.0,-4760000000.0,4541000000.0,1286000000.0,1418000000.0,49000000.0,,1000000.0,,,-17751000000.0,8435000000.0,,,,,,5325000000.0,83612000000.0,-78287000000.0,,,,13621000000.0,,,,,,,,,,,,,,,,,,,,,56000000.0,28000000.0,3244000000.0,-3216000000.0,,,,,,,,,,,,
CS.PA,AXA,cash_flow,2022-12-31,8307000000.0,-3987000000.0,-1538000000.0,3361000000.0,335000000.0,-398000000.0,25681000000.0,-488000000.0,24374000000.0,-464000000.0,2259000000.0,-6291000000.0,,-786000000.0,-3676000000.0,-3676000000.0,-3652000000.0,-3987000000.0,335000000.0,1823000000.0,,1823000000.0,-1538000000.0,3361000000.0,-155000000.0,-283000000.0,,281000000.0,315000000.0,-34000000.0,-365000000.0,33000000.0,-398000000.0,8705000000.0,-1343000000.0,-2453000000.0,4223000000.0,-8875000000.0,1288000000.0,9243000000.0,,0.0,,,-9122000000.0,6583000000.0,,,,,,9895000000.0,91274000000.0,-81379000000.0,,,,11469000000.0,,,,,,,,,,,,,,,,,,,,,0.0,-296000000.0,2818000000.0,-3114000000.0,,,,,,,,,,,,
CS.PA,AXA,cash_flow,2021-12-31,,,,,,,,3411000000.0,,,,,-2000000.0,,,,,,,,,,,,,,,,24000000.0,,,,,,,,,,,,,,,,,,,,4344000000.0,,,,,,,,,,,,,,,,,,,,,,,,,,,,,,,,,,,,,,,,,,,,,
BNP.PA,BNP Paribas,cash_flow,2025-12-31,43696000000.0,,,,,-2875000000.0,204833000000.0,,178212000000.0,-7073000000.0,33694000000.0,-6819000000.0,6523000000.0,,,,-13342000000.0,,,,,,,,-6058000000.0,,,-3183000000.0,,,-2875000000.0,,-2875000000.0,46571000000.0,-3821000000.0,,,22179000000.0,-38614000000.0,-25000000.0,,4215000000.0,8055000000.0,8055000000.0,-320000000.0,17065000000.0,,,,,,,,,,,,,,,,,,,,,,,,,,,,,,,,,,,,,,,,,,,,,,,,
BNP.PA,BNP Paribas,cash_flow,2024-12-31,-99512000000.0,,,,,-2136000000.0,178212000000.0,,282579000000.0,-393000000.0,-103974000000.0,-6418000000.0,2338000000.0,,,,-8756000000.0,,,,,,,,-180000000.0,,,1956000000.0,,,-2136000000.0,,-2136000000.0,-97376000000.0,-3133000000.0,,,-121525000000.0,-112853000000.0,1756000000.0,,3044000000.0,7272000000.0,7272000000.0,-277000000.0,16188000000.0,,,,,,,,,,,,,,,,,,,,,,,,,,,,,,,,,,,,,,,,,,,,,,,,
BNP.PA,BNP Paribas,cash_flow,2023-12-31,-36457000000.0,,,,,-2216000000.0,282579000000.0,,317698000000.0,-3506000000.0,-31613000000.0,-4676000000.0,4022000000.0,,,,-8698000000.0,,,,,,,,7304000000.0,,,9520000000.0,,,-2216000000.0,,-2216000000.0,-34241000000.0,-3359000000.0,,,-54760000000.0,-47009000000.0,2829000000.0,,3614000000.0,6245000000.0,6245000000.0,-3600000000.0,15383000000.0,,,,,,,,,,,,,,,,,,,,,,,,,,,,,,,,,,,,,,,,,,,,,,,,
BNP.PA,BNP Paribas,cash_flow,2022-12-31,-55366000000.0,,,,,-2529000000.0,317698000000.0,,362418000000.0,1030000000.0,-45750000000.0,9250000000.0,11828000000.0,,,,-2578000000.0,,,,,,,,-2163000000.0,,,366000000.0,,,-2529000000.0,,-2529000000.0,-52837000000.0,-1999000000.0,,,-86713000000.0,-40275000000.0,12479000000.0,,3284000000.0,6465000000.0,6465000000.0,265000000.0,14037000000.0,,,,,,366000000.0,,,,,,,,,,,,,,,,,,,,,,,,,,,,,,,,,,,,,,,,,,
BNP.PA,BNP Paribas,cash_flow,2021-12-31,,,,,,,,,,,,,,,,,,,,,,,,,,,,,,,,,,,,,,,,,,,,,,,,,,,,482000000.0,,,,,,,,,,,,,,,,,,,,,,,,,,,,,,,,,,,,,,,,,,
EN.PA,Bouygues,cash_flow,2025-12-31,2971000000.0,,-634000000.0,419000000.0,,-2501000000.0,96432000000.0,,94818000000.0,-215000000.0,1829000000.0,-1659000000.0,-544000000.0,,-755000000.0,-755000000.0,205000000.0,,,-215000000.0,-215000000.0,,,,-1984000000.0,-10000000.0,,-33000000.0,187000000.0,-220000000.0,-1930000000.0,571000000.0,-2501000000.0,5472000000.0,-653000000.0,,,954000000.0,519000000.0,231000000.0,,,3352000000.0,3352000000.0,-467000000.0,1272000000.0,-311000000.0,140000000.0,328000000.0,655000000.0,,,,,,,,,,,,,-634000000.0,419000000.0,,,,,,,,,,,,,,,,,,,181000000.0,-21000000.0,,,,,,,,,,
EN.PA,Bouygues,cash_flow,2024-12-31,2664000000.0,,-1275000000.0,1032000000.0,,-2714000000.0,4818000000.0,,4907000000.0,86000000.0,-175000000.0,-2070000000.0,-548000000.0,,-718000000.0,-718000000.0,-151000000.0,,,0.0,-243000000.0,,,,-3483000000.0,-107000000.0,,-1061000000.0,53000000.0,-1114000000.0,-2268000000.0,446000000.0,-2714000000.0,5378000000.0,-468000000.0,,,776000000.0,1260000000.0,188000000.0,,,3074000000.0,3074000000.0,-164000000.0,1222000000.0,-450000000.0,44000000.0,-171000000.0,617000000.0,,,,,,,,,,,,,-1275000000.0,1032000000.0,,,,,,,,,,,,,,,,,,,23000000.0,8000000.0,,,,,,,,,,
EN.PA,Bouygues,cash_flow,2023-12-31,2680000000.0,,,,,-2664000000.0,4907000000.0,,5318000000.0,-58000000.0,-353000000.0,-3370000000.0,-204000000.0,,-671000000.0,-671000000.0,-183000000.0,,,-1680000000.0,,,,,-2327000000.0,-18000000.0,,209000000.0,357000000.0,-148000000.0,-2209000000.0,455000000.0,-2664000000.0,5344000000.0,-516000000.0,,,1148000000.0,,237000000.0,,,2915000000.0,2915000000.0,-223000000.0,1201000000.0,,,,547000000.0,,,,,,,,,,,,,,,,,,,,,,,,,,,,,,,,,,,,,,,,,,,,
EN.PA,Bouygues,cash_flow,2022-12-31,248000000.0,,,,,-2730000000.0,5318000000.0,,6150000000.0,-32000000.0,-800000000.0,4853000000.0,609000000.0,-260000000.0,-680000000.0,-680000000.0,-283000000.0,,,5745000000.0,,,,,-8631000000.0,-97000000.0,,-6341000000.0,297000000.0,-6638000000.0,-2326000000.0,404000000.0,-2730000000.0,2978000000.0,-518000000.0,,,-606000000.0,,66000000.0,,,2685000000.0,2685000000.0,-296000000.0,1131000000.0,,,,424000000.0,,,,,,,,,,,,,,,,,,,,,,,,,,,,,,,,,,,,,,,,,,,,
EN.PA,Bouygues,cash_flow,2021-12-31,,,,,,,,,,,,,,-207000000.0,,,,,,,,1057000000.0,,,,,,,,,,,,,,,,,-83000000.0,,,,,,,,243000000.0,70000000.0,-284000000.0,,353000000.0,,,,,,,,,,,,,,,,,,,,,,,,,,,,,,,,158000000.0,51000000.0,,,,,,,,,,
CAP.PA,Capgemini,cash_flow,2025-12-31,2195000000.0,-543000000.0,-4337000000.0,7284000000.0,297000000.0,-287000000.0,2814000000.0,,2787000000.0,-242000000.0,269000000.0,1809000000.0,153000000.0,-168000000.0,-581000000.0,,-246000000.0,-543000000.0,297000000.0,2947000000.0,,2947000000.0,-4337000000.0,7284000000.0,-4022000000.0,-25000000.0,,-3775000000.0,,-3775000000.0,-222000000.0,65000000.0,-287000000.0,2482000000.0,-474000000.0,,,-242000000.0,-150000000.0,7000000.0,266000000.0,-16000000.0,698000000.0,698000000.0,102000000.0,1607000000.0,-92000000.0,,,534000000.0,,,,,,,,,,,,,,,,,,,,,,,,,,,,,,,,,,,,,,,,,,,,
CAP.PA,Capgemini,cash_flow,2024-12-31,2211000000.0,-989000000.0,-1448000000.0,847000000.0,413000000.0,-315000000.0,2787000000.0,,3517000000.0,97000000.0,-827000000.0,-2016000000.0,207000000.0,-170000000.0,-584000000.0,,-576000000.0,-989000000.0,413000000.0,-601000000.0,,-601000000.0,-1448000000.0,847000000.0,-1337000000.0,-200000000.0,,-827000000.0,,-827000000.0,-310000000.0,5000000.0,-315000000.0,2526000000.0,-521000000.0,,,-214000000.0,-263000000.0,-60000000.0,273000000.0,-61000000.0,683000000.0,683000000.0,68000000.0,1677000000.0,49000000.0,,,681000000.0,,,,,,,,,,,,,,,,,,,,,,,,,,,,,,,,,,,,,,,,,,,,
CAP.PA,Capgemini,cash_flow,2023-12-31,2266000000.0,-876000000.0,-2932000000.0,1905000000.0,465000000.0,-259000000.0,3517000000.0,-163000000.0,3795000000.0,-115000000.0,-163000000.0,-2305000000.0,171000000.0,-182000000.0,-559000000.0,,-411000000.0,-876000000.0,465000000.0,-1027000000.0,,-1027000000.0,-2932000000.0,1905000000.0,-383000000.0,214000000.0,,-343000000.0,,-343000000.0,-254000000.0,5000000.0,-259000000.0,2525000000.0,-463000000.0,,,-320000000.0,-152000000.0,-17000000.0,252000000.0,-65000000.0,700000000.0,700000000.0,144000000.0,1668000000.0,-168000000.0,,,626000000.0,,,,,,,,,,,,,,,,,,,,,,,,,,,,,,,,,,,,,,,,,,,,
CAP.PA,Capgemini,cash_flow,2022-12-31,2227000000.0,-826000000.0,-482000000.0,468000000.0,507000000.0,-290000000.0,3795000000.0,734000000.0,3119000000.0,-58000000.0,734000000.0,-1124000000.0,65000000.0,-136000000.0,-409000000.0,,-319000000.0,-826000000.0,507000000.0,-14000000.0,,-14000000.0,-482000000.0,468000000.0,-659000000.0,-172000000.0,,-204000000.0,,-204000000.0,-283000000.0,7000000.0,-290000000.0,2517000000.0,-451000000.0,,,-193000000.0,-308000000.0,67000000.0,164000000.0,-77000000.0,719000000.0,719000000.0,28000000.0,1550000000.0,115000000.0,,,710000000.0,,,,,,,,,,,,,,,,,,,,,,,,,,,,,,,,,,,,,,,,,,,,
CA.PA,Carrefour,cash_flow,2025-12-31,2425000000.0,,-2560000000.0,2150000000.0,,-1523000000.0,6179000000.0,,6564000000.0,-190000000.0,-195000000.0,-2979000000.0,-69000000.0,-619000000.0,-812000000.0,,-59000000.0,,,-410000000.0,,-410000000.0,-2560000000.0,2150000000.0,-1164000000.0,-62000000.0,,-188000000.0,19000000.0,-207000000.0,-879000000.0,644000000.0,-1523000000.0,3948000000.0,-603000000.0,,,475000000.0,-19000000.0,619000000.0,,170000000.0,2349000000.0,2072000000.0,-388000000.0,1559000000.0,523000000.0,-116000000.0,109000000.0,,,-35000000.0,10000000.0,-45000000.0,,,,,,,,,,,,,,,,,,,,,,,,,,,,,-22000000.0,,,,,,,,,,,
CA.PA,Carrefour,cash_flow,2024-12-31,2462000000.0,,-1271000000.0,2733000000.0,,-1738000000.0,6564000000.0,-1000000.0,6290000000.0,-477000000.0,752000000.0,-1076000000.0,252000000.0,-504000000.0,-600000000.0,,-705000000.0,,,1462000000.0,,1462000000.0,-1271000000.0,2733000000.0,-2372000000.0,159000000.0,,-1363000000.0,13000000.0,-1376000000.0,-1143000000.0,595000000.0,-1738000000.0,4200000000.0,-698000000.0,,,785000000.0,-4000000.0,590000000.0,,-90000000.0,2242000000.0,1980000000.0,-72000000.0,1367000000.0,773000000.0,-186000000.0,216000000.0,-700000000.0,262000000.0,-25000000.0,11000000.0,-36000000.0,,,,,,,,,,,,,,,,,,,,,,,,,,,,,-14000000.0,,,,,,,,,,,
CA.PA,Carrefour,cash_flow,2023-12-31,2676000000.0,,-1616000000.0,1425000000.0,,-1974000000.0,6290000000.0,,5451000000.0,-353000000.0,1192000000.0,-2719000000.0,73000000.0,-393000000.0,-405000000.0,,-727000000.0,,,-191000000.0,,-191000000.0,-1616000000.0,1425000000.0,-739000000.0,-289000000.0,,1061000000.0,1067000000.0,-6000000.0,-1500000000.0,474000000.0,-1974000000.0,4650000000.0,-343000000.0,,,776000000.0,185000000.0,466000000.0,,93000000.0,2296000000.0,2041000000.0,55000000.0,1339000000.0,662000000.0,-6000000.0,-75000000.0,-343000000.0,,-11000000.0,10000000.0,-21000000.0,,,,,,,,,,,,,,,,,,,,,,,,,,,,,10000000.0,,,,,,,,,,,
CA.PA,Carrefour,cash_flow,2022-12-31,2337000000.0,,-1081000000.0,3407000000.0,,-1882000000.0,5451000000.0,,3703000000.0,-11000000.0,1759000000.0,-326000000.0,-135000000.0,-358000000.0,-380000000.0,,-753000000.0,,,2326000000.0,,2326000000.0,-1081000000.0,3407000000.0,-2134000000.0,227000000.0,,-820000000.0,94000000.0,-914000000.0,-1502000000.0,380000000.0,-1882000000.0,4219000000.0,,,,243000000.0,49000000.0,503000000.0,,-371000000.0,2236000000.0,1989000000.0,-165000000.0,1973000000.0,1044000000.0,-678000000.0,-215000000.0,-449000000.0,,-39000000.0,6000000.0,-45000000.0,,,,,,,,,,,,,,,,,,,,,,,,,,,,,43000000.0,,,,,,,,,,,
CA.PA,Carrefour,cash_flow,2021-12-31,,,,,,,,-1000000.0,,,,,,,,,,,,,,,,,,,,,,,,,,,,,,,,,,,,,,,,,,-426000000.0,,,,,,,,,,,,,,,,,,,,,,,,,,,,,,,,,,,,,,,,,,,,
ACA.PA,Credit Agricole,cash_flow,2025-12-31,17895000000.0,,,,,-1117000000.0,135781000000.0,-1000000.0,133146000000.0,-7484000000.0,10119000000.0,-4491000000.0,-967000000.0,,-3524000000.0,-3524000000.0,,,,,,,,,-4402000000.0,,,-3285000000.0,,,-1117000000.0,,,19012000000.0,-1918000000.0,,250000000.0,-26952000000.0,-26952000000.0,6371000000.0,,29440000000.0,1343000000.0,1343000000.0,-451000000.0,10402000000.0,,,,,,,,,,,,,,,,,,,,,,,,,,,,,,,,,,,,,,,,,,,,,,,,
ACA.PA,Credit Agricole,cash_flow,2024-12-31,-16979000000.0,,,,,-1070000000.0,133146000000.0,1000000.0,142584000000.0,-1195000000.0,-8244000000.0,9447000000.0,14588000000.0,,-5141000000.0,-5141000000.0,,,,14589000000.0,,14589000000.0,,,-1782000000.0,,,-712000000.0,,,-1070000000.0,,,-15909000000.0,-1187000000.0,,54000000.0,-47411000000.0,-47411000000.0,3727000000.0,,17225000000.0,1245000000.0,1245000000.0,4000000.0,10626000000.0,,,,,,,,,,,,,,,,,,,,,,,,,,,,,,,,,,,,,,,,,,,,,,,,
ACA.PA,Credit Agricole,cash_flow,2023-12-31,-37397000000.0,,,,,-885000000.0,142584000000.0,2000000.0,155431000000.0,-2735000000.0,-10114000000.0,16546000000.0,20009000000.0,,-3463000000.0,-3463000000.0,,,,20010000000.0,,20010000000.0,,,9852000000.0,,,10737000000.0,,,-885000000.0,,,-36512000000.0,-1260000000.0,,618000000.0,-61147000000.0,-61147000000.0,5202000000.0,,9659000000.0,1151000000.0,1151000000.0,-85000000.0,9547000000.0,,,,,,,,,,,,,,,,,,,,,,,,,,,,,,,,,,,,,,,,,,,,,,,,
ACA.PA,Credit Agricole,cash_flow,2022-12-31,421000000.0,,,,,-1042000000.0,155431000000.0,,159678000000.0,-1273000000.0,-2974000000.0,598000000.0,3824000000.0,,-3226000000.0,-3226000000.0,,,,4678000000.0,,4678000000.0,,,-5035000000.0,-387000000.0,,-3606000000.0,,,-1042000000.0,,,1463000000.0,-1213000000.0,,679000000.0,-1878000000.0,-1878000000.0,2294000000.0,,-6882000000.0,1104000000.0,1104000000.0,-14000000.0,7871000000.0,,,,,,,,,,,,,,,,,,,,,,,,,,,,,,,,,,,,,,,,,,,,,,,,
ACA.PA,Credit Agricole,cash_flow,2021-12-31,,,,,,,,,,,,,,,,,,,,1369000000.0,,1369000000.0,,,,-100000000.0,,,,,,,,,,,,,,,,,,,,,,,,,,,,,,,,,,,,,,,,,,,,,,,,,,,,,,,,,,,,,,,,,,,,
BN.PA,Danone,cash_flow,2025-12-31,2724000000.0,-486000000.0,-2050000000.0,2164000000.0,89000000.0,-1055000000.0,737000000.0,1000000.0,647000000.0,-307000000.0,396000000.0,-1610000000.0,57000000.0,-5000000.0,-1379000000.0,,-397000000.0,-486000000.0,89000000.0,196000000.0,82000000.0,114000000.0,-2050000000.0,2164000000.0,-1773000000.0,-1000000.0,,-752000000.0,106000000.0,-858000000.0,44000000.0,44000000.0,,3779000000.0,,,,275000000.0,268000000.0,227000000.0,109000000.0,54000000.0,1355000000.0,1355000000.0,,1887000000.0,527000000.0,-192000000.0,-328000000.0,-60000000.0,,,,,,,,,,-1055000000.0,,,,,,,,,,,,,,,,,,,,,,,,,-1000000.0,,,,,,,,,
BN.PA,Danone,cash_flow,2024-12-31,2908000000.0,0.0,-2006000000.0,1397000000.0,76000000.0,-923000000.0,647000000.0,-1000000.0,1099000000.0,-2000000.0,-449000000.0,-3817000000.0,-1015000000.0,-5000000.0,-1348000000.0,,76000000.0,0.0,76000000.0,-1417000000.0,-808000000.0,-609000000.0,-2006000000.0,1397000000.0,-463000000.0,1000000.0,,354000000.0,507000000.0,-153000000.0,18000000.0,18000000.0,,3831000000.0,,,,533000000.0,137000000.0,151000000.0,71000000.0,-21000000.0,1168000000.0,1168000000.0,,2100000000.0,353000000.0,50000000.0,-7000000.0,61000000.0,,,,,,,,,,-923000000.0,,,,,,,,,,,,,,,,,,,,,,,,,-225000000.0,,,,,,,,,
BN.PA,Danone,cash_flow,2023-12-31,2595000000.0,0.0,-2602000000.0,1597000000.0,69000000.0,-847000000.0,1099000000.0,1264000000.0,721000000.0,-503000000.0,551000000.0,-2057000000.0,-339000000.0,-18000000.0,-1279000000.0,,69000000.0,0.0,69000000.0,-428000000.0,577000000.0,-1005000000.0,-2602000000.0,1597000000.0,-834000000.0,,,15000000.0,177000000.0,-162000000.0,15000000.0,15000000.0,,3442000000.0,,,,277000000.0,-162000000.0,658000000.0,61000000.0,-52000000.0,1611000000.0,1611000000.0,,953000000.0,324000000.0,41000000.0,74000000.0,-46000000.0,,,,,,,,,,-847000000.0,,,,,,,,,,,,,,,,,,,,,,,,,-7000000.0,,,,,,,,,
BN.PA,Danone,cash_flow,2022-12-31,2091000000.0,0.0,-1682000000.0,600000000.0,51000000.0,-873000000.0,1051000000.0,-1000000.0,659000000.0,112000000.0,281000000.0,-1934000000.0,1465000000.0,-18000000.0,-1238000000.0,,51000000.0,0.0,51000000.0,-2114000000.0,-1032000000.0,-1082000000.0,-1682000000.0,600000000.0,-749000000.0,,,106000000.0,206000000.0,-100000000.0,30000000.0,30000000.0,,2964000000.0,,,,77000000.0,289000000.0,46000000.0,25000000.0,-241000000.0,1863000000.0,1863000000.0,,1023000000.0,879000000.0,-667000000.0,-424000000.0,40000000.0,,,,,,,,,,-873000000.0,,,,,,,,,,,,,,,,,,,,,,,,,78000000.0,,,,,,,,,
DSY.PA,Dassault Systemes,cash_flow,2025-12-31,1469300000.0,-340300000.0,-18300000.0,99600000.0,155700000.0,-160500000.0,4125400000.0,-100000.0,3952600000.0,-263200000.0,436100000.0,-789400000.0,-253800000.0,,-342600000.0,-342600000.0,-184600000.0,-340300000.0,155700000.0,81300000.0,,81300000.0,-18300000.0,99600000.0,-404300000.0,-40300000.0,,-203500000.0,,-203500000.0,-160500000.0,,-160500000.0,1629800000.0,,,,-122600000.0,27000000.0,-31300000.0,174800000.0,,552700000.0,208200000.0,,1187600000.0,83000000.0,,-196700000.0,-131600000.0,344500000.0,,,,,,,,,,,,,,,,,,,,,,,,,,,,,,,,-12500000.0,,,-23400000.0,,,,,,,,
DSY.PA,Dassault Systemes,cash_flow,2024-12-31,1466400000.0,-374000000.0,-700900000.0,200200000.0,48400000.0,-193400000.0,3952600000.0,-100000.0,3568300000.0,128200000.0,256200000.0,-1211900000.0,-3200000.0,,-302700000.0,-302700000.0,-325600000.0,-374000000.0,48400000.0,-500700000.0,,-500700000.0,-700900000.0,200200000.0,-191700000.0,24200000.0,,-22500000.0,,-22500000.0,-193400000.0,,-193400000.0,1659800000.0,,,,-137000000.0,24300000.0,-20900000.0,190400000.0,,575200000.0,206100000.0,,1198100000.0,44300000.0,,-347700000.0,-146000000.0,369100000.0,,,,,,,,,,,,,,,,,,,,,,,,,,,,,,,,141100000.0,,,1000000.0,,,,,,,,
DSY.PA,Dassault Systemes,cash_flow,2023-12-31,1419900000.0,-375400000.0,-28100000.0,20300000.0,213100000.0,-145300000.0,3568300000.0,-100000.0,2769000000.0,-67500000.0,866900000.0,-536700000.0,-1000000.0,,-276200000.0,-276200000.0,-162300000.0,-375400000.0,213100000.0,-7800000.0,,-7800000.0,-28100000.0,20300000.0,-161600000.0,-200000.0,,-16100000.0,,-16100000.0,-145300000.0,,-145300000.0,1565200000.0,,,,-129200000.0,16000000.0,66300000.0,184200000.0,,575000000.0,187900000.0,,1050200000.0,-89900000.0,,-97700000.0,-181300000.0,387100000.0,,,,,,,,,,,,,,,,,,,,,,,,,,,,,,,,-5000000.0,,,47400000.0,,,,,,,,
DSY.PA,Dassault Systemes,cash_flow,2022-12-31,1392900000.0,-639600000.0,-1143900000.0,257800000.0,260600000.0,-132300000.0,2769000000.0,,2979500000.0,70600000.0,-281100000.0,-1592400000.0,-1800000.0,,-223500000.0,-223500000.0,-379000000.0,-639600000.0,260600000.0,-886100000.0,,-886100000.0,-1143900000.0,257800000.0,-213900000.0,-35200000.0,,-46400000.0,,-46400000.0,-132300000.0,,-132300000.0,1525200000.0,,,,-82600000.0,136000000.0,,166700000.0,,610800000.0,198100000.0,,930200000.0,63100000.0,,-263800000.0,-100000000.0,412700000.0,,,,,,,,,,,,,,,,,,,,,,,,,,,,,,,,,,,-17900000.0,,,,,,,,
EDEN.PA,Edenred,cash_flow,2025-12-31,1072000000.0,-130000000.0,-6000000.0,756000000.0,,-198000000.0,1851000000.0,,1540000000.0,-76000000.0,387000000.0,-671000000.0,,,-333000000.0,,-130000000.0,-130000000.0,,-208000000.0,-958000000.0,750000000.0,-6000000.0,756000000.0,-212000000.0,15000000.0,,-16000000.0,,-16000000.0,-198000000.0,,-198000000.0,1270000000.0,,,1000000.0,410000000.0,410000000.0,46000000.0,23000000.0,,289000000.0,289000000.0,,521000000.0,,,,-24000000.0,,-13000000.0,,-13000000.0,,,,,,,,,,,,,,,,,,,,,,,,,,,,,,,,,,,,,,,,
EDEN.PA,Edenred,cash_flow,2024-12-31,812000000.0,-359000000.0,0.0,505000000.0,2000000.0,-217000000.0,1540000000.0,,1327000000.0,-73000000.0,286000000.0,-39000000.0,,,-307000000.0,-307000000.0,-357000000.0,-359000000.0,2000000.0,625000000.0,120000000.0,505000000.0,0.0,505000000.0,-704000000.0,23000000.0,,-504000000.0,,-504000000.0,-217000000.0,,-217000000.0,1029000000.0,,,5000000.0,179000000.0,179000000.0,51000000.0,28000000.0,,245000000.0,245000000.0,,507000000.0,,,,-4000000.0,,-6000000.0,,-6000000.0,,,,,,,,,,,,,,,,,,,,,,,,,,,,,,,,,,,,,,,,
EDEN.PA,Edenred,cash_flow,2023-12-31,862000000.0,-25000000.0,-255000000.0,1198000000.0,0.0,-190000000.0,1327000000.0,,1357000000.0,-1000000.0,-29000000.0,147000000.0,,,-278000000.0,-278000000.0,-25000000.0,-25000000.0,0.0,450000000.0,-493000000.0,943000000.0,-255000000.0,1198000000.0,-1228000000.0,12000000.0,,-1036000000.0,,-1036000000.0,-190000000.0,,-190000000.0,1052000000.0,,,3000000.0,365000000.0,365000000.0,24000000.0,21000000.0,,346000000.0,346000000.0,,267000000.0,,,,28000000.0,,-14000000.0,,-14000000.0,,,,,,,,,,,,,,,,,,,,,,,,,,,,,,,,,,,,,,,,
EDEN.PA,Edenred,cash_flow,2022-12-31,862000000.0,-3000000.0,0.0,10000000.0,,-151000000.0,1357000000.0,,1393000000.0,-10000000.0,-26000000.0,-828000000.0,,,-238000000.0,,-3000000.0,-3000000.0,,-587000000.0,-597000000.0,10000000.0,0.0,10000000.0,-211000000.0,29000000.0,,-77000000.0,,-77000000.0,-151000000.0,,-151000000.0,1013000000.0,,,10000000.0,359000000.0,359000000.0,38000000.0,20000000.0,,164000000.0,164000000.0,,386000000.0,,,,26000000.0,,-12000000.0,,-12000000.0,,,,,,,,,,,,,,,,,,,,,,,,,,,,,,,,,,,,,,,,
EDEN.PA,Edenred,cash_flow,2021-12-31,,,,,,,,,,,,,,,,-96000000.0,,,,,,,,,,,,,,,,,,,,,,,,,,,,,,,,,,,,,,,,,,,,,,,,,,,,,,,,,,,,,,,,,,,,,,,,,,,,,,
ENGI.PA,Engie,cash_flow,2025-12-31,-8743000000.0,,-3080000000.0,5993000000.0,,-7267000000.0,14507000000.0,,16928000000.0,-531000000.0,-1890000000.0,-858000000.0,1925000000.0,-1512000000.0,-4529000000.0,,345000000.0,,,2913000000.0,,2913000000.0,-3080000000.0,5993000000.0,444000000.0,,-14000000.0,421000000.0,1317000000.0,-896000000.0,-7070000000.0,197000000.0,-7267000000.0,-1476000000.0,-1016000000.0,,1088000000.0,-13986000000.0,-15061000000.0,1799000000.0,,,5516000000.0,5516000000.0,-615000000.0,4748000000.0,-2581000000.0,837000000.0,2819000000.0,1570000000.0,,-1711000000.0,39000000.0,-1750000000.0,,,,,,,,,,,,,,,,,,,,,,,41000000.0,,,,,,,,,,295000000.0,,,,,,,
ENGI.PA,Engie,cash_flow,2024-12-31,3759000000.0,,-3707000000.0,6087000000.0,,-9385000000.0,16928000000.0,-1000000.0,16578000000.0,2000000.0,349000000.0,-1457000000.0,1088000000.0,-1732000000.0,-4147000000.0,,954000000.0,,,2380000000.0,,2380000000.0,-3707000000.0,6087000000.0,-11338000000.0,1000000.0,-12000000.0,72000000.0,808000000.0,-736000000.0,-9310000000.0,75000000.0,-9385000000.0,13144000000.0,-1030000000.0,,1097000000.0,-227000000.0,-3069000000.0,1913000000.0,,,5991000000.0,5991000000.0,-949000000.0,4973000000.0,-2564000000.0,1140000000.0,4266000000.0,2215000000.0,,1725000000.0,1725000000.0,,,,,,,,,,,,,,,,,,,,,,,,12000000.0,,,,,,,,,,475000000.0,,,,,,,
ENGI.PA,Engie,cash_flow,2023-12-31,5789000000.0,-57000000.0,-6671000000.0,10716000000.0,200000000.0,-7328000000.0,16578000000.0,,15570000000.0,-73000000.0,1081000000.0,-218000000.0,719000000.0,-1058000000.0,-4067000000.0,,143000000.0,-57000000.0,200000000.0,4045000000.0,,4045000000.0,-6671000000.0,10716000000.0,-11818000000.0,,9000000.0,-1471000000.0,158000000.0,-1629000000.0,-7206000000.0,122000000.0,-7328000000.0,13117000000.0,-1687000000.0,,1031000000.0,398000000.0,-1558000000.0,1917000000.0,,11020000000.0,11020000000.0,11020000000.0,-2430000000.0,2903000000.0,-13554000000.0,3003000000.0,12507000000.0,1031000000.0,,-1683000000.0,,-1683000000.0,,,,,,,,,,,,,,,,,,,,,,,,,,,,,,,,,118000000.0,,,,,,,
ENGI.PA,Engie,cash_flow,2022-12-31,2207000000.0,-374000000.0,-10972000000.0,8669000000.0,,-6379000000.0,15570000000.0,,13890000000.0,363000000.0,1317000000.0,-2979000000.0,3185000000.0,-822000000.0,-2665000000.0,,-374000000.0,-374000000.0,,-2303000000.0,,-2303000000.0,-10972000000.0,8669000000.0,-4290000000.0,-3124000000.0,18000000.0,7493000000.0,8189000000.0,-696000000.0,-6206000000.0,173000000.0,-6379000000.0,8586000000.0,-1504000000.0,,713000000.0,-2424000000.0,2784000000.0,2920000000.0,,8057000000.0,8057000000.0,8057000000.0,3661000000.0,-1793000000.0,8521000000.0,-2115000000.0,-11614000000.0,-83000000.0,,443000000.0,443000000.0,,,,,,,,,,,,,,,,,,,,,,,,,,,,,,,,,,-37000000.0,,,,,,,
ENGI.PA,Engie,cash_flow,2021-12-31,,0.0,,,226000000.0,,,-442000000.0,,,,,,,,,,0.0,226000000.0,,,,,,,-3003000000.0,,,,,,,,,,,,,,,,,,,,,,,,,,,73000000.0,-1548000000.0,,,,,,,,,,,,,,,,,,,,,,,,,,,,,,,,,,,,,,,,
EL.PA,EssilorLuxottica,cash_flow,2025-12-31,3766000000.0,-376000000.0,-2470000000.0,992000000.0,36000000.0,-1525000000.0,3544000000.0,,2251000000.0,-391000000.0,1684000000.0,-1054000000.0,1418000000.0,,-547000000.0,-547000000.0,-340000000.0,-376000000.0,36000000.0,-1478000000.0,1503000000.0,-1478000000.0,-2470000000.0,992000000.0,-2553000000.0,12000000.0,,-911000000.0,,-911000000.0,-1513000000.0,12000000.0,-1525000000.0,5291000000.0,-764000000.0,-226000000.0,,-446000000.0,-446000000.0,158000000.0,280000000.0,-22000000.0,3090000000.0,1830000000.0,1000000.0,2443000000.0,,,,752000000.0,1260000000.0,-141000000.0,,,,,,,,,,,,1503000000.0,,,,,,,,,,,,,,,,,,,,,,,,,,,,,,
EL.PA,EssilorLuxottica,cash_flow,2024-12-31,3352000000.0,-274000000.0,-2240000000.0,1987000000.0,35000000.0,-1522000000.0,2251000000.0,,2558000000.0,88000000.0,-395000000.0,-1647000000.0,100000000.0,,-1163000000.0,-1163000000.0,-239000000.0,-274000000.0,35000000.0,-253000000.0,396000000.0,-253000000.0,-2240000000.0,1987000000.0,-3622000000.0,12000000.0,,-1755000000.0,,-1755000000.0,-1512000000.0,10000000.0,-1522000000.0,4874000000.0,-982000000.0,-181000000.0,,-607000000.0,-607000000.0,175000000.0,162000000.0,,3049000000.0,1749000000.0,6000000.0,2491000000.0,,,,800000000.0,1300000000.0,-367000000.0,,,,,,,,,,,,396000000.0,,,,,,,,,,,,,,,,,,,,,,,,,,,,,,
EL.PA,EssilorLuxottica,cash_flow,2023-12-31,3330000000.0,-271000000.0,-1964000000.0,438000000.0,34000000.0,-1531000000.0,2558000000.0,,1960000000.0,-114000000.0,712000000.0,-2425000000.0,-64000000.0,,-487000000.0,-487000000.0,-237000000.0,-271000000.0,34000000.0,-590000000.0,438000000.0,-1028000000.0,-1964000000.0,0.0,-1724000000.0,4000000.0,,-114000000.0,,-114000000.0,-1520000000.0,11000000.0,-1531000000.0,4861000000.0,-916000000.0,-136000000.0,,-459000000.0,-459000000.0,135000000.0,195000000.0,32000000.0,2972000000.0,1643000000.0,4000000.0,2426000000.0,,,,609000000.0,1304000000.0,-94000000.0,,,,,,,,,,,,438000000.0,,,,,,,,,,,,,,,,,,,,,,,,,,,,,,
EL.PA,EssilorLuxottica,cash_flow,2022-12-31,3211000000.0,-431000000.0,-1410000000.0,0.0,37000000.0,-1572000000.0,1960000000.0,,3293000000.0,83000000.0,-1416000000.0,-3580000000.0,-1182000000.0,,-454000000.0,-454000000.0,-394000000.0,-431000000.0,37000000.0,-1410000000.0,-507000000.0,-1410000000.0,-1410000000.0,0.0,-2619000000.0,2000000.0,,-965000000.0,,-965000000.0,-1555000000.0,17000000.0,-1572000000.0,4783000000.0,-940000000.0,-125000000.0,,-356000000.0,-356000000.0,59000000.0,191000000.0,-51000000.0,2921000000.0,1619000000.0,2000000.0,2281000000.0,,,,751000000.0,1302000000.0,-101000000.0,,,,,,,,,,,,,,,,,,,,,,,,,,,,,,,,,,,,,,,,,,
EL.PA,EssilorLuxottica,cash_flow,2021-12-31,,,,,,,,-1000000.0,,,,,,,,,,,,,,,,,,,,,,,,,,,,,,,,,,,,,,,,,-197000000.0,,,,,,,,,,,,,,,,,,,,,,,,,,,,,,,,,,,,,,,,,,,,,
ERF.PA,Eurofins Scientific,cash_flow,2025-12-31,564100000.0,-541300000.0,-310900000.0,1221800000.0,0.0,-834800000.0,787800000.0,100000.0,613200000.0,-46600000.0,221100000.0,-101600000.0,-51900000.0,-115500000.0,-107700000.0,-107700000.0,-541300000.0,-541300000.0,0.0,910900000.0,,910900000.0,-310900000.0,1221800000.0,-1076200000.0,-100000.0,,-264200000.0,,-264200000.0,-745700000.0,14200000.0,-759900000.0,1398900000.0,-188800000.0,,,52000000.0,26300000.0,105300000.0,138100000.0,,629500000.0,560500000.0,,654100000.0,25000000.0,1400000.0,-44500000.0,,69000000.0,-2000000.0,,,-74900000.0,,-74900000.0,,,,,,,,,,,,,,,,,,,,,8900000.0,,,,,13000000.0,29800000.0,,,10700000.0,,,,,,,
ERF.PA,Eurofins Scientific,cash_flow,2024-12-31,790500000.0,-271900000.0,-477700000.0,118000000.0,200000.0,-528400000.0,613200000.0,,1220900000.0,9400000.0,-617100000.0,-1089500000.0,-53500000.0,-114200000.0,-95600000.0,-95600000.0,-271700000.0,-271900000.0,200000.0,-359700000.0,,-359700000.0,-477700000.0,118000000.0,-846500000.0,-100000.0,,-344300000.0,,-344300000.0,-443400000.0,10200000.0,-453600000.0,1318900000.0,-160700000.0,,,51400000.0,-3000000.0,115700000.0,138300000.0,,596900000.0,527300000.0,,554600000.0,-25900000.0,3600000.0,37200000.0,,69600000.0,-3300000.0,,,-74800000.0,,-74800000.0,,,,,,,,,,,,,,,,,,,,,23600000.0,,,,,9200000.0,22800000.0,,,19400000.0,,,,,,,
ERF.PA,Eurofins Scientific,cash_flow,2023-12-31,467800000.0,-55800000.0,-90000000.0,638500000.0,8000000.0,-550100000.0,1220900000.0,,483200000.0,-12700000.0,750400000.0,413600000.0,368700000.0,-82200000.0,-191900000.0,-191900000.0,-47800000.0,-55800000.0,8000000.0,548500000.0,,548500000.0,-90000000.0,638500000.0,-681100000.0,-100000.0,,-150800000.0,7300000.0,-158100000.0,-471700000.0,6400000.0,-478100000.0,1017900000.0,-139700000.0,,,-75700000.0,10200000.0,106000000.0,137700000.0,,565000000.0,502300000.0,,423300000.0,-41300000.0,11000000.0,-43400000.0,,62700000.0,1900000.0,,,-72000000.0,,-72000000.0,,,,,,,,,,,,,,,,,,,,,1800000.0,,,,,11100000.0,-12300000.0,,,11600000.0,,,,,,,
ERF.PA,Eurofins Scientific,cash_flow,2022-12-31,476100000.0,-15800000.0,-82900000.0,633900000.0,14600000.0,-660200000.0,483200000.0,-100000.0,515000000.0,-800000.0,-30900000.0,-311300000.0,-453100000.0,-49400000.0,-192100000.0,-192100000.0,-1200000.0,-15800000.0,14600000.0,551000000.0,,551000000.0,-82900000.0,633900000.0,-855900000.0,100000.0,,-214700000.0,215300000.0,-430000000.0,-561200000.0,14900000.0,-576100000.0,1136300000.0,-296100000.0,,,33100000.0,20200000.0,121100000.0,136100000.0,,504400000.0,504400000.0,,780000000.0,-12000000.0,16000000.0,79900000.0,,,1500000.0,,,-84100000.0,,-84100000.0,,,,,,,,,,,,,,,,,,,,,-141400000.0,,,,,-54700000.0,-18100000.0,,,2500000.0,,,,,,,
ERF.PA,Eurofins Scientific,cash_flow,2021-12-31,,,,,,,,100000.0,,,,,,,,,,,,,,,,,,,,,,,,,,,,,,,,,,-1400000.0,,,,,,,,,,,,,,,,,,,,,,,,,,,,,,,,,,,,,,,,,,,,,,,,,,,,
RMS.PA,Hermes,cash_flow,2025-12-31,4213000000.0,-8000000.0,-9000000.0,8000000.0,,-1161000000.0,12239000000.0,-1000000.0,11642000000.0,-364000000.0,962000000.0,-3136000000.0,1000000.0,,-2796000000.0,,-8000000.0,-8000000.0,,-1000000.0,,-1000000.0,-9000000.0,8000000.0,-1276000000.0,40000000.0,75000000.0,-60000000.0,0.0,-60000000.0,-1160000000.0,1000000.0,-1161000000.0,5374000000.0,,,,-233000000.0,-279000000.0,-1000000.0,132000000.0,27000000.0,926000000.0,926000000.0,-24000000.0,4524000000.0,-33000000.0,127000000.0,-49000000.0,-45000000.0,,-171000000.0,9000000.0,-180000000.0,,,,,,,,,,,,,,,,,,,,,,,79000000.0,3000000.0,,,,,,,,,,,,,,,,
RMS.PA,Hermes,cash_flow,2024-12-31,4072000000.0,-37000000.0,-1000000.0,0.0,2000000.0,-1067000000.0,11642000000.0,,10625000000.0,119000000.0,898000000.0,-3046000000.0,2000000.0,,-2705000000.0,,-37000000.0,-37000000.0,2000000.0,-1000000.0,,-1000000.0,-1000000.0,0.0,-1195000000.0,-48000000.0,30000000.0,-229000000.0,0.0,-229000000.0,-1066000000.0,1000000.0,-1067000000.0,5139000000.0,,,,-239000000.0,130000000.0,,142000000.0,-29000000.0,844000000.0,844000000.0,-18000000.0,4603000000.0,-60000000.0,-313000000.0,4000000.0,-93000000.0,,118000000.0,145000000.0,-27000000.0,,,,,,,,,,,,,,,,,,,,,,,-56000000.0,-2000000.0,,,,,,,,,,,,,,,,
RMS.PA,Hermes,cash_flow,2023-12-31,3469000000.0,-130000000.0,-1000000.0,0.0,0.0,-859000000.0,10625000000.0,1000000.0,9223000000.0,-138000000.0,1539000000.0,-1794000000.0,,,-1386000000.0,,-130000000.0,-130000000.0,0.0,-1000000.0,,-1000000.0,-1000000.0,0.0,-995000000.0,92000000.0,112000000.0,-288000000.0,0.0,-288000000.0,-859000000.0,0.0,-859000000.0,4328000000.0,,,,-794000000.0,-53000000.0,1000000.0,104000000.0,15000000.0,772000000.0,772000000.0,-26000000.0,4311000000.0,42000000.0,-662000000.0,-122000000.0,-14000000.0,,-52000000.0,0.0,-52000000.0,,,,,,,,,,,,,,,,,,,,,,,56000000.0,-14000000.0,,,,,,,,,,,,,,,,
RMS.PA,Hermes,cash_flow,2022-12-31,3666000000.0,-123000000.0,0.0,0.0,,-518000000.0,9223000000.0,1000000.0,6695000000.0,159000000.0,2368000000.0,-1237000000.0,-1000000.0,,-852000000.0,,-123000000.0,-123000000.0,,0.0,,0.0,0.0,0.0,-579000000.0,32000000.0,67000000.0,-1000000.0,0.0,-1000000.0,-517000000.0,1000000.0,-518000000.0,4184000000.0,,,,73000000.0,451000000.0,,55000000.0,12000000.0,730000000.0,730000000.0,-12000000.0,3367000000.0,203000000.0,-324000000.0,-54000000.0,-16000000.0,,-160000000.0,5000000.0,-165000000.0,,,,,,,,,,,,,,,,,,,,,,,12000000.0,-1000000.0,,,,,,,,,,,,,,,,
RMS.PA,Hermes,cash_flow,2021-12-31,,,,,,,,1000000.0,,,,,-1000000.0,,,,,,,,,,,,,,,,,,,,,,,,,,,,,,,,,,,,,,,,,,,,,,,,,,,,,,,,,,,,,,,,,,,,,,,,,,,,,,,,,
KER.PA,Kering,cash_flow,2025-12-31,2270000000.0,,-1701000000.0,788000000.0,0.0,-830000000.0,4287000000.0,,3309000000.0,57000000.0,921000000.0,-3450000000.0,-27000000.0,-667000000.0,-736000000.0,-736000000.0,0.0,,0.0,-913000000.0,,-913000000.0,-1701000000.0,788000000.0,1213000000.0,,,-134000000.0,344000000.0,-478000000.0,1328000000.0,2158000000.0,-830000000.0,3100000000.0,-334000000.0,,,70000000.0,-101000000.0,547000000.0,,,2044000000.0,2044000000.0,-9000000.0,39000000.0,-101000000.0,163000000.0,109000000.0,354000000.0,,-60000000.0,16000000.0,-76000000.0,,,,,,,,,,,,,,,,,,,,,,,41000000.0,,58000000.0,,,,,,,,79000000.0,,,,,,,
KER.PA,Kering,cash_flow,2024-12-31,1400000000.0,,-919000000.0,2493000000.0,2000000.0,-3309000000.0,3309000000.0,,3650000000.0,31000000.0,-372000000.0,-1896000000.0,-73000000.0,-610000000.0,-1716000000.0,-1716000000.0,2000000.0,,2000000.0,1574000000.0,,1574000000.0,-919000000.0,2493000000.0,-3185000000.0,,,-35000000.0,0.0,-35000000.0,-3277000000.0,32000000.0,-3309000000.0,4709000000.0,-438000000.0,,,668000000.0,48000000.0,699000000.0,,,2113000000.0,2113000000.0,-2000000.0,1119000000.0,-113000000.0,,,461000000.0,,57000000.0,140000000.0,-83000000.0,,,,,,,,,,,,,,,,,,,,,,,,,0.0,,,,,,,,70000000.0,,,,,,,
KER.PA,Kering,cash_flow,2023-12-31,1848000000.0,,-957000000.0,6379000000.0,,-2611000000.0,3650000000.0,,4094000000.0,18000000.0,-462000000.0,2377000000.0,-24000000.0,-377000000.0,-1712000000.0,-1712000000.0,-10000000.0,,,5422000000.0,,5422000000.0,-957000000.0,6379000000.0,-7298000000.0,,,-5093000000.0,,-5093000000.0,-2476000000.0,135000000.0,-2611000000.0,4459000000.0,-1434000000.0,,,-396000000.0,-192000000.0,394000000.0,,,1823000000.0,1823000000.0,-9000000.0,3074000000.0,-126000000.0,-102000000.0,24000000.0,1163000000.0,,195000000.0,251000000.0,-56000000.0,,,,,,,,,,,,,,,,,,,,,,,-19000000.0,,0.0,,,,,,,,76000000.0,,,,,,,
KER.PA,Kering,cash_flow,2022-12-31,3207000000.0,,-904000000.0,2085000000.0,,-1071000000.0,4094000000.0,,4516000000.0,222000000.0,-644000000.0,-2144000000.0,317000000.0,-298000000.0,-1483000000.0,-1483000000.0,-992000000.0,,,1181000000.0,,1181000000.0,-904000000.0,2085000000.0,-2770000000.0,,,-1597000000.0,,-1597000000.0,-1070000000.0,1000000.0,-1071000000.0,4278000000.0,-1746000000.0,,,-902000000.0,-185000000.0,193000000.0,,,1666000000.0,1666000000.0,-7000000.0,3717000000.0,494000000.0,-1015000000.0,-196000000.0,1420000000.0,,-120000000.0,115000000.0,-235000000.0,,,,,,,,,,,,,,,,,,,,,,,-102000000.0,,-8000000.0,,,,,,,,17000000.0,,,,,,,
KER.PA,Kering,cash_flow,2021-12-31,,-538300000.0,,,,,,,,,,,,,,,,-538300000.0,,,,,,,,,,,,,,,,,,,,,,,,,,,,,,-429000000.0,-13000000.0,,,,,,,,,,,,,,,,,,,,,,,,,,,,49000000.0,0.0,,,,,,,,,,,,,,,,
OR.PA,L'Oreal,cash_flow,2025-12-31,7161600000.0,-501500000.0,-22600000.0,4057300000.0,65600000.0,-1495300000.0,9865000000.0,-100000.0,4052300000.0,-39200000.0,5852000000.0,-1397800000.0,-16300000.0,,-3917000000.0,-3917000000.0,-435900000.0,-501500000.0,65600000.0,3425000000.0,-609700000.0,4034700000.0,-22600000.0,4057300000.0,-1407100000.0,100000.0,,-2426600000.0,,,-1489600000.0,5700000.0,-1495300000.0,8656900000.0,,,,327400000.0,83600000.0,17400000.0,248300000.0,,1817400000.0,1817400000.0,37800000.0,6127200000.0,538300000.0,-141900000.0,-152600000.0,68200000.0,,2509000000.0,,,,,,,,,,,,,,,,,,,,,,,,,,,,,,,,,,,,,,,,,,
OR.PA,L'Oreal,cash_flow,2024-12-31,6644300000.0,-497500000.0,-7900000.0,1529400000.0,69900000.0,-1641700000.0,4052300000.0,,4288100000.0,-32800000.0,-203000000.0,-4785100000.0,-13900000.0,,-3614900000.0,-3614900000.0,-427600000.0,-497500000.0,69900000.0,-254400000.0,-1775900000.0,1521500000.0,-7900000.0,1529400000.0,-3703900000.0,100000.0,,-148900000.0,,,-1628100000.0,13600000.0,-1641700000.0,8286000000.0,,,,-226600000.0,322500000.0,21100000.0,239100000.0,,1855300000.0,1855300000.0,15200000.0,6408700000.0,78800000.0,-121200000.0,-506700000.0,-37400000.0,,-1927000000.0,,,,,,,,,,,,,,,,,,,,,,,,,,,,,,,,,,,,,,,,,,
OR.PA,L'Oreal,cash_flow,2023-12-31,6115900000.0,-503300000.0,0.0,3567100000.0,1500000.0,-1488700000.0,4288100000.0,,2617700000.0,-175900000.0,1846300000.0,-1614600000.0,,,-3425600000.0,-3425600000.0,-501800000.0,-503300000.0,1500000.0,2743400000.0,-823700000.0,3567100000.0,0.0,3567100000.0,-4143700000.0,100000.0,,-2497200000.0,,,-1475900000.0,12800000.0,-1488700000.0,7604600000.0,,,,-394900000.0,331900000.0,14100000.0,168500000.0,,1715000000.0,1715000000.0,6900000.0,6184000000.0,138800000.0,-438300000.0,-427300000.0,-95300000.0,,-170700000.0,,,,,,,,,,,,,,,,,,,,,,,,,,,,,,,,,,,,,,,,,,
OR.PA,L'Oreal,cash_flow,2022-12-31,4935100000.0,-502300000.0,0.0,3019900000.0,103200000.0,-1343200000.0,2617700000.0,,2713800000.0,-70700000.0,-25400000.0,-4079900000.0,-100000.0,,-2689900000.0,-2689900000.0,-399100000.0,-502300000.0,103200000.0,-543900000.0,-3563800000.0,3019900000.0,0.0,3019900000.0,-2223800000.0,-100000.0,,-746900000.0,,,-1334000000.0,9200000.0,-1343200000.0,6278300000.0,,,,-1011300000.0,323800000.0,-38700000.0,169000000.0,,1536100000.0,1536100000.0,7600000.0,5706600000.0,247900000.0,-865400000.0,-717600000.0,-96500000.0,,-142800000.0,,,,,,,,,,,,,,,,,,,,,,,,,,,,,,,,,,,,,,,,,,
OR.PA,L'Oreal,cash_flow,2021-12-31,,,,,,,,,,,,,,,,,,,,,,,,,,,,,,-455700000.0,,,,,,,,,,,,,,,,,,,,,,,,,,,,,,,,,,,,,,,,,,,,,,,,,,,,,,,,,,,,,,,,
LR.PA,Legrand,cash_flow,2025-12-31,1328100000.0,-111200000.0,-96700000.0,1550000000.0,0.0,-248700000.0,2381200000.0,,2080700000.0,-62300000.0,362800000.0,393700000.0,-26700000.0,,-575700000.0,-575700000.0,-111200000.0,-111200000.0,0.0,1123300000.0,-330000000.0,1453300000.0,-96700000.0,1550000000.0,-1607700000.0,,,-1314400000.0,,-1314400000.0,2700000.0,2700000.0,,1576800000.0,,,,-138800000.0,55200000.0,58300000.0,,,409100000.0,240100000.0,,1252300000.0,63800000.0,-137400000.0,-120400000.0,-9500000.0,169000000.0,-47300000.0,,,,,,,,-248700000.0,,,,,,,,,,,,,,,,,1000000.0,4400000.0,,,,,,,,,,,,,,,,
LR.PA,Legrand,cash_flow,2024-12-31,1283700000.0,-46300000.0,-94400000.0,801500000.0,0.0,-239600000.0,2080700000.0,,2815400000.0,13600000.0,-748300000.0,-535800000.0,-20300000.0,,-547000000.0,-547000000.0,-46300000.0,-46300000.0,0.0,93200000.0,-613900000.0,707100000.0,-94400000.0,801500000.0,-1735800000.0,,,-1510400000.0,,-1510400000.0,6800000.0,6800000.0,,1523300000.0,,,,-75300000.0,-18500000.0,41800000.0,,,379700000.0,224300000.0,,1168900000.0,-11700000.0,-56500000.0,11400000.0,6700000.0,155400000.0,7400000.0,,,,,,,,-239600000.0,,,,,,,,,,,,,,,,,100000.0,1400000.0,,,,,,,,,,,,,,,,
LR.PA,Legrand,cash_flow,2023-12-31,1583100000.0,-439400000.0,-79600000.0,700000000.0,0.0,-253300000.0,2815400000.0,,2346800000.0,-27500000.0,496100000.0,-927000000.0,-45000000.0,,-504000000.0,-504000000.0,-439400000.0,-439400000.0,0.0,64700000.0,-555700000.0,620400000.0,-79600000.0,700000000.0,-413300000.0,,,-92600000.0,,-92600000.0,1700000.0,1700000.0,,1836400000.0,,,,235900000.0,38900000.0,20600000.0,,,370100000.0,203900000.0,,1148500000.0,30000000.0,123900000.0,43100000.0,12400000.0,166200000.0,-69100000.0,,,,,,,,-253300000.0,,,,,,,,,,,,,,,,,4800000.0,44100000.0,,,,,,,,,,,,,,,,
LR.PA,Legrand,cash_flow,2022-12-31,1030500000.0,-44600000.0,-106900000.0,100000000.0,0.0,-205700000.0,2346800000.0,,2788300000.0,20200000.0,-461700000.0,-1234400000.0,-3300000.0,,-439300000.0,-439300000.0,-44600000.0,-44600000.0,0.0,-747200000.0,-740300000.0,-6900000.0,-106900000.0,100000000.0,-463500000.0,,,-235600000.0,,-235600000.0,5000000.0,5000000.0,,1236200000.0,,,,-248400000.0,-29300000.0,67800000.0,,,384200000.0,237600000.0,-600000.0,999500000.0,-13700000.0,-47600000.0,-157800000.0,12600000.0,146600000.0,-27200000.0,,,,,,,,-205700000.0,,,,,,,,,,,,,,,,,-7100000.0,-600000.0,,,,,,,,,,,,,,,,
LR.PA,Legrand,cash_flow,2021-12-31,,,,,,,,,,,,,,,,,,,,,,,,,,,,,,,,,,,,,,,,,,,,,700000.0,,,,,,,,,-150300000.0,,,,,,,,,,,,,,,,,,,,,,,,,,,,,,,,,,,,,,,,
MC.PA,LVMH,cash_flow,2025-12-31,14205000000.0,-1640000000.0,-4228000000.0,2095000000.0,0.0,-4670000000.0,8359000000.0,-1000000.0,9269000000.0,-248000000.0,-661000000.0,-14896000000.0,-1270000000.0,,-6465000000.0,,-1640000000.0,-1640000000.0,0.0,-2133000000.0,,-2133000000.0,-4228000000.0,2095000000.0,-4640000000.0,65000000.0,21000000.0,149000000.0,,,-3813000000.0,38000000.0,-3851000000.0,18875000000.0,-4656000000.0,-835000000.0,,-575000000.0,312000000.0,-172000000.0,,,8001000000.0,8001000000.0,,17099000000.0,215000000.0,-1315000000.0,,,,-94000000.0,,,-819000000.0,,-819000000.0,,,,,,,,,,,,,,,,,,,,,,,,,,,,,,,,,,,,,
MC.PA,LVMH,cash_flow,2024-12-31,13373000000.0,-312000000.0,-3676000000.0,3595000000.0,53000000.0,-5552000000.0,9269000000.0,-1000000.0,7520000000.0,80000000.0,1670000000.0,-10716000000.0,-398000000.0,,-6492000000.0,-6492000000.0,-259000000.0,-312000000.0,53000000.0,-81000000.0,,-81000000.0,-3676000000.0,3595000000.0,-6539000000.0,-29000000.0,9000000.0,-438000000.0,,,-4694000000.0,21000000.0,-4715000000.0,18925000000.0,-5531000000.0,-840000000.0,,-1924000000.0,-283000000.0,488000000.0,,,7796000000.0,7796000000.0,,18907000000.0,-664000000.0,-1114000000.0,,,,-1017000000.0,,,-837000000.0,,-837000000.0,,,,,,,,,,,,,,,,,,,,,,,,,,,,,,,,,,,,,
MC.PA,LVMH,cash_flow,2023-12-31,10596000000.0,-1584000000.0,-3968000000.0,5990000000.0,0.0,-7807000000.0,7520000000.0,-3000000.0,7100000000.0,-273000000.0,696000000.0,-9397000000.0,-234000000.0,,-6251000000.0,-6251000000.0,-1584000000.0,-1584000000.0,0.0,2022000000.0,,2022000000.0,-3968000000.0,5990000000.0,-8310000000.0,193000000.0,5000000.0,-721000000.0,,,-6671000000.0,136000000.0,-6807000000.0,18403000000.0,-5730000000.0,-813000000.0,,-4574000000.0,-83000000.0,-259000000.0,,,7177000000.0,7177000000.0,,22560000000.0,434000000.0,-4230000000.0,,,,-837000000.0,,,-1000000000.0,,-1000000000.0,,,,,,,,,,,,,,,,,,,,,,,,,,,,,,,,,,,,,
MC.PA,LVMH,cash_flow,2022-12-31,12753000000.0,-1616000000.0,-3891000000.0,3774000000.0,0.0,-5082000000.0,7100000000.0,-1000000.0,7817000000.0,55000000.0,-771000000.0,-12686000000.0,-1756000000.0,,-6025000000.0,-6025000000.0,-1616000000.0,-1616000000.0,0.0,-117000000.0,,-117000000.0,-3891000000.0,3774000000.0,-5920000000.0,40000000.0,7000000.0,-809000000.0,,,-4324000000.0,73000000.0,-4397000000.0,17835000000.0,-5604000000.0,-314000000.0,,-3017000000.0,14000000.0,-483000000.0,,,6226000000.0,6226000000.0,,21001000000.0,1532000000.0,-4169000000.0,,,,-958000000.0,,,-685000000.0,,-685000000.0,,,,,,,,,,,,,,,,,,,,,,,,,,,,,,,,,,,,,
MC.PA,LVMH,cash_flow,2021-12-31,,,,,,,,,,,,,,,,-3527000000.0,,,,,,,,,,,,,,,,,,,,,,,,,,,,,,,,,,,,,,,,,,,,,,,,,,,,,,,,,,,,,,,,,,,,,,,,,,,,,,
ML.PA,Michelin,cash_flow,2025-12-31,1790000000.0,-668000000.0,-10000000.0,165000000.0,72000000.0,-2029000000.0,3877000000.0,1000000.0,3936000000.0,-27000000.0,-33000000.0,-2245000000.0,-150000000.0,,-974000000.0,-974000000.0,-596000000.0,-668000000.0,72000000.0,-245000000.0,-400000000.0,155000000.0,-10000000.0,165000000.0,-1607000000.0,43000000.0,,67000000.0,125000000.0,-58000000.0,-1714000000.0,,-1714000000.0,3819000000.0,-593000000.0,-290000000.0,113000000.0,272000000.0,168000000.0,360000000.0,,,2036000000.0,,,1664000000.0,-120000000.0,253000000.0,-29000000.0,594000000.0,2036000000.0,175000000.0,214000000.0,-39000000.0,-117000000.0,137000000.0,-254000000.0,126000000.0,16000000.0,-61000000.0,,,,,,,,,,,,,,,,,,,,,,,,,,,,,,,,,,
ML.PA,Michelin,cash_flow,2024-12-31,2071000000.0,-502000000.0,-24000000.0,1002000000.0,37000000.0,-2265000000.0,3936000000.0,,2515000000.0,-10000000.0,1431000000.0,-794000000.0,77000000.0,,-961000000.0,-961000000.0,-465000000.0,-502000000.0,37000000.0,825000000.0,-153000000.0,978000000.0,-24000000.0,1002000000.0,-2111000000.0,18000000.0,,-2000000.0,5000000.0,-7000000.0,-1904000000.0,,-1904000000.0,4336000000.0,-806000000.0,-251000000.0,24000000.0,69000000.0,-123000000.0,598000000.0,,,2085000000.0,,,1890000000.0,121000000.0,-165000000.0,236000000.0,555000000.0,2085000000.0,103000000.0,162000000.0,-59000000.0,-243000000.0,35000000.0,-278000000.0,185000000.0,19000000.0,-83000000.0,,,,,,,,,,,,,,,,,,,,,,,,,,,,,,,,,,
ML.PA,Michelin,cash_flow,2023-12-31,3013000000.0,0.0,-33000000.0,23000000.0,0.0,-2274000000.0,2515000000.0,,2584000000.0,-90000000.0,21000000.0,-2336000000.0,-20000000.0,,-893000000.0,-893000000.0,0.0,0.0,0.0,-1144000000.0,-1134000000.0,-10000000.0,-33000000.0,23000000.0,-2930000000.0,20000000.0,,-651000000.0,142000000.0,-793000000.0,-2004000000.0,,-2004000000.0,5287000000.0,-776000000.0,-407000000.0,20000000.0,985000000.0,232000000.0,843000000.0,,,2008000000.0,,,1983000000.0,-276000000.0,775000000.0,254000000.0,507000000.0,2008000000.0,-72000000.0,273000000.0,-345000000.0,-185000000.0,47000000.0,-232000000.0,194000000.0,4000000.0,-38000000.0,,,,,,,,,,,,,,,,,,,,,,,,,,,,,,,,,,
ML.PA,Michelin,cash_flow,2022-12-31,-210000000.0,-120000000.0,-168000000.0,67000000.0,76000000.0,-2141000000.0,2584000000.0,,4482000000.0,-24000000.0,-1874000000.0,-1860000000.0,-69000000.0,,-803000000.0,-803000000.0,-44000000.0,-120000000.0,76000000.0,-676000000.0,-575000000.0,-101000000.0,-168000000.0,67000000.0,-1945000000.0,117000000.0,,-59000000.0,65000000.0,-124000000.0,-1919000000.0,,-1919000000.0,1931000000.0,-697000000.0,-378000000.0,18000000.0,-2077000000.0,-285000000.0,555000000.0,,,1944000000.0,1866000000.0,,2009000000.0,9000000.0,-1055000000.0,-746000000.0,647000000.0,1944000000.0,105000000.0,164000000.0,-59000000.0,-189000000.0,33000000.0,-222000000.0,37000000.0,12000000.0,94000000.0,,,,,,,,,,,,,,,,,,,,,,,,,,,,,,,,,,
ML.PA,Michelin,cash_flow,2021-12-31,,,,,,,,,,,,,,,,,,,,,,,,,,,,,,,,,,,,,,,,,,,,1734000000.0,,,,,,,,,,,,,,,,,,,,,,,,,,,,,,,,,,,,,,,,,,,,,,,,,,
ORA.PA,Orange,cash_flow,2025-12-31,3313000000.0,,,7783000000.0,,-7467000000.0,12167000000.0,,8766000000.0,-62000000.0,3463000000.0,-875000000.0,-719000000.0,,-1994000000.0,-1994000000.0,,,,3778000000.0,-115000000.0,3893000000.0,-3890000000.0,7783000000.0,-6442000000.0,196000000.0,,-6000000.0,15000000.0,-21000000.0,-6982000000.0,485000000.0,-7467000000.0,10780000000.0,-2935000000.0,-1021000000.0,27000000.0,-526000000.0,-953000000.0,1301000000.0,18000000.0,1004000000.0,8433000000.0,8433000000.0,,1139000000.0,60000000.0,35000000.0,332000000.0,2938000000.0,,350000000.0,477000000.0,-127000000.0,,,,,,,,,,,,,,,,,,,,,,,-13000000.0,,,,,,,,-184000000.0,,,,,,,,,
ORA.PA,Orange,cash_flow,2024-12-31,3167000000.0,,,1243000000.0,,-7028000000.0,8766000000.0,,5618000000.0,139000000.0,3009000000.0,-5726000000.0,-165000000.0,,-1915000000.0,-1915000000.0,,,,-1764000000.0,-566000000.0,-1198000000.0,-2441000000.0,1243000000.0,-1460000000.0,26000000.0,,6103000000.0,6231000000.0,-128000000.0,-6758000000.0,270000000.0,-7028000000.0,10195000000.0,-2767000000.0,-1026000000.0,15000000.0,-1312000000.0,-1413000000.0,1195000000.0,18000000.0,-535000000.0,7933000000.0,7933000000.0,,2902000000.0,152000000.0,200000000.0,-251000000.0,2944000000.0,,-831000000.0,436000000.0,-1267000000.0,,,,,,,,,,,,,,,,,,,,,,,2000000.0,,,,,,,,415000000.0,,,,,,,,,
ORA.PA,Orange,cash_flow,2023-12-31,4092000000.0,,,1619000000.0,,-7962000000.0,5618000000.0,1000000.0,6004000000.0,32000000.0,-419000000.0,-5465000000.0,-643000000.0,,-1862000000.0,-1862000000.0,,,,-920000000.0,56000000.0,-976000000.0,-2595000000.0,1619000000.0,-7008000000.0,16000000.0,,-1411000000.0,0.0,-1411000000.0,-7646000000.0,316000000.0,-7962000000.0,12054000000.0,-2809000000.0,-1035000000.0,44000000.0,-9000000.0,-266000000.0,1280000000.0,16000000.0,117000000.0,8834000000.0,8834000000.0,1000000.0,2892000000.0,-100000000.0,-84000000.0,441000000.0,2665000000.0,,2033000000.0,2122000000.0,-89000000.0,,,,,,,-5467000000.0,,,,-7008000000.0,12055000000.0,-266000000.0,-100000000.0,-100000000.0,441000000.0,116000000.0,2665000000.0,8834000000.0,,-307000000.0,29000000.0,5000000.0,,,,,,,,-91000000.0,,,129000000.0,,,,,,
ORA.PA,Orange,cash_flow,2022-12-31,2458000000.0,,,1809000000.0,,-8777000000.0,6004000000.0,-61000000.0,8621000000.0,-61000000.0,-2556000000.0,-3343000000.0,457000000.0,,-1861000000.0,-1861000000.0,,,,-130000000.0,-400000000.0,270000000.0,-1539000000.0,1809000000.0,-10448000000.0,1000000.0,,-10000000.0,0.0,-10000000.0,-8283000000.0,494000000.0,-8777000000.0,11235000000.0,-2939000000.0,-963000000.0,13000000.0,-792000000.0,-692000000.0,1005000000.0,14000000.0,-133000000.0,8542000000.0,8542000000.0,-74000000.0,2617000000.0,297000000.0,-108000000.0,-289000000.0,3147000000.0,,-2156000000.0,192000000.0,-2348000000.0,,,,,,,-3344000000.0,,,,-10447000000.0,11235000000.0,-692000000.0,297000000.0,297000000.0,-289000000.0,927000000.0,3147000000.0,8542000000.0,,-154000000.0,2000000.0,28000000.0,,,,,,,,-159000000.0,,,107000000.0,,,,,,
ORA.PA,Orange,cash_flow,2021-12-31,,,,,,,,50000000.0,,,,,,,,,,,,,,,,,,,,,,,,,,,,,,,,,,,,,-2452000000.0,,,,,,,,,,,,,,,,-4833000000.0,,,,-5977000000.0,11237000000.0,-152000000.0,36000000.0,36000000.0,64000000.0,3810000000.0,2888000000.0,8555000000.0,,-2542000000.0,-3000000.0,,,,,,,,,,,,84000000.0,,,,,,
RI.PA,Pernod Ricard,cash_flow,2025-06-30,1121000000.0,,-2052000000.0,978000000.0,,-667000000.0,1829000000.0,,2683000000.0,275000000.0,-1129000000.0,-2396000000.0,3000000.0,,-1201000000.0,,-11000000.0,,,-1074000000.0,,-1074000000.0,-2052000000.0,978000000.0,-521000000.0,,,,,,12000000.0,12000000.0,,1788000000.0,-417000000.0,-443000000.0,,-470000000.0,20000000.0,457000000.0,25000000.0,-42000000.0,422000000.0,422000000.0,-96000000.0,1626000000.0,-76000000.0,-349000000.0,-65000000.0,574000000.0,,134000000.0,308000000.0,-174000000.0,,,,17000000.0,,-667000000.0,,,,,,,,,,,,,,,,,31000000.0,,0.0,,,,,,,,,,,,,,,
RI.PA,Pernod Ricard,cash_flow,2024-06-30,954000000.0,,-1357000000.0,2815000000.0,,-773000000.0,2683000000.0,,1609000000.0,232000000.0,842000000.0,-209000000.0,,,-1208000000.0,,-334000000.0,,,1458000000.0,,1458000000.0,-1357000000.0,2815000000.0,-676000000.0,,,,,,8000000.0,8000000.0,,1727000000.0,-547000000.0,-355000000.0,,-768000000.0,,414000000.0,45000000.0,-37000000.0,441000000.0,441000000.0,-287000000.0,1476000000.0,,,,766000000.0,,89000000.0,334000000.0,-245000000.0,-765000000.0,8000000.0,-773000000.0,19000000.0,,-773000000.0,,,,,,,,,,,,,,,,,17000000.0,,0.0,,,,,,,,,,,,,,,
RI.PA,Pernod Ricard,cash_flow,2023-06-30,1331000000.0,,-845000000.0,1702000000.0,,-702000000.0,1609000000.0,,2527000000.0,-103000000.0,-815000000.0,-1117000000.0,,,-1072000000.0,,-786000000.0,,,857000000.0,,857000000.0,-845000000.0,1702000000.0,-1731000000.0,,,,,,100000000.0,100000000.0,,2033000000.0,-654000000.0,-292000000.0,,-568000000.0,68000000.0,247000000.0,44000000.0,-74000000.0,417000000.0,417000000.0,-81000000.0,2262000000.0,611000000.0,-748000000.0,-499000000.0,651000000.0,,-1129000000.0,30000000.0,-1159000000.0,-602000000.0,100000000.0,-702000000.0,4000000.0,,-702000000.0,,,,,,,,,,,,,,,,,,,0.0,,,,,,,,,,,,,,,
RI.PA,Pernod Ricard,cash_flow,2022-06-30,1788000000.0,,-493000000.0,1564000000.0,,-506000000.0,2527000000.0,-1000000.0,2078000000.0,42000000.0,408000000.0,-683000000.0,,,-826000000.0,,-813000000.0,,,1071000000.0,,1071000000.0,-493000000.0,1564000000.0,-1203000000.0,1000000.0,,0.0,,,25000000.0,25000000.0,,2294000000.0,-619000000.0,-275000000.0,,-252000000.0,,256000000.0,40000000.0,7000000.0,381000000.0,381000000.0,-3000000.0,1996000000.0,,,,676000000.0,,-723000000.0,12000000.0,-735000000.0,-481000000.0,25000000.0,-506000000.0,48000000.0,,-506000000.0,,,,,,,,,,,,,,,,,,,0.0,,,,,,,,,,,,,,,
PUB.PA,Publicis,cash_flow,2025-12-31,2693000000.0,,-757000000.0,1249000000.0,,-250000000.0,4030000000.0,,3642000000.0,-603000000.0,991000000.0,-1012000000.0,105000000.0,-183000000.0,-903000000.0,,-147000000.0,,,492000000.0,,492000000.0,-757000000.0,1249000000.0,-940000000.0,,,-669000000.0,1000000.0,-670000000.0,-249000000.0,1000000.0,-250000000.0,2943000000.0,-536000000.0,,5000000.0,234000000.0,,140000000.0,89000000.0,,732000000.0,131000000.0,7000000.0,1661000000.0,2438000000.0,-208000000.0,-1996000000.0,577000000.0,601000000.0,-22000000.0,,-22000000.0,,,,,,,,,,,,,,,,,,,,,,,,,,,,,,,,,,,,,,,,
PUB.PA,Publicis,cash_flow,2024-12-31,2063000000.0,,-603000000.0,1000000.0,,-238000000.0,3642000000.0,,4249000000.0,215000000.0,-822000000.0,-2007000000.0,166000000.0,-189000000.0,-853000000.0,,-148000000.0,,,-602000000.0,,-602000000.0,-603000000.0,1000000.0,-1116000000.0,,,-915000000.0,0.0,-915000000.0,-235000000.0,3000000.0,-238000000.0,2301000000.0,-655000000.0,,4000000.0,-161000000.0,,,91000000.0,,729000000.0,132000000.0,-13000000.0,1669000000.0,908000000.0,-34000000.0,-1035000000.0,549000000.0,597000000.0,34000000.0,34000000.0,,,,,,,,,,,,,,,,,,,,,,,,,,,,,,,,,,,,,,,,,
PUB.PA,Publicis,cash_flow,2023-12-31,1868000000.0,,-502000000.0,5000000.0,,-180000000.0,4249000000.0,,4615000000.0,-311000000.0,-55000000.0,-1755000000.0,188000000.0,-178000000.0,-726000000.0,,-189000000.0,,,-497000000.0,,-497000000.0,-502000000.0,5000000.0,-348000000.0,,,-183000000.0,11000000.0,-194000000.0,-178000000.0,2000000.0,-180000000.0,2048000000.0,-669000000.0,,7000000.0,-9000000.0,,1000000.0,85000000.0,,903000000.0,130000000.0,-1000000.0,1322000000.0,2316000000.0,-22000000.0,-2303000000.0,415000000.0,620000000.0,13000000.0,13000000.0,,,,,,,,,,,,,,,,,,,,,,,,,,,,,,,,,,,,,,,,,
PUB.PA,Publicis,cash_flow,2022-12-31,2219000000.0,,-10000000.0,0.0,,-198000000.0,4615000000.0,,3647000000.0,300000000.0,668000000.0,-1000000000.0,81000000.0,-188000000.0,-603000000.0,,41000000.0,,,-10000000.0,,-10000000.0,-10000000.0,0.0,-749000000.0,,,-566000000.0,,-566000000.0,-194000000.0,4000000.0,-198000000.0,2417000000.0,-430000000.0,,3000000.0,-5000000.0,,103000000.0,64000000.0,,822000000.0,141000000.0,103000000.0,1222000000.0,751000000.0,-46000000.0,-710000000.0,431000000.0,681000000.0,11000000.0,11000000.0,,,,,,,,,,,,,,,,,,,,,,,,,,,,,,,,,,,,,,,,,
PUB.PA,Publicis,cash_flow,2021-12-31,,,,,,,,,,,,,,,,,,,,,,,,,,,,,3000000.0,,,,,,,,,,,90000000.0,,,,,,,,,,,,,4000000.0,,,,,,,,,,,,,,,,,,,,,,,,,,,,,,,,,,,,,,,,,
RNO.PA,Renault,cash_flow,2025-12-31,-705000000.0,,-2290000000.0,1383000000.0,,-3044000000.0,20014000000.0,,22542000000.0,-235000000.0,-2293000000.0,-1335000000.0,351000000.0,,-635000000.0,-635000000.0,-64000000.0,,,-907000000.0,,-907000000.0,-2290000000.0,1383000000.0,-3297000000.0,,,-56000000.0,,-56000000.0,-1489000000.0,71000000.0,-1560000000.0,2339000000.0,-682000000.0,-328000000.0,28000000.0,577000000.0,-76000000.0,-4199000000.0,,731000000.0,4239000000.0,4239000000.0,9437000000.0,-10795000000.0,723000000.0,-152000000.0,-384000000.0,522000000.0,,-268000000.0,19000000.0,-287000000.0,-1422000000.0,,-1422000000.0,272000000.0,,-62000000.0,,,,,,,,,,,,,,,,,,,,,,,466000000.0,,,,,,,,,,,
RNO.PA,Renault,cash_flow,2024-12-31,4111000000.0,,-1578000000.0,0.0,,-3050000000.0,22542000000.0,,20677000000.0,-27000000.0,1892000000.0,-3234000000.0,-850000000.0,,-536000000.0,-536000000.0,-159000000.0,,,-1578000000.0,,-1578000000.0,-1578000000.0,0.0,-2035000000.0,-88000000.0,,-282000000.0,,-282000000.0,-1580000000.0,94000000.0,-1674000000.0,7161000000.0,-744000000.0,-321000000.0,222000000.0,1096000000.0,-212000000.0,-5017000000.0,,-100000000.0,3183000000.0,3183000000.0,832000000.0,891000000.0,865000000.0,-698000000.0,218000000.0,647000000.0,,1203000000.0,1648000000.0,-445000000.0,-1288000000.0,,-1288000000.0,429000000.0,,-88000000.0,,,,,,,,,,,,,,,,,,,,,,,923000000.0,,,,,,,,,,,
RNO.PA,Renault,cash_flow,2023-12-31,1398000000.0,-175000000.0,-1170000000.0,0.0,,-3064000000.0,20677000000.0,-91000000.0,21774000000.0,-255000000.0,-751000000.0,-2978000000.0,-1467000000.0,,-73000000.0,-73000000.0,-175000000.0,-175000000.0,,-1170000000.0,,-1170000000.0,-1170000000.0,0.0,-2235000000.0,114000000.0,,22000000.0,22000000.0,0.0,-1417000000.0,282000000.0,-1699000000.0,4462000000.0,-869000000.0,-314000000.0,219000000.0,-71000000.0,-1386000000.0,-5480000000.0,,398000000.0,3188000000.0,3188000000.0,542000000.0,2315000000.0,62000000.0,266000000.0,71000000.0,523000000.0,,411000000.0,815000000.0,-404000000.0,-1365000000.0,,-1365000000.0,332000000.0,,,,,,,,,,,,,,,,,,,,,,,,,916000000.0,,,,,,,,,,,
RNO.PA,Renault,cash_flow,2022-12-31,929000000.0,-60000000.0,-240000000.0,2062000000.0,,-2684000000.0,21774000000.0,-23000000.0,21928000000.0,28000000.0,-159000000.0,-478000000.0,-2199000000.0,,,0.0,-60000000.0,-60000000.0,,1822000000.0,,1822000000.0,-240000000.0,2062000000.0,-3294000000.0,-771000000.0,,-38000000.0,,-38000000.0,-1031000000.0,410000000.0,-1441000000.0,3613000000.0,-479000000.0,-345000000.0,87000000.0,404000000.0,-481000000.0,-4885000000.0,,-311000000.0,3532000000.0,3532000000.0,-301000000.0,1604000000.0,1752000000.0,-1368000000.0,-283000000.0,524000000.0,,-211000000.0,47000000.0,-258000000.0,-1243000000.0,,-1243000000.0,172000000.0,,,,,,,,,,,,,,,,,,,,,,,,,784000000.0,,,,,,,,,,,
RNO.PA,Renault,cash_flow,2021-12-31,,-36000000.0,,,,,,-19000000.0,,,,,,,,,,-36000000.0,,,,,,,,-527000000.0,,,,,,,,,,,,,,,,,,,,,,,,,,,,,,,,,,-475000000.0,,,,,,,,,,,,,,,,,,,,,,,,,,,,,,,,,,
SAF.PA,Safran,cash_flow,2025-12-31,3921000000.0,-1358000000.0,-211000000.0,17000000.0,0.0,-1800000000.0,6789000000.0,,6514000000.0,-57000000.0,332000000.0,-2005000000.0,-13000000.0,,-1216000000.0,,-1358000000.0,-1358000000.0,0.0,636000000.0,830000000.0,-194000000.0,-211000000.0,17000000.0,-3384000000.0,,,,,,-1238000000.0,,-1238000000.0,5721000000.0,-1962000000.0,,,1071000000.0,1881000000.0,156000000.0,109000000.0,-149000000.0,1478000000.0,775000000.0,-5548000000.0,7177000000.0,,-810000000.0,,2976000000.0,703000000.0,-1584000000.0,66000000.0,-1650000000.0,-214000000.0,,-214000000.0,,,-348000000.0,,,,,,,,,,,,,,,,,-5000000.0,,,,,,,,,,,,,,,,,
SAF.PA,Safran,cash_flow,2024-12-31,3189000000.0,-1320000000.0,-863000000.0,56000000.0,0.0,-1544000000.0,6514000000.0,,6676000000.0,26000000.0,-188000000.0,-3073000000.0,-21000000.0,,-911000000.0,,-1320000000.0,-1320000000.0,0.0,-762000000.0,45000000.0,-807000000.0,-863000000.0,56000000.0,-1848000000.0,,,,,,-1044000000.0,,-1044000000.0,4733000000.0,-935000000.0,,,7000000.0,1459000000.0,204000000.0,106000000.0,285000000.0,1406000000.0,720000000.0,4637000000.0,-667000000.0,,-1452000000.0,,-304000000.0,686000000.0,-304000000.0,113000000.0,-417000000.0,-172000000.0,,-172000000.0,,,-328000000.0,,,,,,,,,,,,,,,,,22000000.0,,,,,,,,,,,,,,,,,
SAF.PA,Safran,cash_flow,2023-12-31,2945000000.0,-1535000000.0,-311000000.0,17000000.0,2000000.0,-1325000000.0,6676000000.0,360000000.0,6687000000.0,-1000000.0,-10000000.0,-2576000000.0,-5000000.0,,-564000000.0,,-1533000000.0,-1535000000.0,2000000.0,-455000000.0,-161000000.0,-294000000.0,-311000000.0,17000000.0,-1704000000.0,,,,,,-823000000.0,,-823000000.0,4270000000.0,-988000000.0,,,758000000.0,2252000000.0,210000000.0,89000000.0,-51000000.0,1484000000.0,690000000.0,-1817000000.0,3444000000.0,,-1494000000.0,,1221000000.0,794000000.0,-379000000.0,151000000.0,-530000000.0,-179000000.0,,-179000000.0,,,-323000000.0,,,,,,,,,,,,,,,,,-73000000.0,,,,,,,,,,,,,,,,,
SAF.PA,Safran,cash_flow,2022-12-31,2666000000.0,-270000000.0,-654000000.0,510000000.0,0.0,-879000000.0,6687000000.0,1558000000.0,5247000000.0,-2000000.0,1442000000.0,-815000000.0,-17000000.0,,-213000000.0,,-270000000.0,-270000000.0,0.0,-303000000.0,-159000000.0,-144000000.0,-654000000.0,510000000.0,-1288000000.0,,,,,,-498000000.0,,-498000000.0,3545000000.0,,,,729000000.0,2274000000.0,-880000000.0,,,1615000000.0,1615000000.0,4496000000.0,-2459000000.0,,-1545000000.0,,-682000000.0,,-409000000.0,248000000.0,-657000000.0,-98000000.0,,-98000000.0,,,-283000000.0,,,,,,,,,,,,,,,,,4207000000.0,,,,,,,,,,,,,,,,,
SAF.PA,Safran,cash_flow,2021-12-31,,,,,,,,,,,,,,,,,,,,,,,,,,,,263000000.0,263000000.0,,,,,,,,,,,,,,,,,,,,,,,,,,,,,,,,,,,,,,,,,,,,,,,,,,,,,,,,,,,,,,,,,
SGO.PA,Saint-Gobain,cash_flow,2025-12-31,3448000000.0,-778000000.0,-1345000000.0,1275000000.0,240000000.0,-2190000000.0,7582000000.0,4000000.0,8460000000.0,-105000000.0,-777000000.0,-2617000000.0,81000000.0,,-1085000000.0,,-538000000.0,-778000000.0,240000000.0,-238000000.0,-168000000.0,-70000000.0,-1345000000.0,1275000000.0,-3798000000.0,69000000.0,,-1751000000.0,19000000.0,-1770000000.0,-1799000000.0,391000000.0,-2190000000.0,5638000000.0,,,,-104000000.0,-81000000.0,4000000.0,136000000.0,,2627000000.0,2627000000.0,21000000.0,2975000000.0,,-23000000.0,,,,-193000000.0,3000000.0,-196000000.0,,,,,,,,,,,,,,,,,,,,,,,,,,,,,,,,,,,,,,,,
SGO.PA,Saint-Gobain,cash_flow,2024-12-31,3486000000.0,-811000000.0,-1624000000.0,3674000000.0,222000000.0,-2083000000.0,8460000000.0,15000000.0,8602000000.0,-58000000.0,-99000000.0,-402000000.0,-83000000.0,,-1045000000.0,,-589000000.0,-811000000.0,222000000.0,2101000000.0,51000000.0,2050000000.0,-1624000000.0,3674000000.0,-5266000000.0,163000000.0,,-3301000000.0,30000000.0,-3331000000.0,-1925000000.0,158000000.0,-2083000000.0,5569000000.0,,,,-74000000.0,-97000000.0,36000000.0,13000000.0,,2631000000.0,2631000000.0,52000000.0,2934000000.0,,23000000.0,,,,-201000000.0,18000000.0,-219000000.0,,,,,,,,,,,,,,,,,,,,,,,,,,,,,,,,,,,,,,,,
SGO.PA,Saint-Gobain,cash_flow,2023-12-31,4064000000.0,-828000000.0,-1636000000.0,3322000000.0,213000000.0,-1971000000.0,8602000000.0,-39000000.0,6134000000.0,-93000000.0,2600000000.0,-205000000.0,4000000.0,,-1013000000.0,,-615000000.0,-828000000.0,213000000.0,2188000000.0,502000000.0,1686000000.0,-1636000000.0,3322000000.0,-3230000000.0,-36000000.0,,-1101000000.0,,-1101000000.0,-1890000000.0,81000000.0,-1971000000.0,6035000000.0,,,,492000000.0,258000000.0,39000000.0,75000000.0,,2395000000.0,2395000000.0,347000000.0,2756000000.0,,234000000.0,,,,-230000000.0,3000000.0,-233000000.0,,,,,,,,,,,,,,,,,,,,,,,,,,,,,,,,,,,,,,,,
SGO.PA,Saint-Gobain,cash_flow,2022-12-31,3790000000.0,-781000000.0,-1286000000.0,1624000000.0,222000000.0,-1921000000.0,6134000000.0,-12000000.0,6943000000.0,180000000.0,-977000000.0,-1850000000.0,52000000.0,,-833000000.0,,-559000000.0,-781000000.0,222000000.0,292000000.0,-46000000.0,338000000.0,-1286000000.0,1624000000.0,-4838000000.0,36000000.0,,-2997000000.0,416000000.0,-3413000000.0,-1832000000.0,89000000.0,-1921000000.0,5711000000.0,,,,145000000.0,1000000000.0,39000000.0,,,2442000000.0,2442000000.0,42000000.0,3101000000.0,,-855000000.0,,,,-93000000.0,6000000.0,-99000000.0,,,,,,,,,,,,,,,,,,,,,,,18000000.0,,,,,,,,,,,,,,,,,
SGO.PA,Saint-Gobain,cash_flow,2021-12-31,,,,,,,,,,,,,,,,,,,,,,,,,,,,,,,,,,,,,,,,,,,,,,,,,,,,,,,,,,,,,,,,,,,,,,,,,,,,,13000000.0,,,,,,,,,,,,,,,,,
SAN.PA,Sanofi,cash_flow,2025-12-31,7212000000.0,-5030000000.0,-2955000000.0,5559000000.0,177000000.0,-3538000000.0,7657000000.0,,7441000000.0,-47000000.0,263000000.0,-8207000000.0,-38000000.0,,-4772000000.0,-4772000000.0,-4853000000.0,-5030000000.0,177000000.0,1504000000.0,-1100000000.0,2604000000.0,-2955000000.0,5559000000.0,-2447000000.0,-80000000.0,,-10078000000.0,0.0,-10078000000.0,-2691000000.0,847000000.0,-3538000000.0,10750000000.0,,,,1795000000.0,,437000000.0,,-100000000.0,5678000000.0,5678000000.0,,4939000000.0,398000000.0,-39000000.0,-1202000000.0,-2439000000.0,,,,,,,,,313000000.0,,-8159000000.0,,,,-12849000000.0,10561000000.0,2638000000.0,398000000.0,398000000.0,-1202000000.0,,-2439000000.0,5678000000.0,,251000000.0,290000000.0,,,167000000.0,,,,,,,,,,485000000.0,2885000000.0,-48000000.0,10402000000.0,189000000.0,
SAN.PA,Sanofi,cash_flow,2024-12-31,5886000000.0,-302000000.0,-953000000.0,0.0,187000000.0,-3195000000.0,7441000000.0,,8710000000.0,-13000000.0,-1256000000.0,-5763000000.0,-38000000.0,,-4704000000.0,-4704000000.0,-115000000.0,-302000000.0,187000000.0,-894000000.0,59000000.0,-953000000.0,-953000000.0,0.0,-4407000000.0,-40000000.0,,-2524000000.0,0.0,-2524000000.0,-1734000000.0,1461000000.0,-3195000000.0,9081000000.0,,,,-615000000.0,,136000000.0,,812000000.0,3586000000.0,3586000000.0,,5496000000.0,789000000.0,-477000000.0,-28000000.0,-802000000.0,,,,,,,,,278000000.0,,-5751000000.0,,,,-4298000000.0,8607000000.0,-899000000.0,789000000.0,789000000.0,-28000000.0,,-802000000.0,3586000000.0,,-6000000.0,82000000.0,,,-167000000.0,,,,,,,,,,587000000.0,3291000000.0,-12000000.0,-109000000.0,474000000.0,
SAN.PA,Sanofi,cash_flow,2023-12-31,7352000000.0,-593000000.0,-3936000000.0,48000000.0,195000000.0,-2906000000.0,8710000000.0,,12736000000.0,-32000000.0,-3994000000.0,-8052000000.0,-59000000.0,,-4454000000.0,-4454000000.0,-398000000.0,-593000000.0,195000000.0,-3137000000.0,751000000.0,-3888000000.0,-3936000000.0,48000000.0,-6200000000.0,-224000000.0,,-2627000000.0,42000000.0,-2669000000.0,-2099000000.0,807000000.0,-2906000000.0,10258000000.0,,,,413000000.0,,306000000.0,,105000000.0,4429000000.0,4429000000.0,,5062000000.0,258000000.0,-866000000.0,-472000000.0,-1233000000.0,,-134000000.0,,-134000000.0,,,,,260000000.0,,-8048000000.0,,,,-4950000000.0,9271000000.0,1493000000.0,258000000.0,258000000.0,-472000000.0,,-1233000000.0,4429000000.0,,189000000.0,293000000.0,,,0.0,,,,,,,,,,559000000.0,2623000000.0,-4000000.0,-1250000000.0,987000000.0,
SAN.PA,Sanofi,cash_flow,2022-12-31,8423000000.0,-497000000.0,-2998000000.0,1549000000.0,188000000.0,-2103000000.0,12736000000.0,,10098000000.0,8000000.0,2630000000.0,-5821000000.0,-97000000.0,,-4168000000.0,-4168000000.0,-309000000.0,-497000000.0,188000000.0,-1233000000.0,216000000.0,-1449000000.0,-2998000000.0,1549000000.0,-2075000000.0,-14000000.0,,-1340000000.0,134000000.0,-1474000000.0,-763000000.0,1340000000.0,-2103000000.0,10526000000.0,,,,-794000000.0,,236000000.0,,48000000.0,3108000000.0,3108000000.0,,7970000000.0,340000000.0,-918000000.0,-500000000.0,-529000000.0,,-488000000.0,,-488000000.0,,,,,234000000.0,,-5807000000.0,,,,-2117000000.0,9638000000.0,284000000.0,340000000.0,340000000.0,-500000000.0,,-529000000.0,3108000000.0,,-401000000.0,-45000000.0,,,0.0,,,,,,,,,,380000000.0,2452000000.0,-14000000.0,42000000.0,888000000.0,
SAN.PA,Sanofi,cash_flow,2021-12-31,,,,,,,,,,,,,,,,,,,,,,,,,,,,,,,,,,,,,,,,,,,,,,,,,,,,-311000000.0,,-311000000.0,,,,,,,,,,,,,,,,,,,,,,,,,,,,,,,,,,,,,,,,
SU.PA,Schneider Electric,cash_flow,2025-12-31,4588000000.0,,-2310000000.0,4864000000.0,,-1543000000.0,4587000000.0,,6812000000.0,-410000000.0,-1815000000.0,-5229000000.0,-5535000000.0,,-2191000000.0,,39000000.0,,,2554000000.0,,2554000000.0,-2310000000.0,4864000000.0,-2717000000.0,-54000000.0,,-1158000000.0,25000000.0,-1183000000.0,-1025000000.0,47000000.0,-1072000000.0,6131000000.0,-1418000000.0,,,-617000000.0,-257000000.0,200000000.0,,106000000.0,1652000000.0,871000000.0,,4351000000.0,307000000.0,-366000000.0,-301000000.0,1455000000.0,781000000.0,-9000000.0,,,-471000000.0,,-471000000.0,,,,,,,,,,,,,,,,,,,,,-25000000.0,,,,,,,,,,,,,,,,
SU.PA,Schneider Electric,cash_flow,2024-12-31,4161000000.0,,-2722000000.0,3466000000.0,,-1419000000.0,6812000000.0,,4654000000.0,189000000.0,1969000000.0,-1624000000.0,-183000000.0,,-1963000000.0,,-136000000.0,,,744000000.0,,744000000.0,-2722000000.0,3466000000.0,-1987000000.0,-80000000.0,,-452000000.0,83000000.0,-535000000.0,-895000000.0,55000000.0,-950000000.0,5580000000.0,-1479000000.0,,,-728000000.0,-134000000.0,200000000.0,,93000000.0,1538000000.0,822000000.0,,4439000000.0,439000000.0,-834000000.0,-199000000.0,1398000000.0,716000000.0,-91000000.0,,,-469000000.0,,-469000000.0,,,,,,,,,,,,,,,,,,,,,-115000000.0,,,,,,,-115000000.0,,,,,,,,,
SU.PA,Schneider Electric,cash_flow,2023-12-31,4542000000.0,,-1299000000.0,4448000000.0,,-1365000000.0,4654000000.0,-5000000.0,3863000000.0,-240000000.0,1036000000.0,-3823000000.0,-4702000000.0,,-1767000000.0,,-419000000.0,,,3149000000.0,,3149000000.0,-1299000000.0,4448000000.0,-1048000000.0,-257000000.0,,611000000.0,918000000.0,-307000000.0,-862000000.0,52000000.0,-914000000.0,5907000000.0,,,,378000000.0,205000000.0,220000000.0,,87000000.0,1460000000.0,743000000.0,,4169000000.0,493000000.0,-382000000.0,62000000.0,-164000000.0,717000000.0,-89000000.0,,,-451000000.0,,-451000000.0,,,,,,,,,,,,,,,,,,,,,-252000000.0,,,,,493000000.0,,-252000000.0,,,,,,,,,
SU.PA,Schneider Electric,cash_flow,2022-12-31,3261000000.0,,-829000000.0,1235000000.0,,-1093000000.0,3863000000.0,-20000000.0,2463000000.0,-70000000.0,1490000000.0,-1453000000.0,-73000000.0,,-1618000000.0,,-11000000.0,,,406000000.0,,406000000.0,-829000000.0,1235000000.0,-1411000000.0,-130000000.0,,-297000000.0,262000000.0,-559000000.0,-638000000.0,69000000.0,-707000000.0,4354000000.0,,,,-1039000000.0,-254000000.0,102000000.0,,32000000.0,1482000000.0,750000000.0,,3536000000.0,73000000.0,-553000000.0,-305000000.0,139000000.0,732000000.0,40000000.0,40000000.0,,-386000000.0,,-386000000.0,,,,,,,,,,,,,,,,,,,,,70000000.0,,,,,73000000.0,,70000000.0,,,,,,,,,
SU.PA,Schneider Electric,cash_flow,2021-12-31,,,,,,,,,,,,,,,,,,,,,,,,,,,,,,,,,,,,,,,,,,,,,,,,,,,,,16000000.0,,,,,,,,,,,,,,,,,,,,,,,,,,,,,,418000000.0,,-184000000.0,,,,,,,,,
GLE.PA,Societe Generale,cash_flow,2025-12-31,-29009000000.0,,,,,-9361000000.0,153327000000.0,1000000.0,219119000000.0,-9147000000.0,-56646000000.0,-8560000000.0,-3782000000.0,,,,-4778000000.0,,,,,,,,-28438000000.0,,,,,,-9361000000.0,,,-19648000000.0,,,,-39951000000.0,-66615000000.0,2948000000.0,,201000000.0,10287000000.0,10287000000.0,,7032000000.0,,,,73000000.0,,-19077000000.0,,,,,,,,,,,,,,,,,,,,,,,,,,,,,,,,,-220000000.0,,,,,,,,,
GLE.PA,Societe Generale,cash_flow,2024-12-31,-21531000000.0,,,,,-11433000000.0,219119000000.0,,241997000000.0,2236000000.0,-25114000000.0,-1273000000.0,155000000.0,,,,-1428000000.0,,,,,,,,-13743000000.0,,,,,,-11433000000.0,,,-10098000000.0,,,,-26504000000.0,-19758000000.0,1700000000.0,,-492000000.0,10086000000.0,10086000000.0,,5129000000.0,,,,143000000.0,,-2310000000.0,,,,,,,,,,,,,,,,,,,,,,,,,,,,,,,,,-139000000.0,,,,,,,,,
GLE.PA,Societe Generale,cash_flow,2023-12-31,25556000000.0,,,,,-11867000000.0,241997000000.0,,222869000000.0,-2320000000.0,21448000000.0,-3902000000.0,26000000.0,,,,-3928000000.0,,,,,,,,-12073000000.0,,,,,,-11867000000.0,,,37423000000.0,,,,21778000000.0,16555000000.0,4748000000.0,,-346000000.0,7710000000.0,7710000000.0,,3449000000.0,,,,209000000.0,,-206000000.0,,,,,,,,,,,,,,,,,,,,,,,,,,,,,,,,,-101000000.0,,,,,,,,,
GLE.PA,Societe Generale,cash_flow,2022-12-31,29502000000.0,,,,,-9579000000.0,222869000000.0,,190649000000.0,2354000000.0,29866000000.0,-214000000.0,498000000.0,,,,-712000000.0,,,,,,,,-9001000000.0,,,,,,-9579000000.0,,,39081000000.0,,,,25607000000.0,22031000000.0,5368000000.0,,-18000000.0,5342000000.0,5342000000.0,,2756000000.0,,,,209000000.0,,578000000.0,,,,,,,,,,,,,,,,,,,,,,,,,,,,,,,,,-168000000.0,,,,,,,,,
STLAP.PA,Stellantis,cash_flow,2025-12-31,-13792000000.0,0.0,-5156000000.0,14194000000.0,49000000.0,-9142000000.0,30146000000.0,,34100000000.0,-1278000000.0,-2676000000.0,7574000000.0,-5000000.0,,-1959000000.0,-1959000000.0,49000000.0,0.0,49000000.0,9489000000.0,451000000.0,9038000000.0,-5156000000.0,14194000000.0,-5897000000.0,100000000.0,,60000000.0,485000000.0,-425000000.0,-8913000000.0,229000000.0,-9142000000.0,-4650000000.0,-204000000.0,,276000000.0,1077000000.0,-5379000000.0,10797000000.0,,,6981000000.0,,,-26605000000.0,3483000000.0,-2537000000.0,-5532000000.0,,,2856000000.0,,,,,,,,,7574000000.0,,,,-5897000000.0,-4650000000.0,11042000000.0,3483000000.0,3483000000.0,-5532000000.0,,,6981000000.0,,3028000000.0,1271000000.0,,,297000000.0,,,,,,,,,,,,,,,
STLAP.PA,Stellantis,cash_flow,2024-12-31,-9525000000.0,-3000000000.0,-8471000000.0,13115000000.0,104000000.0,-11060000000.0,34100000000.0,,43669000000.0,410000000.0,-9979000000.0,-1343000000.0,-15000000.0,,-4651000000.0,-4651000000.0,-2896000000.0,-3000000000.0,104000000.0,6219000000.0,1575000000.0,4644000000.0,-8471000000.0,13115000000.0,-10105000000.0,-664000000.0,,-1391000000.0,261000000.0,-1652000000.0,-10472000000.0,588000000.0,-11060000000.0,1535000000.0,-2792000000.0,,335000000.0,-9207000000.0,-3885000000.0,1927000000.0,,,7226000000.0,,,4032000000.0,-4007000000.0,632000000.0,-2669000000.0,-2921000000.0,,2422000000.0,,,,,,,,,-1343000000.0,,,,-10105000000.0,1535000000.0,722000000.0,-4007000000.0,-4007000000.0,-2669000000.0,,-2921000000.0,7226000000.0,,14000000.0,46000000.0,,,-66000000.0,,,,,,,,,,,,,,,
STLAP.PA,Stellantis,cash_flow,2023-12-31,7761000000.0,-2434000000.0,-4382000000.0,4168000000.0,92000000.0,-10193000000.0,43669000000.0,,46433000000.0,-836000000.0,-1928000000.0,-5501000000.0,-10000000.0,,-4208000000.0,-4208000000.0,-2342000000.0,-2434000000.0,92000000.0,1059000000.0,1273000000.0,-214000000.0,-4382000000.0,4168000000.0,-14215000000.0,-441000000.0,,-2428000000.0,1457000000.0,-3885000000.0,-8592000000.0,1601000000.0,-10193000000.0,17954000000.0,-2649000000.0,,312000000.0,-9733000000.0,-1747000000.0,720000000.0,,,7549000000.0,,,22418000000.0,1058000000.0,-4388000000.0,-5835000000.0,701000000.0,,-2754000000.0,,,,,,,,,-5501000000.0,,,,-14215000000.0,17954000000.0,1179000000.0,1058000000.0,1058000000.0,-5835000000.0,,701000000.0,7549000000.0,,-663000000.0,-468000000.0,,,-166000000.0,,,,,,,,,,,,,0.0,,-156000000.0
STLAP.PA,Stellantis,cash_flow,2022-12-31,10945000000.0,-923000000.0,,,40000000.0,-9014000000.0,46433000000.0,,49629000000.0,608000000.0,-3804000000.0,-13167000000.0,-2051000000.0,,-3353000000.0,-3353000000.0,-883000000.0,-923000000.0,40000000.0,-6880000000.0,-400000000.0,-6480000000.0,,,-10531000000.0,-1631000000.0,,-431000000.0,235000000.0,-666000000.0,-8469000000.0,545000000.0,-9014000000.0,19959000000.0,,,-47000000.0,-3058000000.0,-483000000.0,391000000.0,,,6797000000.0,,,16779000000.0,4165000000.0,-5606000000.0,-1986000000.0,-711000000.0,,,,,,,,,,,-13167000000.0,,,,-10531000000.0,19959000000.0,852000000.0,4165000000.0,4165000000.0,-1986000000.0,,-711000000.0,6797000000.0,,-192000000.0,,,,-65000000.0,,,,,,,,,,,,0.0,0.0,0.0,-47000000.0
STLAP.PA,Stellantis,cash_flow,2021-12-31,,,,,,,,,,,,,,,,,,,,,,,,,,,,,,,,,,,,,,,,,,-1152000000.0,,,,,,,,-654000000.0,,,,,,,,,,,,,,,,,,,,,,-654000000.0,,,,,,,,,,,,,,,,,,,0.0,-3115000000.0,0.0,-185000000.0
STMPA.PA,STMicroelectronics,cash_flow,2025-12-31,-52000000.0,-367000000.0,-989000000.0,0.0,,,2837000000.0,,2282000000.0,6000000.0,549000000.0,-1560000000.0,117000000.0,,-321000000.0,-321000000.0,-367000000.0,-367000000.0,,-989000000.0,,-989000000.0,-989000000.0,0.0,-43000000.0,258000000.0,,,,,-2102000000.0,9000000.0,-2111000000.0,2152000000.0,,,,-143000000.0,,-99000000.0,193000000.0,,1854000000.0,,-76000000.0,180000000.0,83000000.0,-172000000.0,5000000.0,17000000.0,101000000.0,1894000000.0,2250000000.0,-356000000.0,-93000000.0,,-93000000.0,,,,-1560000000.0,,,,-43000000.0,2152000000.0,-59000000.0,83000000.0,83000000.0,5000000.0,226000000.0,17000000.0,1854000000.0,101000000.0,-76000000.0,,,,,,,,,,,,,,54000000.0,141000000.0,,,,
STMPA.PA,STMicroelectronics,cash_flow,2024-12-31,-216000000.0,-359000000.0,-203000000.0,300000000.0,,,2282000000.0,,3222000000.0,-8000000.0,-932000000.0,-155000000.0,395000000.0,,-288000000.0,-288000000.0,-359000000.0,-359000000.0,,97000000.0,,97000000.0,-203000000.0,300000000.0,-3742000000.0,441000000.0,,,,,-3083000000.0,5000000.0,-3088000000.0,2965000000.0,,,,-495000000.0,,-212000000.0,222000000.0,,1760000000.0,,1000000.0,1565000000.0,-35000000.0,-167000000.0,-32000000.0,124000000.0,102000000.0,-1007000000.0,2251000000.0,-3258000000.0,-93000000.0,,-93000000.0,,,,-155000000.0,,,,-3742000000.0,2965000000.0,-261000000.0,-35000000.0,-35000000.0,-32000000.0,0.0,124000000.0,1760000000.0,102000000.0,1000000.0,,,,,,,,,,,,,,67000000.0,197000000.0,,,,
STMPA.PA,STMicroelectronics,cash_flow,2023-12-31,1456000000.0,-346000000.0,-169000000.0,329000000.0,,,3222000000.0,,3258000000.0,5000000.0,-41000000.0,-267000000.0,142000000.0,,-223000000.0,-223000000.0,-346000000.0,-346000000.0,,160000000.0,,160000000.0,-169000000.0,329000000.0,-5766000000.0,320000000.0,,,,,-4431000000.0,8000000.0,-4439000000.0,5992000000.0,,0.0,,78000000.0,,-124000000.0,236000000.0,,1561000000.0,,,4222000000.0,-238000000.0,-72000000.0,229000000.0,19000000.0,97000000.0,-1558000000.0,750000000.0,-2308000000.0,-97000000.0,,-97000000.0,,,,-267000000.0,,,,-5766000000.0,5992000000.0,159000000.0,-238000000.0,-238000000.0,229000000.0,0.0,19000000.0,1561000000.0,97000000.0,,,,,,,,,,,,,,,31000000.0,489000000.0,,,,
STMPA.PA,STMicroelectronics,cash_flow,2022-12-31,1566000000.0,-346000000.0,-134000000.0,200000000.0,,-3636000000.0,3258000000.0,,3225000000.0,-11000000.0,44000000.0,-567000000.0,-75000000.0,,-212000000.0,-212000000.0,-346000000.0,-346000000.0,,66000000.0,,66000000.0,-134000000.0,200000000.0,-4591000000.0,21000000.0,,0.0,0.0,0.0,-3545000000.0,4000000.0,-3549000000.0,5202000000.0,,0.0,,-130000000.0,,-68000000.0,215000000.0,,1216000000.0,,,3966000000.0,240000000.0,-650000000.0,-231000000.0,3000000.0,103000000.0,-980000000.0,0.0,-980000000.0,-87000000.0,,-87000000.0,,,,-567000000.0,,,,-4591000000.0,5202000000.0,511000000.0,240000000.0,240000000.0,-231000000.0,0.0,3000000.0,1216000000.0,103000000.0,,0.0,,,,,,,,,,,,,2000000.0,416000000.0,,,,
STMPA.PA,STMicroelectronics,cash_flow,2021-12-31,,,,,,-1937000000.0,,,,,,,,,,,,,,,,,,,,,,0.0,0.0,0.0,,,,,,-40000000.0,,,,,,,,,43000000.0,,,,,,,,,,,,,,,,,,,,,,,,,,,,,,43000000.0,0.0,,,,,,,,,,,,,,,,,,
TEP.PA,Teleperformance,cash_flow,2025-12-31,1361000000.0,-114000000.0,,,,-253000000.0,989000000.0,,1049000000.0,-106000000.0,46000000.0,-831000000.0,29000000.0,-183000000.0,-248000000.0,,-114000000.0,-114000000.0,,,,,,,-737000000.0,,,-465000000.0,,-465000000.0,,,,1614000000.0,-380000000.0,,,52000000.0,-66000000.0,267000000.0,75000000.0,-13000000.0,739000000.0,739000000.0,-5000000.0,497000000.0,87000000.0,,31000000.0,289000000.0,,-26000000.0,,-26000000.0,-246000000.0,7000000.0,-253000000.0,,,,,,,,,,,,,,,,,,,,,,,,,,,,,,,,,,,,,
TEP.PA,Teleperformance,cash_flow,2024-12-31,1594000000.0,-184000000.0,,,,-219000000.0,1049000000.0,,867000000.0,-7000000.0,189000000.0,-1403000000.0,-473000000.0,-204000000.0,-231000000.0,,-184000000.0,-184000000.0,,,,,,,-221000000.0,,,-7000000.0,,-7000000.0,,,,1813000000.0,-366000000.0,,,103000000.0,140000000.0,260000000.0,91000000.0,45000000.0,779000000.0,779000000.0,3000000.0,523000000.0,23000000.0,,-60000000.0,346000000.0,,,,,-214000000.0,5000000.0,-219000000.0,,,,,,,,,,,,,,,,,,,,,,,,,,,,,,,,,,,,,
TEP.PA,Teleperformance,cash_flow,2023-12-31,1142000000.0,-366000000.0,,,581000000.0,-233000000.0,867000000.0,,813000000.0,-53000000.0,107000000.0,1319000000.0,1680000000.0,-88000000.0,-227000000.0,,215000000.0,-366000000.0,581000000.0,,,,,,-2587000000.0,,,-2373000000.0,,-2373000000.0,,,,1375000000.0,-349000000.0,,,24000000.0,43000000.0,151000000.0,105000000.0,-22000000.0,639000000.0,639000000.0,3000000.0,592000000.0,-39000000.0,,20000000.0,228000000.0,,,,,-212000000.0,21000000.0,-233000000.0,,,,,,,,,,,,,,,,,,,,,,,,,,,,,,,,,,,,,
TEP.PA,Teleperformance,cash_flow,2022-12-31,996000000.0,-146000000.0,-1709000000.0,1627000000.0,0.0,-298000000.0,813000000.0,,835000000.0,1000000.0,-23000000.0,-715000000.0,-82000000.0,-49000000.0,-194000000.0,,-146000000.0,-146000000.0,0.0,-82000000.0,,-82000000.0,-1709000000.0,,-602000000.0,,,-304000000.0,,-304000000.0,,,,1294000000.0,-291000000.0,,,-172000000.0,-14000000.0,97000000.0,110000000.0,11000000.0,631000000.0,631000000.0,1000000.0,643000000.0,-54000000.0,,-104000000.0,256000000.0,,,,,-297000000.0,1000000.0,-298000000.0,,,,,,,,,,,,,,,,,,,,,,,,,,,,,,,,,,,,,
TEP.PA,Teleperformance,cash_flow,2021-12-31,,,-921000000.0,1134000000.0,,,,,,,,,,,,,,,,-921000000.0,,213000000.0,-921000000.0,1134000000.0,,,,,,,,,,,,,,,,,,,,,,,,,,,,,,,,,,,,,,,,,,,,,,,,,,,,,,,,,,,,,5000000.0,,,,,,,,,
HO.PA,Thales,cash_flow,2025-12-31,2565100000.0,-45200000.0,-1879100000.0,51100000.0,,-756700000.0,4446500000.0,,4767100000.0,-76500000.0,-244100000.0,-2656100000.0,,,-780700000.0,,-45200000.0,-45200000.0,,-1828000000.0,,-1828000000.0,-1879100000.0,51100000.0,-909800000.0,,,-86100000.0,0.0,-86100000.0,-746300000.0,10400000.0,-756700000.0,3321800000.0,-413000000.0,-225800000.0,128200000.0,723500000.0,1486900000.0,164300000.0,,15900000.0,1087300000.0,658500000.0,3200000.0,1640300000.0,269200000.0,-148400000.0,-700200000.0,396500000.0,428800000.0,-142100000.0,,,,,,106000000.0,129100000.0,,,,,,,,,,,,,,,,,,,,,,,,0.0,-8800000.0,0.0,,,,,,,,,
HO.PA,Thales,cash_flow,2024-12-31,2014700000.0,-275400000.0,-1155100000.0,158200000.0,,-623100000.0,4767100000.0,,4207300000.0,-12900000.0,572700000.0,-2002300000.0,-7300000.0,,-708400000.0,,-275400000.0,-275400000.0,,-996900000.0,,-996900000.0,-1155100000.0,158200000.0,-62800000.0,-34900000.0,,351100000.0,2018200000.0,-1667100000.0,-616800000.0,6300000.0,-623100000.0,2637800000.0,-185300000.0,-267300000.0,124600000.0,26100000.0,1711100000.0,414100000.0,,18400000.0,1155400000.0,627400000.0,800000.0,932300000.0,360000000.0,-602400000.0,-1231800000.0,247300000.0,528000000.0,101500000.0,,,,,,127700000.0,221400000.0,,,,,,,,,,,,,,,,,,,,-227400000.0,,,,0.0,-170200000.0,-1700000.0,,,,,,,,,
HO.PA,Thales,cash_flow,2023-12-31,885800000.0,-491000000.0,-908700000.0,3654700000.0,,-625600000.0,4207300000.0,300000.0,5296400000.0,-56300000.0,-1033100000.0,1572000000.0,19100000.0,,-633700000.0,,-491000000.0,-491000000.0,,2746000000.0,,2746000000.0,-908700000.0,3654700000.0,-4147200000.0,-86000000.0,,-3426300000.0,174900000.0,-3601200000.0,-621500000.0,4100000.0,-625600000.0,1511400000.0,-195400000.0,-147500000.0,123700000.0,172700000.0,1237600000.0,23400000.0,,-15600000.0,1045100000.0,611700000.0,-85500000.0,928600000.0,713700000.0,-670100000.0,-967000000.0,252200000.0,433400000.0,-80900000.0,,,,,,158800000.0,573500000.0,,,,,,,,,,,,,,,,,,,,30700000.0,,,,,-148600000.0,6300000.0,,,,,,,,,
HO.PA,Thales,cash_flow,2022-12-31,2490800000.0,-350700000.0,-786900000.0,90700000.0,,-534600000.0,5296400000.0,,5216400000.0,2700000.0,77300000.0,-1652000000.0,,,-563400000.0,,-350700000.0,-350700000.0,,-696200000.0,,-696200000.0,-786900000.0,90700000.0,-1131500000.0,,,-388900000.0,28900000.0,-417800000.0,-525400000.0,9200000.0,-534600000.0,3025400000.0,-156300000.0,-69000000.0,,966400000.0,1200300000.0,46700000.0,,-52100000.0,1058800000.0,619300000.0,74500000.0,1121900000.0,663700000.0,-346700000.0,-412400000.0,225100000.0,439500000.0,-213300000.0,,,,,,26600000.0,193100000.0,,,,,,,,,,,,,,,,,,,,-164600000.0,,,,0.0,-222200000.0,1500000.0,,,,,,,,,
HO.PA,Thales,cash_flow,2021-12-31,,,,,,,,,,,,,,,,,,,,,,,,,,,,,,,,,,,,,,,,,,,,,,,,,,,,,,,,,,,,,,,,,,,,,,,,,,,,,,,126500000.0,,,,0.0,,,,,,,,,,,
TTE.PA,TotalEnergies,cash_flow,2025-12-31,10390000000.0,-7714000000.0,-1624000000.0,8163000000.0,492000000.0,-16953000000.0,26202000000.0,,25844000000.0,1080000000.0,-722000000.0,-9934000000.0,3023000000.0,,-8121000000.0,-8121000000.0,-7222000000.0,-7714000000.0,492000000.0,2386000000.0,-4153000000.0,6539000000.0,-1624000000.0,8163000000.0,-18131000000.0,-788000000.0,,-2432000000.0,855000000.0,-3287000000.0,,,,27343000000.0,,,,1284000000.0,3266000000.0,422000000.0,,617000000.0,13847000000.0,13847000000.0,,13357000000.0,-6236000000.0,2848000000.0,1406000000.0,307000000.0,,329000000.0,329000000.0,,-15240000000.0,1713000000.0,,,,,-9934000000.0,,,,-18131000000.0,27343000000.0,,-6236000000.0,-3198000000.0,1406000000.0,,307000000.0,13847000000.0,,-2491000000.0,-923000000.0,,,,,,,,,,,,,3051000000.0,9622000000.0,,,,
TTE.PA,TotalEnergies,cash_flow,2024-12-31,15945000000.0,-7995000000.0,-802000000.0,7563000000.0,521000000.0,-14909000000.0,25844000000.0,,27263000000.0,-516000000.0,-903000000.0,-14425000000.0,-853000000.0,,-7717000000.0,-7717000000.0,-7474000000.0,-7995000000.0,521000000.0,1619000000.0,-5142000000.0,6761000000.0,-802000000.0,7563000000.0,-17332000000.0,-1098000000.0,,-2399000000.0,2167000000.0,-4566000000.0,,,,30854000000.0,,,,2364000000.0,-3556000000.0,535000000.0,,-373000000.0,13107000000.0,13107000000.0,,16031000000.0,2239000000.0,-203000000.0,3884000000.0,563000000.0,,347000000.0,347000000.0,,-14182000000.0,727000000.0,,,,,-14425000000.0,,,,-17332000000.0,30854000000.0,,2239000000.0,-889000000.0,3884000000.0,,563000000.0,13107000000.0,,-1373000000.0,124000000.0,,,,,,,,,,,,,2934000000.0,10561000000.0,,,,
TTE.PA,TotalEnergies,cash_flow,2023-12-31,22957000000.0,-9167000000.0,-1454000000.0,189000000.0,383000000.0,-17722000000.0,27263000000.0,,33026000000.0,-258000000.0,-5505000000.0,-29730000000.0,2125000000.0,,-7517000000.0,-7517000000.0,-8784000000.0,-9167000000.0,383000000.0,-15554000000.0,-14289000000.0,-1265000000.0,-1454000000.0,189000000.0,-16454000000.0,-1323000000.0,,-1688000000.0,3561000000.0,-5249000000.0,,,,40679000000.0,,,,6091000000.0,14860000000.0,1250000000.0,,257000000.0,13818000000.0,13818000000.0,,21510000000.0,-12234000000.0,3159000000.0,306000000.0,556000000.0,,490000000.0,490000000.0,,-13933000000.0,3789000000.0,,,,,-29730000000.0,,,,-16454000000.0,40679000000.0,,-12234000000.0,572000000.0,306000000.0,,556000000.0,13818000000.0,,-2803000000.0,649000000.0,,,,,,,,,,,,,2883000000.0,12688000000.0,,,,
TTE.PA,TotalEnergies,cash_flow,2022-12-31,31677000000.0,-7711000000.0,-379000000.0,1148000000.0,370000000.0,-15690000000.0,33026000000.0,,21342000000.0,-1295000000.0,12979000000.0,-19272000000.0,3359000000.0,,-9986000000.0,-9986000000.0,-7341000000.0,-7711000000.0,370000000.0,-5304000000.0,-6073000000.0,769000000.0,-379000000.0,1148000000.0,-15116000000.0,1758000000.0,,-2301000000.0,835000000.0,-3136000000.0,,,,47367000000.0,,,,1191000000.0,-3523000000.0,432000000.0,,2177000000.0,13680000000.0,13680000000.0,,21044000000.0,11791000000.0,-3805000000.0,-3272000000.0,2417000000.0,,577000000.0,577000000.0,,-15150000000.0,540000000.0,,,,,-19272000000.0,,,,-15116000000.0,47367000000.0,,11791000000.0,5313000000.0,-3272000000.0,,2417000000.0,13680000000.0,,6426000000.0,6057000000.0,,,,,,,,,,,,,2292000000.0,14486000000.0,,,,
TTE.PA,TotalEnergies,cash_flow,2021-12-31,,,,,,,,,,,,,,,,,,,,,,,,,,,,,,,,,,,,,,,,,,,,,,,,,,,,,,,,,,,,,,,,,,,962000000.0,,,,,,,,,,,,,,,,,,,,,,,,,,,
VIE.PA,Veolia,cash_flow,2025-12-31,5153000000.0,-402000000.0,-186000000.0,3258000000.0,325000000.0,,7806000000.0,1000000.0,9404000000.0,-98000000.0,-1501000000.0,-3358000000.0,-1583000000.0,-764000000.0,-1280000000.0,,-77000000.0,-402000000.0,325000000.0,902000000.0,-2170000000.0,3072000000.0,-186000000.0,3258000000.0,-3296000000.0,,105000000.0,,,,199000000.0,199000000.0,,5153000000.0,-596000000.0,,,-398000000.0,-398000000.0,936000000.0,,-104000000.0,3076000000.0,2006000000.0,-48000000.0,1737000000.0,,,,587000000.0,1070000000.0,-3587000000.0,327000000.0,-3914000000.0,,,,,,,,,,,,,,,,,,,,,,,,,0.0,,,,,,,,,,,,,,,
VIE.PA,Veolia,cash_flow,2024-12-31,5038000000.0,-8000000.0,-840000000.0,1462000000.0,341000000.0,,9404000000.0,1000000.0,8317000000.0,20000000.0,1066000000.0,-1857000000.0,-238000000.0,-737000000.0,-1218000000.0,,333000000.0,-8000000.0,341000000.0,617000000.0,-5000000.0,622000000.0,-840000000.0,1462000000.0,-2115000000.0,-2000000.0,123000000.0,,,,212000000.0,212000000.0,,5038000000.0,-579000000.0,,,-195000000.0,-195000000.0,868000000.0,,-130000000.0,2996000000.0,2996000000.0,-103000000.0,1547000000.0,,,,566000000.0,,-2496000000.0,1176000000.0,-3672000000.0,,,,,,,,,,,,,,,,,,,,,,,,,0.0,,,,,,,,,,,,,,,
VIE.PA,Veolia,cash_flow,2023-12-31,5005000000.0,0.0,-569000000.0,1168000000.0,269000000.0,,8317000000.0,4000000.0,8799000000.0,-228000000.0,-254000000.0,-3139000000.0,-486000000.0,-681000000.0,-1261000000.0,,269000000.0,0.0,269000000.0,-349000000.0,-948000000.0,599000000.0,-569000000.0,1168000000.0,-2124000000.0,-4000000.0,161000000.0,,,,318000000.0,318000000.0,,5005000000.0,-637000000.0,,,82000000.0,82000000.0,950000000.0,,-143000000.0,3049000000.0,1980000000.0,-158000000.0,1358000000.0,,,,511000000.0,,-2726000000.0,891000000.0,-3617000000.0,,,,,,,,,,,,,,,,,,,,,,,,,4000000.0,,,,,,,,,,,,,,,
VIE.PA,Veolia,cash_flow,2022-12-31,4148000000.0,-5000000.0,-2150000000.0,879000000.0,227000000.0,,8799000000.0,-26000000.0,10277000000.0,46000000.0,-1498000000.0,-10170000000.0,-2540000000.0,-770000000.0,-990000000.0,,222000000.0,-5000000.0,227000000.0,-5409000000.0,-4138000000.0,-1271000000.0,-2150000000.0,879000000.0,4524000000.0,94000000.0,129000000.0,,,,598000000.0,598000000.0,,4148000000.0,-557000000.0,,,-143000000.0,-143000000.0,915000000.0,,,3194000000.0,3194000000.0,-673000000.0,1076000000.0,,,,420000000.0,,3215000000.0,10190000000.0,-6975000000.0,,,,,,,,,,,,,,,,,,,,,,,,,,,,,,,,,,,,,,,,
VIE.PA,Veolia,cash_flow,2021-12-31,,,,,,,,,,,,,,,,,,,,,,,,,,-1728800000.0,,,,,,,,,,,,,,,,,,,,,,,,,,,,,,,,,,,,,,,,,,,,,,,,,,,,,,,,,,,,,,,,,,,,
DG.PA,Vinci,cash_flow,2025-12-31,8013000000.0,-2002000000.0,-4315000000.0,5651000000.0,771000000.0,-3873000000.0,16660000000.0,-141000000.0,14297000000.0,,2504000000.0,-4270000000.0,-34000000.0,,-2665000000.0,,-1231000000.0,-2002000000.0,771000000.0,1336000000.0,,1336000000.0,-4315000000.0,5651000000.0,-5112000000.0,-617000000.0,,-801000000.0,648000000.0,-1449000000.0,-3694000000.0,179000000.0,-3873000000.0,11886000000.0,-3005000000.0,-1318000000.0,282000000.0,2496000000.0,-64000000.0,1499000000.0,318000000.0,129000000.0,4207000000.0,2354000000.0,-241000000.0,5275000000.0,300000000.0,134000000.0,151000000.0,2661000000.0,1853000000.0,,,,,,,,,,,,,,,,,,,,,,,,,,,,-142000000.0,,,,1300000000.0,,,,,,,,,,,
DG.PA,Vinci,cash_flow,2024-12-31,7662000000.0,-1912000000.0,-1993000000.0,4117000000.0,668000000.0,-4052000000.0,14297000000.0,-40000000.0,14701000000.0,,-364000000.0,-3027000000.0,310000000.0,,-2570000000.0,,-1244000000.0,-1912000000.0,668000000.0,2124000000.0,,2124000000.0,-1993000000.0,4117000000.0,-9051000000.0,-572000000.0,,-4597000000.0,409000000.0,-5006000000.0,-3882000000.0,170000000.0,-4052000000.0,11714000000.0,-2220000000.0,-1177000000.0,117000000.0,2311000000.0,-667000000.0,1395000000.0,230000000.0,55000000.0,3998000000.0,2146000000.0,-103000000.0,5274000000.0,857000000.0,165000000.0,-277000000.0,2102000000.0,1852000000.0,,,,,,,,,,,,,,,,,,,,,,,,,,,,-40000000.0,,,,1754000000.0,,,,,,,,,,,
DG.PA,Vinci,cash_flow,2023-12-31,7208000000.0,-397000000.0,-2179000000.0,3004000000.0,709000000.0,-3332000000.0,14701000000.0,76000000.0,11495000000.0,,3130000000.0,-3433000000.0,-1411000000.0,,-2293000000.0,,312000000.0,-397000000.0,709000000.0,825000000.0,,825000000.0,-2179000000.0,3004000000.0,-3977000000.0,-396000000.0,,-397000000.0,251000000.0,-648000000.0,-3184000000.0,148000000.0,-3332000000.0,10540000000.0,-2288000000.0,-802000000.0,110000000.0,1463000000.0,-468000000.0,1175000000.0,131000000.0,134000000.0,3800000000.0,1987000000.0,-153000000.0,5102000000.0,159000000.0,-59000000.0,-311000000.0,1917000000.0,1813000000.0,,,,,,,,,,,,,,,,,,,,,,,,,,,,76000000.0,,,,1662000000.0,,,,,,,,,,,
DG.PA,Vinci,cash_flow,2022-12-31,5886000000.0,-1100000000.0,-3653000000.0,2786000000.0,491000000.0,-3501000000.0,11495000000.0,74000000.0,10188000000.0,,1233000000.0,-2836000000.0,1193000000.0,,-1830000000.0,,-609000000.0,-1100000000.0,491000000.0,-867000000.0,,-867000000.0,-3653000000.0,2786000000.0,-5318000000.0,-14000000.0,,-1968000000.0,163000000.0,-2131000000.0,-3336000000.0,165000000.0,-3501000000.0,9387000000.0,-1603000000.0,-563000000.0,92000000.0,392000000.0,-1374000000.0,810000000.0,162000000.0,0.0,3614000000.0,1943000000.0,-481000000.0,4417000000.0,1026000000.0,-167000000.0,-2068000000.0,1737000000.0,1671000000.0,,,,,,,,,,,,,,,,,,,,,,,,,,,,74000000.0,,,,2519000000.0,,,,,,,,,,,
VIV.PA,Vivendi,cash_flow,2025-12-31,-68000000.0,,-949000000.0,6000000.0,3000000.0,-3000000.0,200000000.0,,39000000.0,-1000000.0,162000000.0,-1050000000.0,-52000000.0,-73000000.0,-40000000.0,-40000000.0,3000000.0,,3000000.0,-943000000.0,-299000000.0,-644000000.0,-650000000.0,6000000.0,1277000000.0,-72000000.0,159000000.0,-18000000.0,,-18000000.0,-3000000.0,0.0,-3000000.0,-65000000.0,14000000.0,,,5000000.0,,-9000000.0,,-5000000.0,50000000.0,50000000.0,-9000000.0,18000000.0,,,,,,1211000000.0,1510000000.0,-299000000.0,,,,,,-3000000.0,,,-299000000.0,6000000.0,,,,,,,,,,,,,,,,,,,,,0.0,,,,,,,,,
VIV.PA,Vivendi,cash_flow,2024-12-31,1837000000.0,-328000000.0,-2756000000.0,2703000000.0,0.0,-3000000.0,39000000.0,,2158000000.0,10000000.0,-2129000000.0,-1834000000.0,-1183000000.0,,-254000000.0,-254000000.0,-328000000.0,-328000000.0,0.0,-53000000.0,-1556000000.0,1503000000.0,-1200000000.0,2703000000.0,-2135000000.0,-2478000000.0,167000000.0,279000000.0,279000000.0,0.0,-3000000.0,0.0,-3000000.0,1840000000.0,-13000000.0,,,27000000.0,,92000000.0,,-31000000.0,192000000.0,192000000.0,-4000000.0,-264000000.0,,0.0,9000000.0,,,-100000000.0,49000000.0,-149000000.0,,,,,,-3000000.0,,,-1556000000.0,703000000.0,,,,,,,,,,,,,,,,,,,,,0.0,,,,,,,,,
VIV.PA,Vivendi,cash_flow,2023-12-31,946000000.0,-16000000.0,-612000000.0,0.0,0.0,-5000000.0,2158000000.0,-14000000.0,1908000000.0,-25000000.0,289000000.0,-1470000000.0,-571000000.0,,-256000000.0,-256000000.0,-16000000.0,-16000000.0,0.0,-612000000.0,-600000000.0,-12000000.0,-12000000.0,0.0,808000000.0,-623000000.0,274000000.0,559000000.0,634000000.0,-75000000.0,-5000000.0,0.0,-5000000.0,951000000.0,84000000.0,,,-6000000.0,,-2000000.0,,-24000000.0,52000000.0,52000000.0,-120000000.0,-61000000.0,,45000000.0,126000000.0,,,603000000.0,641000000.0,-38000000.0,,,,,,-5000000.0,,,-600000000.0,3000000.0,,,,,,,,,,,,,,,-14000000.0,,,,-50000000.0,,0.0,,,,,,,,,
VIV.PA,Vivendi,cash_flow,2022-12-31,363000000.0,-248000000.0,-745000000.0,48000000.0,0.0,-385000000.0,1908000000.0,-33000000.0,3328000000.0,-2000000.0,-1385000000.0,-1438000000.0,-15000000.0,-14000000.0,-261000000.0,-261000000.0,-248000000.0,-248000000.0,0.0,-697000000.0,-695000000.0,-2000000.0,-4000000.0,2000000.0,-695000000.0,-87000000.0,196000000.0,-1058000000.0,2000000.0,-1060000000.0,-377000000.0,8000000.0,-385000000.0,748000000.0,-175000000.0,,,61000000.0,,-1000000.0,,-63000000.0,597000000.0,597000000.0,-198000000.0,761000000.0,,-41000000.0,11000000.0,,232000000.0,631000000.0,799000000.0,-168000000.0,,,,,,-385000000.0,,,-741000000.0,46000000.0,,,,,,,,,,,,,,,-33000000.0,,,,91000000.0,,4000000.0,,,,,,,,,
VIV.PA,Vivendi,cash_flow,2021-12-31,,-693000000.0,,,,,,,,,,,,-31000000.0,,,,-693000000.0,,,,,,,,,,,0.0,,,,,,,,,,,,,,,,,,,,,,,,,,,,,,,,,,,,,,,,,,,,,,,,,,0.0,,,,,,,,,,,,,,,
WLN.PA,Worldline,cash_flow,2025-12-31,206300000.0,-20500000.0,-861000000.0,581800000.0,,-248300000.0,885900000.0,-186000000.0,1508300000.0,-14000000.0,-422400000.0,-497600000.0,-24400000.0,-52700000.0,,,-20500000.0,-20500000.0,,-279200000.0,,-279200000.0,-861000000.0,581800000.0,-379400000.0,-19300000.0,600000.0,-80300000.0,0.0,-80300000.0,-248300000.0,0.0,-248300000.0,454600000.0,-141500000.0,,,35100000.0,,-49300000.0,10900000.0,39800000.0,353000000.0,353000000.0,445300000.0,-5228400000.0,,,,,,-32100000.0,5300000.0,-37400000.0,,,,,,,,,,,,,,,,,,,,,,,,,,,,,,,6000000.0,,,,,,,,,
WLN.PA,Worldline,cash_flow,2024-12-31,339900000.0,-7400000.0,-1025900000.0,573100000.0,0.0,-263200000.0,1508300000.0,-227900000.0,1726500000.0,9700000.0,-227900000.0,-585200000.0,-1300000.0,-11700000.0,,,,-7400000.0,0.0,-452800000.0,,,-1025900000.0,573100000.0,-245800000.0,-18300000.0,4500000.0,,0.0,-37100000.0,-257500000.0,5700000.0,-263200000.0,603100000.0,-135100000.0,,,-87900000.0,,11500000.0,10200000.0,87100000.0,323500000.0,323500000.0,390500000.0,-362800000.0,,,,,,,62600000.0,,,,,,,,,,,,,,,,,,,,,,,,,,,,,,,,3900000.0,,,,,,,,,
WLN.PA,Worldline,cash_flow,2023-12-31,458900000.0,0.0,-927300000.0,632700000.0,6000000.0,-332900000.0,1726500000.0,100000.0,1551900000.0,10900000.0,163600000.0,-415800000.0,-2600000.0,-7800000.0,,,6000000.0,,6000000.0,-294600000.0,,-294600000.0,-927300000.0,,-212400000.0,-200000.0,500000.0,-163700000.0,200000.0,-163900000.0,-331600000.0,1300000.0,-332900000.0,791800000.0,-102200000.0,,,-18600000.0,,16800000.0,23900000.0,21000000.0,298400000.0,298400000.0,25800000.0,-918200000.0,,,,,,282600000.0,286400000.0,,,,,,,,,,,,,,,,,,,,,,,,,,,,,,,,14800000.0,,,,,,,,,
WLN.PA,Worldline,cash_flow,2022-12-31,745000000.0,,-617000000.0,0.0,13700000.0,-324900000.0,1551900000.0,17600000.0,1057300000.0,6600000.0,470400000.0,-629000000.0,84700000.0,-4900000.0,,,13700000.0,,13700000.0,-617000000.0,,-617000000.0,-617000000.0,0.0,29500000.0,-98200000.0,1500000.0,-658100000.0,92000000.0,-750100000.0,-314600000.0,10300000.0,-324900000.0,1069900000.0,-78800000.0,,,99900000.0,,37300000.0,29000000.0,44500000.0,256700000.0,256700000.0,700000.0,294100000.0,,,,,,1098900000.0,1098900000.0,,,,,,,,,,,,,,,,,,,,,,,,,,,,,,,,47700000.0,,,,,,,,,
WLN.PA,Worldline,cash_flow,2021-12-31,,,,,23400000.0,,,,,,,,,,,,23400000.0,,23400000.0,,,-330500000.0,,1639700000.0,,,,-330700000.0,,,,,,,,,,,,,,,,,,,,,,,,69800000.0,,,,,,,,,,,,,,,,,,,,,,,,,,,,,,,,,,,,,,,,,,
ATO.PA,Atos,cash_flow,2025-12-31,69000000.0,0.0,-4000000.0,0.0,2000000.0,-170000000.0,1265000000.0,,1739000000.0,-94000000.0,-380000000.0,-442000000.0,1000000.0,-160000000.0,,0.0,2000000.0,0.0,2000000.0,-4000000.0,-4000000.0,0.0,,0.0,-177000000.0,,,,,,-167000000.0,3000000.0,-170000000.0,239000000.0,-31000000.0,,,122000000.0,122000000.0,364000000.0,11000000.0,220000000.0,470000000.0,444000000.0,180000000.0,-1264000000.0,,,,,26000000.0,-10000000.0,8000000.0,-18000000.0,,,,,,,,,-4000000.0,,,,,,,,,,,,,,,,,,,,,,,,,,,,,,,
ATO.PA,Atos,cash_flow,2024-12-31,-1846000000.0,-2000000.0,-725000000.0,2150000000.0,145000000.0,-444000000.0,1739000000.0,1000000.0,2295000000.0,29000000.0,-586000000.0,1019000000.0,-52000000.0,-178000000.0,-13000000.0,-13000000.0,143000000.0,-2000000.0,145000000.0,1425000000.0,-725000000.0,2150000000.0,,2150000000.0,-203000000.0,-39000000.0,,0.0,,0.0,-440000000.0,4000000.0,-444000000.0,-1402000000.0,-81000000.0,,,-1379000000.0,-1379000000.0,-3453000000.0,4000000.0,202000000.0,568000000.0,511000000.0,-109000000.0,462000000.0,,,,,57000000.0,276000000.0,276000000.0,0.0,,,,,,,,,-725000000.0,,,,,,,,,,,,,,,,,,,,,,,,,,,,,,,
ATO.PA,Atos,cash_flow,2023-12-31,-618000000.0,-3000000.0,-1850000000.0,1700000000.0,0.0,-205000000.0,2295000000.0,,3190000000.0,-73000000.0,-822000000.0,-622000000.0,26000000.0,-102000000.0,-32000000.0,-32000000.0,-3000000.0,-3000000.0,0.0,-150000000.0,-1850000000.0,1700000000.0,,1700000000.0,213000000.0,-34000000.0,0.0,-26000000.0,,-26000000.0,-203000000.0,2000000.0,-205000000.0,-413000000.0,-77000000.0,,,-255000000.0,-255000000.0,128000000.0,19000000.0,-181000000.0,695000000.0,587000000.0,62000000.0,-3332000000.0,,,,,108000000.0,476000000.0,476000000.0,0.0,,,,,,,,,-1850000000.0,,,,,,,,,,,,,,,,,,,,,,,,,,,,,,,
ATO.PA,Atos,cash_flow,2022-12-31,176000000.0,-2000000.0,-1632000000.0,1850000000.0,1000000.0,-251000000.0,3190000000.0,1000000.0,3239000000.0,78000000.0,-128000000.0,-304000000.0,-76000000.0,-29000000.0,-9000000.0,-9000000.0,-1000000.0,-2000000.0,1000000.0,218000000.0,-1632000000.0,1850000000.0,,1850000000.0,-251000000.0,-13000000.0,0.0,-279000000.0,,-279000000.0,-245000000.0,6000000.0,-251000000.0,427000000.0,-59000000.0,,,440000000.0,440000000.0,51000000.0,19000000.0,-152000000.0,787000000.0,647000000.0,133000000.0,-970000000.0,,,,,140000000.0,286000000.0,286000000.0,-279000000.0,,,,,,,,,-1632000000.0,,,,,,,,,,,,,,,,,,,,,,,,,,,,,,,
ATO.PA,Atos,cash_flow,2021-12-31,,,,,,,,1000000.0,,,,,,,-98000000.0,,,,,,,,,,,33000000.0,2000000.0,33000000.0,35000000.0,-2000000.0,,,,,,,,,,,,,,,,,,,,,,,,,,,,,,,,,,,,,,,,,,,,,,,,,,,,,,,32000000.0,,,,,,,,,
BVI.PA,Bureau Veritas,cash_flow,2025-12-31,859700000.0,-190700000.0,-533000000.0,698900000.0,13400000.0,-147000000.0,1362000000.0,-1000000.0,1200600000.0,-54000000.0,216400000.0,-675500000.0,-35600000.0,-40700000.0,-430000000.0,,-177300000.0,-190700000.0,13400000.0,165900000.0,,165900000.0,-533000000.0,698900000.0,-114800000.0,,700000.0,30100000.0,156300000.0,-126200000.0,-141800000.0,5200000.0,-147000000.0,1006700000.0,-281100000.0,,,19100000.0,-7700000.0,,,192000000.0,299500000.0,299500000.0,,875400000.0,75700000.0,,-48900000.0,,,-3000000.0,8900000.0,-11900000.0,,,,,,,,,,,,,,,,,,,,,,,,,,,,,,,,,,,,,,,,
BVI.PA,Bureau Veritas,cash_flow,2024-12-31,858900000.0,-191800000.0,-800100000.0,1000400000.0,18100000.0,-145900000.0,1200600000.0,-3600000.0,1170100000.0,-12700000.0,46800000.0,-610200000.0,-58300000.0,-21700000.0,-406900000.0,,-173700000.0,-191800000.0,18100000.0,200300000.0,,200300000.0,-800100000.0,1000400000.0,-347800000.0,,0.0,-208500000.0,105400000.0,-313900000.0,-139800000.0,6100000.0,-145900000.0,1004800000.0,-280500000.0,,,60800000.0,88300000.0,,,24600000.0,283700000.0,283700000.0,,863000000.0,40100000.0,,-67600000.0,,70900000.0,500000.0,8700000.0,-8200000.0,,,,,,,,,,,,,,,,,,,,,,,,,,,,,,,,,,,,,,,,
BVI.PA,Bureau Veritas,cash_flow,2023-12-31,662100000.0,-1900000.0,-642300000.0,900000.0,5700000.0,-157600000.0,1170100000.0,,1655700000.0,-36700000.0,-448900000.0,-1080600000.0,-29600000.0,-17100000.0,-396300000.0,,3800000.0,-1900000.0,5700000.0,-641400000.0,,-641400000.0,-642300000.0,900000.0,-188000000.0,,0.0,-41400000.0,17500000.0,-58900000.0,-143500000.0,14100000.0,-157600000.0,819700000.0,-241300000.0,,,-53600000.0,82100000.0,756600000.0,,35700000.0,291500000.0,207900000.0,,756600000.0,-5200000.0,,-130500000.0,,83600000.0,-5900000.0,5800000.0,-11700000.0,,,,,,,,,,,,,,,,,,,,,,,,,,,,,,,,,,,,,,,,
BVI.PA,Bureau Veritas,cash_flow,2022-12-31,704800000.0,-49800000.0,-82900000.0,201800000.0,8600000.0,-130100000.0,1655700000.0,,1410400000.0,22300000.0,223000000.0,-412000000.0,-17300000.0,-52500000.0,-280900000.0,,-41200000.0,-49800000.0,8600000.0,118900000.0,,118900000.0,-82900000.0,201800000.0,-199900000.0,,100000.0,-77800000.0,,-77800000.0,-125400000.0,4700000.0,-130100000.0,834900000.0,-230000000.0,,,-12500000.0,7000000.0,718000000.0,,11800000.0,297100000.0,297100000.0,,718000000.0,33000000.0,,-52500000.0,,,3500000.0,15000000.0,-11500000.0,,,,,,,,,,,,,,,,,,,,,,,,,,,,,,,,,,,,,,,,
BVI.PA,Bureau Veritas,cash_flow,2021-12-31,,,,,,,,,,,,,,,,,,,,,,,,,,,,,1600000.0,,,,,,,,,,,645500000.0,,,,,,,,,,,,,,,,,,,,,,,,,,,,,,,,,,,,,,,,,,,,,,,,,,,,,,
SW.PA,Sodexo,cash_flow,2025-08-31,,,,,,,,,,,,,,,,,,,,,,,,,,,,,,,,,,,,,,,,-8000000.0,,,,384000000.0,,,,,,,106000000.0,,,,,,,,,,,,,,,,,,,,,,,,,,,,,,,,,,,,,,,,,,,
SW.PA,Sodexo,cash_flow,2024-08-31,962000000.0,-52000000.0,-1212000000.0,389000000.0,,-358000000.0,2134000000.0,,3230000000.0,-17000000.0,-1079000000.0,-1352000000.0,1065000000.0,,-1373000000.0,-1373000000.0,-52000000.0,-52000000.0,,-823000000.0,,-823000000.0,-1212000000.0,389000000.0,-1047000000.0,-1740000000.0,,981000000.0,,-92000000.0,-323000000.0,35000000.0,-358000000.0,1320000000.0,-179000000.0,-171000000.0,7000000.0,-43000000.0,,17000000.0,,-32000000.0,470000000.0,470000000.0,,1051000000.0,172000000.0,-2000000.0,-213000000.0,,,35000000.0,,,,,,,,,,,,,,,,,,,,,,,,,,,,,,,,,,,,,,,,,,
SW.PA,Sodexo,cash_flow,2023-08-31,995000000.0,-57000000.0,-550000000.0,544000000.0,7000000.0,-338000000.0,3230000000.0,,3217000000.0,-191000000.0,204000000.0,-646000000.0,-46000000.0,,-352000000.0,-352000000.0,-50000000.0,-57000000.0,7000000.0,-6000000.0,,-6000000.0,-550000000.0,544000000.0,-483000000.0,-121000000.0,,-21000000.0,0.0,-21000000.0,-305000000.0,33000000.0,-338000000.0,1333000000.0,-123000000.0,-85000000.0,8000000.0,-222000000.0,,-12000000.0,,-17000000.0,458000000.0,458000000.0,11000000.0,847000000.0,-7000000.0,-11000000.0,-204000000.0,,,-36000000.0,,,,,,,,,,,,,,,,,,,,,,,,,,,,,,,,,,,,,,,,,,
SW.PA,Sodexo,cash_flow,2022-08-31,769000000.0,-13000000.0,-699000000.0,111000000.0,6000000.0,-266000000.0,3217000000.0,,3532000000.0,145000000.0,-460000000.0,-1109000000.0,-21000000.0,,-294000000.0,-294000000.0,-7000000.0,-13000000.0,6000000.0,-588000000.0,,-588000000.0,-699000000.0,111000000.0,-386000000.0,-17000000.0,,-46000000.0,80000000.0,-126000000.0,-249000000.0,17000000.0,-266000000.0,1035000000.0,-151000000.0,-71000000.0,,-193000000.0,-145000000.0,28000000.0,,-53000000.0,457000000.0,457000000.0,-51000000.0,812000000.0,349000000.0,-72000000.0,-470000000.0,,,-74000000.0,,,,,,,,,,,,,,,,,,,,,,,,,,,,,,,178000000.0,,,,,,,,,,,
FR.PA,Valeo,cash_flow,2025-12-31,528000000.0,-25000000.0,-1848000000.0,1304000000.0,8000000.0,-1761000000.0,2430000000.0,1000000.0,3149000000.0,-279000000.0,-441000000.0,-1161000000.0,76000000.0,-294000000.0,-103000000.0,,-17000000.0,-25000000.0,8000000.0,-783000000.0,-239000000.0,-544000000.0,-1848000000.0,1304000000.0,-1569000000.0,32000000.0,,-1000000.0,79000000.0,-1000000.0,-790000000.0,,-790000000.0,2289000000.0,-287000000.0,,9000000.0,-302000000.0,,277000000.0,32000000.0,13000000.0,2088000000.0,2088000000.0,23000000.0,255000000.0,-16000000.0,119000000.0,-405000000.0,205000000.0,,71000000.0,79000000.0,-8000000.0,-881000000.0,90000000.0,-971000000.0,,,,,,,,,,,,,,,,,,,,,-11000000.0,,,,,,,-34000000.0,,,,,,,,,
FR.PA,Valeo,cash_flow,2024-12-31,463000000.0,-25000000.0,-896000000.0,858000000.0,0.0,-2224000000.0,3149000000.0,16000000.0,2890000000.0,32000000.0,211000000.0,-524000000.0,73000000.0,-307000000.0,-97000000.0,,-25000000.0,-25000000.0,0.0,-126000000.0,-88000000.0,-38000000.0,-896000000.0,858000000.0,-1952000000.0,67000000.0,,0.0,211000000.0,0.0,-1138000000.0,21000000.0,-1138000000.0,2687000000.0,-227000000.0,,15000000.0,492000000.0,,226000000.0,22000000.0,-112000000.0,1989000000.0,1989000000.0,2000000.0,234000000.0,55000000.0,251000000.0,186000000.0,99000000.0,,184000000.0,211000000.0,-27000000.0,-1065000000.0,21000000.0,-1086000000.0,,,,,,,,,,,,,,,,,,,,,-71000000.0,,,,,,,30000000.0,,,,,,,,,
FR.PA,Valeo,cash_flow,2023-12-31,461000000.0,-2000000.0,-975000000.0,748000000.0,16000000.0,-2001000000.0,2890000000.0,-14000000.0,3252000000.0,-116000000.0,-232000000.0,-788000000.0,52000000.0,-261000000.0,-92000000.0,,14000000.0,-2000000.0,16000000.0,-466000000.0,-239000000.0,-227000000.0,-975000000.0,748000000.0,-1906000000.0,36000000.0,,30000000.0,38000000.0,-8000000.0,-924000000.0,40000000.0,-964000000.0,2462000000.0,-225000000.0,,14000000.0,278000000.0,,212000000.0,25000000.0,-155000000.0,1835000000.0,1835000000.0,42000000.0,300000000.0,564000000.0,-108000000.0,-178000000.0,154000000.0,,-11000000.0,,,-1037000000.0,,-1037000000.0,,,,,,,,,,,,,,,,,,,,,1000000.0,,,,,,,-2000000.0,,,,,,,,,
FR.PA,Valeo,cash_flow,2022-12-31,419000000.0,-50000000.0,-744000000.0,1474000000.0,14000000.0,-1489000000.0,3252000000.0,-2000000.0,2415000000.0,-4000000.0,843000000.0,862000000.0,54000000.0,-154000000.0,-84000000.0,,-36000000.0,-50000000.0,14000000.0,1141000000.0,411000000.0,730000000.0,-744000000.0,1474000000.0,-1927000000.0,50000000.0,,-352000000.0,0.0,-352000000.0,-777000000.0,30000000.0,-807000000.0,1908000000.0,-291000000.0,,16000000.0,231000000.0,56000000.0,138000000.0,21000000.0,-349000000.0,1782000000.0,1782000000.0,-26000000.0,295000000.0,887000000.0,-262000000.0,-394000000.0,214000000.0,,-166000000.0,,,-682000000.0,,-682000000.0,,,,,,,,,,,,,,,,,,,,,0.0,,,,,,,-8000000.0,,,,,,,,,
FR.PA,Valeo,cash_flow,2021-12-31,,,,,,,,,,,,,,,,,,,,,,,,,,,,,,,,61000000.0,,,,,,,-161000000.0,,,,,,,,,,,,,,,,,,,,,,,,,,,,,,,,,,,,,,,,1000000.0,,,,,,,,,,,,,,,
GET.PA,Getlink,cash_flow,2025-12-31,624000000.0,,-938000000.0,641000000.0,,-192000000.0,1348000000.0,1000000.0,1539000000.0,-16000000.0,-176000000.0,-792000000.0,49000000.0,-196000000.0,-314000000.0,-314000000.0,-3000000.0,,,-297000000.0,,-297000000.0,-938000000.0,641000000.0,-200000000.0,,,-14000000.0,,-14000000.0,-192000000.0,,-192000000.0,816000000.0,-45000000.0,,,9000000.0,,,,,,,,859000000.0,38000000.0,0.0,-29000000.0,,,6000000.0,,,,,,,,,,,,,,,,,,,,,,,,,-7000000.0,,,,,,,,,,,,,,,,,
GET.PA,Getlink,cash_flow,2024-12-31,710000000.0,,-85000000.0,10000000.0,,-155000000.0,1539000000.0,-1000000.0,1275000000.0,15000000.0,250000000.0,-538000000.0,73000000.0,-212000000.0,-298000000.0,-298000000.0,-1000000.0,,,-75000000.0,,-75000000.0,-85000000.0,10000000.0,-77000000.0,,,-49000000.0,,-49000000.0,-155000000.0,,-155000000.0,865000000.0,-37000000.0,,,61000000.0,,,,,,,,833000000.0,80000000.0,-1000000.0,-18000000.0,,,127000000.0,,,,,,,,,,,,,,,,,,,,,,,,,8000000.0,,,,,,,,,,,,,,,,,
GET.PA,Getlink,cash_flow,2023-12-31,892000000.0,,-76000000.0,8000000.0,0.0,-144000000.0,1275000000.0,-284000000.0,1196000000.0,7000000.0,356000000.0,-533000000.0,35000000.0,-208000000.0,-271000000.0,-271000000.0,3000000.0,,0.0,-68000000.0,,-68000000.0,-76000000.0,8000000.0,-147000000.0,-3000000.0,,-3000000.0,,-3000000.0,-144000000.0,,-144000000.0,1036000000.0,-54000000.0,,,115000000.0,,,,,,,,979000000.0,149000000.0,0.0,-34000000.0,,,0.0,,,,,,,,,,,,,,,,,,,,,,,,,-1000000.0,,,,,,,,,,,,,,,,,
GET.PA,Getlink,cash_flow,2022-12-31,939000000.0,,-510000000.0,434000000.0,2000000.0,-187000000.0,1196000000.0,1000000.0,718000000.0,-15000000.0,492000000.0,-446000000.0,-112000000.0,-201000000.0,-54000000.0,-54000000.0,2000000.0,,2000000.0,-76000000.0,,-76000000.0,-510000000.0,434000000.0,-188000000.0,,,,,,-187000000.0,,-187000000.0,1126000000.0,-25000000.0,,,287000000.0,,,,,,,,886000000.0,350000000.0,73000.0,-63000000.0,,,0.0,,,,,,,,,,,,,,,,,,,,,,,,,-14000000.0,,,,,,,,,,,,,,,,,
GET.PA,Getlink,cash_flow,2021-12-31,,,,,677000.0,,,,,,,,,,,,,,677000.0,,,,,,,,,,,,,,,,,,,,,,,,,,,,,,,,,,,,,,,,,-133516000.0,,,,,,,,,,,,,,,,,,,,,,,33390000.0,,,,,,,,,,,
ELIS.PA,Elis,cash_flow,2025-12-31,620400000.0,-153800000.0,-2478700000.0,2268100000.0,14800000.0,-890200000.0,398100000.0,100000.0,622000000.0,1600000.0,-225600000.0,-744700000.0,-12700000.0,-99400000.0,-105100000.0,-105100000.0,-139000000.0,-153800000.0,14800000.0,-210600000.0,,-210600000.0,-2478700000.0,2268100000.0,-991500000.0,200000.0,,-117600000.0,0.0,-117600000.0,-848700000.0,15300000.0,-864000000.0,1510600000.0,-146700000.0,,0.0,-1200000.0,56300000.0,137800000.0,34700000.0,,1020800000.0,1020800000.0,800000.0,366600000.0,11400000.0,-5300000.0,-63600000.0,126200000.0,,,,,-26200000.0,0.0,-26200000.0,,,,,,,,,,,,,,,,,,,,-2700000.0,,,,,,,,-23100000.0,,,,,,,,,
ELIS.PA,Elis,cash_flow,2024-12-31,564700000.0,-2200000.0,-1303600000.0,1207800000.0,10400000.0,-887400000.0,622000000.0,100000.0,664800000.0,-11300000.0,-31500000.0,-423300000.0,-4700000.0,-78900000.0,-101300000.0,-101300000.0,8200000.0,-2200000.0,10400000.0,-95800000.0,,-95800000.0,-1303600000.0,1207800000.0,-1060300000.0,4100000.0,0.0,-183300000.0,0.0,-183300000.0,-853500000.0,7300000.0,-860800000.0,1452100000.0,-124900000.0,,0.0,-4600000.0,14600000.0,122700000.0,27100000.0,,963400000.0,963400000.0,-2000000.0,337700000.0,10600000.0,-14000000.0,-15800000.0,128300000.0,,,,,-26600000.0,0.0,-26600000.0,,,,,,,,,,,,,,,,,,,,-500000.0,,,,,,,,7300000.0,,,,,,,,,
ELIS.PA,Elis,cash_flow,2023-12-31,501700000.0,,-985900000.0,1194800000.0,9100000.0,-823900000.0,664800000.0,-100000.0,286100000.0,1800000.0,376900000.0,-46400000.0,-1400000.0,-70500000.0,-61700000.0,-61700000.0,9100000.0,,9100000.0,208900000.0,,208900000.0,-985900000.0,1194800000.0,-902300000.0,300000.0,0.0,-82100000.0,0.0,-82100000.0,-794300000.0,2800000.0,-797100000.0,1325600000.0,-126400000.0,,,-2400000.0,50200000.0,172300000.0,22900000.0,,886000000.0,886000000.0,-100000.0,261900000.0,1700000.0,12300000.0,-66600000.0,110300000.0,,,,,-26700000.0,100000.0,-26800000.0,,,,,,,,,,,,,,,,,,,,300000.0,,,,,,,,4300000.0,,,,,,,,,
ELIS.PA,Elis,cash_flow,2022-12-31,391400000.0,-100000.0,-1091200000.0,1244000000.0,4600000.0,-699800000.0,286100000.0,100000.0,160100000.0,1000000.0,125000000.0,-53700000.0,-3400000.0,-72900000.0,-33200000.0,-33200000.0,4500000.0,-100000.0,4600000.0,152800000.0,,152800000.0,-1091200000.0,1244000000.0,-912500000.0,500000.0,0.0,-221700000.0,0.0,-221700000.0,-665900000.0,7400000.0,-673300000.0,1091200000.0,-100100000.0,,,-53300000.0,33800000.0,87800000.0,20300000.0,,793600000.0,793600000.0,2100000.0,202600000.0,82200000.0,-50000000.0,-119300000.0,79700000.0,,,,,-26500000.0,0.0,-26500000.0,,300000.0,,,,,,,,,,,,,,,,,,-6500000.0,,,,,,,,5400000.0,,,,,,,,,
ELIS.PA,Elis,cash_flow,2021-12-31,,,,,,,,,,,,,,,,,,,,,,,,,,,0.0,,,,,,,,,,,,,,,,,,,,,,,,,,,,,,,,600000.0,,,,,,,,,,,,,,,,,,,,,,,,,,,,,,,,,,,
RXL.PA,Rexel,cash_flow,2025-12-31,650300000.0,,-88300000.0,577300000.0,,-145500000.0,1037500000.0,,883300000.0,-25200000.0,179400000.0,-215700000.0,-100000.0,,-354600000.0,,-96600000.0,,,489000000.0,-88300000.0,489000000.0,-88300000.0,577300000.0,-400700000.0,100000.0,,-256700000.0,74200000.0,-330900000.0,-136300000.0,9200000.0,-145500000.0,795800000.0,-270600000.0,-137100000.0,,-239100000.0,-100400000.0,-87800000.0,,6700000.0,436800000.0,343400000.0,,1061600000.0,2100000.0,-25400000.0,-115400000.0,,93400000.0,-7800000.0,,,,,,,-2400000.0,,,,,,,,,,,,,,,,,,,,,,,,,,,,,,,,,,,
RXL.PA,Rexel,cash_flow,2024-12-31,744800000.0,,,340700000.0,,-132100000.0,883300000.0,-500000.0,912700000.0,23200000.0,-52100000.0,-363600000.0,,,-357200000.0,,-102000000.0,,,340700000.0,21400000.0,340700000.0,,340700000.0,-565400000.0,100000.0,,-437200000.0,0.0,-437200000.0,-125900000.0,6200000.0,-132100000.0,876900000.0,-281000000.0,-129600000.0,,34300000.0,49800000.0,-35900000.0,,8500000.0,433700000.0,351800000.0,,845900000.0,-69600000.0,-3700000.0,57800000.0,,81900000.0,-2400000.0,,,,,,,-55800000.0,,,,,,,,,,,,,,,,,,,,,,,,,,,,,,,,,,,
RXL.PA,Rexel,cash_flow,2023-12-31,783900000.0,,,513800000.0,,-158200000.0,912700000.0,1500000.0,895400000.0,-16200000.0,32000000.0,-200800000.0,100000.0,,-362200000.0,,-131400000.0,,,513800000.0,103800000.0,513800000.0,,513800000.0,-709300000.0,100000.0,,-551200000.0,135400000.0,-686600000.0,-153400000.0,4800000.0,-158200000.0,942100000.0,-327400000.0,-101300000.0,,-187100000.0,-104100000.0,-22000000.0,,2600000.0,371400000.0,300400000.0,,1216600000.0,-79200000.0,-40800000.0,37100000.0,,71000000.0,-4800000.0,,,,,,,-21300000.0,,,,,,,,,,,,,,,,,,,,,,,,,,,,,,,,,,,
RXL.PA,Rexel,cash_flow,2022-12-31,708700000.0,-66300000.0,0.0,275900000.0,,-131400000.0,895400000.0,-1500000.0,573500000.0,-48000000.0,371400000.0,-286600000.0,100000.0,,-230100000.0,,-66300000.0,-66300000.0,,221800000.0,-54100000.0,275900000.0,0.0,275900000.0,-182100000.0,,,-52600000.0,97400000.0,-150000000.0,-125500000.0,5900000.0,-131400000.0,840100000.0,-310800000.0,-59900000.0,,-391800000.0,-45200000.0,-71000000.0,,2900000.0,353400000.0,353400000.0,,1343000000.0,214100000.0,-228400000.0,-332400000.0,,,-4000000.0,,,,,,,-25600000.0,-131400000.0,,,,,,,,,,,,,,,,,,,,,,,,,,,,,,,,,,
RXL.PA,Rexel,cash_flow,2021-12-31,,,-1119600000.0,,3800000.0,,,100000.0,,,,,,,,,,,3800000.0,,,,-1119600000.0,,,-100000.0,,,,,,,,,,,,,,,,,,,,,,,,,,,,,,,,,,-109300000.0,,,,,,,,,,,,,,,,,,,,,,,,,,,,,,,,,,
SPIE.PA,SPIE,cash_flow,2025-12-31,811900000.0,-39200000.0,-1051100000.0,816200000.0,61400000.0,-75000000.0,751000000.0,,644500000.0,-6500000.0,113000000.0,-487300000.0,-8800000.0,-83500000.0,-176500000.0,-176500000.0,22200000.0,-39200000.0,61400000.0,-234900000.0,,-234900000.0,-1051100000.0,816200000.0,-286600000.0,,,-225200000.0,,,-58400000.0,16600000.0,-75000000.0,886900000.0,-200100000.0,,1100000.0,12500000.0,,155600000.0,,,459000000.0,459000000.0,168700000.0,178700000.0,,,,111900000.0,,-1000000.0,100000.0,-1100000.0,,,,,,,,,,,,,,,,,,,,,,,,,,,,,,,,,,,,,,,,
SPIE.PA,SPIE,cash_flow,2024-12-31,831900000.0,0.0,-602600000.0,399100000.0,43900000.0,-88600000.0,644500000.0,,1113600000.0,-3500000.0,-465600000.0,-391300000.0,-1000000.0,-85400000.0,-143500000.0,-143500000.0,43900000.0,0.0,43900000.0,-203500000.0,,-203500000.0,-602600000.0,399100000.0,-994800000.0,200000.0,,-914400000.0,,,-81100000.0,7500000.0,-88600000.0,920500000.0,-172600000.0,,100000.0,148700000.0,27237000.0,148200000.0,,2571000.0,362000000.0,362000000.0,24600000.0,275000000.0,-88828000.0,11627000.0,-26397000.0,135000000.0,,-200000.0,0.0,-200000.0,,,,,,,,,,,,,,,,,,,,,,,,,,,,,222512000.0,,,,,,,,,,,
SPIE.PA,SPIE,cash_flow,2023-12-31,651657000.0,,-762646000.0,395762000.0,33529000.0,-61676000.0,1113633000.0,,1181810000.0,-4444000.0,-63733000.0,-545773000.0,-1575000.0,-83287000.0,-126728000.0,-126728000.0,33529000.0,,33529000.0,-366884000.0,,-366884000.0,-762646000.0,395762000.0,-231293000.0,,,-175672000.0,,,-53927000.0,7749000.0,-61676000.0,713333000.0,-96746000.0,,581000.0,56263000.0,56263000.0,112331000.0,,,295127000.0,295127000.0,-11550000.0,239334000.0,,,,118982000.0,,-369000.0,51000.0,-420000.0,,,,,,,,,,,,,,,,,,,,,,,,,,,,,,,,,,,,,,,,
SPIE.PA,SPIE,cash_flow,2022-12-31,511543000.0,,-747358000.0,595214000.0,19582000.0,-65818000.0,1181810000.0,,1226942000.0,-6028000.0,-39104000.0,-301258000.0,,-62333000.0,-105894000.0,-105894000.0,19582000.0,,19582000.0,-152144000.0,,-152144000.0,-747358000.0,595214000.0,-315207000.0,,,-259535000.0,,,-57406000.0,8412000.0,-65818000.0,577361000.0,-96700000.0,,181000.0,-11464000.0,,82121000.0,,,261566000.0,261566000.0,102025000.0,153886000.0,,,,86211000.0,,-918000.0,28000.0,-946000.0,,,,,,,,,,,,,,,,,,,,,,,,,,,,,,,,,,,,,,,,
SPIE.PA,SPIE,cash_flow,2021-12-31,,,,,,,,,,,,,,,,,,,,,,,,,,,0.0,,,-147361000.0,,,,,,,,,,,,,,,,,,,,,,,,,,,,,,,,,,,,,,,,,,,,,,,,,,,,,,,,,,,,,,,,
IPN.PA,Ipsen,cash_flow,2025-12-31,809700000.0,-67700000.0,-33700000.0,510600000.0,,-328700000.0,1521500000.0,-100000.0,677600000.0,4200000.0,839800000.0,298400000.0,5400000.0,,-116200000.0,,-67700000.0,-67700000.0,,476900000.0,-31600000.0,508500000.0,-1700000.0,510200000.0,-615200000.0,57000000.0,,-343600000.0,,-343600000.0,-105300000.0,,-105300000.0,1138400000.0,-182000000.0,,,300000.0,68400000.0,40200000.0,39300000.0,,625200000.0,625200000.0,14000000.0,444500000.0,41500000.0,22700000.0,-132300000.0,156200000.0,,,,,-223300000.0,100000.0,-223400000.0,,,,,,-32000000.0,400000.0,,,,,,,,,,,,,,,18200000.0,,,,,,,,,,,,,,,
IPN.PA,Ipsen,cash_flow,2024-12-31,133000000.0,-36500000.0,-33000000.0,77200000.0,,-782500000.0,677600000.0,,519500000.0,19200000.0,138900000.0,-100000000.0,100000.0,-8200000.0,-99600000.0,,-36500000.0,-36500000.0,,44200000.0,-31600000.0,75800000.0,-1200000.0,77000000.0,-676600000.0,-2200000.0,,-65200000.0,,-65200000.0,-173000000.0,,-173000000.0,915500000.0,-173900000.0,,,-54500000.0,-48000000.0,51800000.0,29500000.0,,705900000.0,705900000.0,-80200000.0,357300000.0,58800000.0,-20000000.0,-45300000.0,80100000.0,,,,,-436200000.0,173300000.0,-609500000.0,,,,,,-31800000.0,200000.0,,,,,,,,,,,,,0.0,,0.0,,,,,,,,,,,,,,,
IPN.PA,Ipsen,cash_flow,2023-12-31,677000000.0,-39500000.0,-2913700000.0,2622900000.0,0.0,-188900000.0,519500000.0,100000.0,1165500000.0,5000000.0,-651100000.0,-452400000.0,100000.0,-22600000.0,-99600000.0,,-39500000.0,-39500000.0,0.0,-290800000.0,-15000000.0,-275800000.0,-300700000.0,24900000.0,-1078200000.0,25800000.0,,-915600000.0,,-915600000.0,-116200000.0,500000.0,-116200000.0,865900000.0,-216300000.0,,,76100000.0,-22900000.0,106700000.0,30100000.0,,87900000.0,87900000.0,17300000.0,619900000.0,109500000.0,-8900000.0,-1600000.0,117800000.0,,,,,-72200000.0,500000.0,-72700000.0,,,,,,-2613000000.0,2598000000.0,,,,,,,,,,,,,21100000.0,,13600000.0,,,,,,,,,,,,,,,
IPN.PA,Ipsen,cash_flow,2022-12-31,718500000.0,-11300000.0,-1263300000.0,1228800000.0,0.0,-252900000.0,1165500000.0,809100000.0,809100000.0,5900000.0,350500000.0,-164200000.0,-11300000.0,-18200000.0,-99300000.0,,0.0,-11300000.0,0.0,-34500000.0,-49400000.0,14900000.0,-1100000.0,16000000.0,-458600000.0,-76400000.0,,-139300000.0,,-139300000.0,-86600000.0,10000000.0,-96600000.0,971400000.0,-130700000.0,,,-39100000.0,38500000.0,85800000.0,26500000.0,,336500000.0,336500000.0,-3100000.0,592100000.0,29100000.0,-19900000.0,-86800000.0,111800000.0,,,,,-156300000.0,10000000.0,-156300000.0,,,,,,-1262200000.0,1212800000.0,,,,,,,,,,,,,-9500000.0,,1900000.0,,,,,,,,,,,,,,,
IPN.PA,Ipsen,cash_flow,2021-12-31,,,,,0.0,,,100000.0,,,,,,-21500000.0,,,,,0.0,,,,,,,,,,17400000.0,,,,,,,,,,,,,,,,,,,,,,,,,,,,,,,,,,,,,,,,,,,,,,,,2300000.0,,,,,,,,5800000.0,,,,,,,,,
