ticker,company_name,statement,fiscal_year_end,TaxEffectOfUnusualItems,TaxRateForCalcs,NormalizedEBITDA,TotalUnusualItems,TotalUnusualItemsExcludingGoodwill,NetIncomeFromContinuingOperationNetMinorityInterest,ReconciledDepreciation,ReconciledCostOfRevenue,EBITDA,EBIT,NetInterestIncome,InterestExpense,InterestIncome,NormalizedIncome,NetIncomeFromContinuingAndDiscontinuedOperation,TotalExpenses,RentExpenseSupplemental,TotalOperatingIncomeAsReported,DilutedAverageShares,BasicAverageShares,DilutedEPS,BasicEPS,DilutedNIAvailtoComStockholders,NetIncomeCommonStockholders,OtherunderPreferredStockDividend,PreferredStockDividends,NetIncome,MinorityInterests,NetIncomeIncludingNoncontrollingInterests,NetIncomeDiscontinuousOperations,NetIncomeContinuousOperations,TaxProvision,PretaxIncome,OtherNonOperatingIncomeExpenses,SpecialIncomeCharges,OtherSpecialCharges,WriteOff,RestructuringAndMergernAcquisition,NetNonOperatingInterestIncomeExpense,TotalOtherFinanceCost,InterestExpenseNonOperating,InterestIncomeNonOperating,OperatingIncome,OperatingExpense,OtherOperatingExpenses,DepreciationAndAmortizationInIncomeStatement,DepreciationIncomeStatement,RentAndLandingFees,GrossProfit,CostOfRevenue,TotalRevenue,OperatingRevenue,Amortization,ResearchAndDevelopment,SellingGeneralAndAdministration,SellingAndMarketingExpense,GeneralAndAdministrativeExpense,OtherIncomeExpense,GainOnSaleOfBusiness,EarningsFromEquityInterest,GainOnSaleOfSecurity,ImpairmentOfCapitalAssets,NetPolicyholderBenefitsAndClaims,InsuranceAndClaims,AverageDilutionEarnings,GainOnSaleOfPPE,SecuritiesAmortization,OtherTaxes,ProvisionForDoubtfulAccounts,DepreciationAmortizationDepletionIncomeStatement,SalariesAndWages,EarningsFromEquityInterestNetOfTax,AmortizationOfIntangiblesIncomeStatement,OtherGandA,NetIncomeExtraordinary,ExciseTaxes
AC.PA,Accor,income_statement,2025-12-31,-16827000.0,0.237,1210000000.0,-71000000.0,-71000000.0,449000000.0,330000000.0,2699000000.0,1139000000.0,809000000.0,-109000000.0,158000000.0,41000000.0,503173000.0,449000000.0,4770000000.0,179000000.0,807000000.0,239764615.0,239391366.0,1.61,1.61,385000000.0,385000000.0,64000000.0,0.0,449000000.0,-50000000.0,499000000.0,,499000000.0,152000000.0,651000000.0,-27000000.0,-64000000.0,41000000.0,-15000000.0,38000000.0,-109000000.0,-8000000.0,158000000.0,41000000.0,869000000.0,2071000000.0,1562000000.0,330000000.0,330000000.0,179000000.0,2940000000.0,2699000000.0,5639000000.0,5639000000.0,,,,,,,,,,,,,,,,,,,,,,,,
AC.PA,Accor,income_statement,2024-12-31,-15768000.0,0.292,1386000000.0,-54000000.0,-54000000.0,610000000.0,341000000.0,2717000000.0,1332000000.0,991000000.0,-88000000.0,141000000.0,44000000.0,648232000.0,610000000.0,4827000000.0,188000000.0,786000000.0,246337615.0,245703487.0,2.33,2.34,610000000.0,575000000.0,35000000.0,0.0,610000000.0,-47000000.0,657000000.0,0.0,657000000.0,193000000.0,850000000.0,-37000000.0,6000000.0,-50000000.0,-47000000.0,91000000.0,-88000000.0,-9000000.0,141000000.0,44000000.0,779000000.0,2110000000.0,1581000000.0,341000000.0,341000000.0,188000000.0,2889000000.0,2717000000.0,5606000000.0,5606000000.0,,,,,,,,,,,,,,,,,,,,,,,,
AC.PA,Accor,income_statement,2023-12-31,2642120.765832,0.057437,1039000000.0,46000000.0,46000000.0,623000000.0,279000000.0,2637000000.0,1085000000.0,806000000.0,-82000000.0,127000000.0,52000000.0,579642120.765832,633000000.0,4332000000.0,23000000.0,735000000.0,252289352.0,252289352.0,2.509024,2.509024,588000000.0,588000000.0,45000000.0,,633000000.0,-17000000.0,650000000.0,10000000.0,640000000.0,39000000.0,679000000.0,-38000000.0,12000000.0,14000000.0,-37000000.0,11000000.0,-82000000.0,7000000.0,127000000.0,52000000.0,724000000.0,1830000000.0,1393000000.0,279000000.0,279000000.0,158000000.0,2554000000.0,2502000000.0,5056000000.0,5056000000.0,,,,,,,,,,,,,,,,,,,,,,,,
AC.PA,Accor,income_statement,2022-12-31,11234782.608696,0.165217,726000000.0,68000000.0,68000000.0,359000000.0,228000000.0,2179000000.0,794000000.0,566000000.0,-115000000.0,106000000.0,13000000.0,302234782.608696,402000000.0,3777000000.0,105000000.0,543000000.0,289208633.0,287142857.0,1.39,1.4,402000000.0,402000000.0,0.0,0.0,402000000.0,-25000000.0,426000000.0,43000000.0,384000000.0,76000000.0,460000000.0,-3000000.0,66000000.0,-43000000.0,-61000000.0,38000000.0,-115000000.0,9000000.0,106000000.0,13000000.0,447000000.0,1598000000.0,1265000000.0,228000000.0,228000000.0,105000000.0,2045000000.0,2179000000.0,4224000000.0,4224000000.0,,,,,,,,,,,,,,,,,,,,,,,,
AC.PA,Accor,income_statement,2021-12-31,,,,,,,,,,,,,,,,,,,,,,,,,,0.0,,,,77000000.0,,,,,,,,,,,,,,,,,,,,,,,,,,,,,,,,,,,,,,,,,,,,,,
AI.PA,Air Liquide,income_statement,2025-12-31,11188800.0,0.252,7484300000.0,44400000.0,44400000.0,3517900000.0,2563500000.0,9651200000.0,7528700000.0,4965200000.0,-396200000.0,82700000.0,69000000.0,3484688800.0,3517900000.0,21705900000.0,,5278700000.0,578601974.0,576790647.0,6.08,6.1,3517900000.0,3517900000.0,0.0,,3517900000.0,-126500000.0,3644400000.0,,3644400000.0,1230500000.0,4882500000.0,,44400000.0,-267500000.0,,223100000.0,-396200000.0,382500000.0,82700000.0,69000000.0,5234300000.0,12054700000.0,4402800000.0,2563500000.0,2362200000.0,,17289000000.0,9651200000.0,26940200000.0,26940200000.0,201300000.0,,,,,,,,,,,,,,,,,,,,,,,
AI.PA,Air Liquide,income_statement,2024-12-31,-50830690.051246,0.239994,7323000000.0,-211800000.0,-211800000.0,3306100000.0,2505100000.0,10008200000.0,7111200000.0,4606100000.0,-418400000.0,78900000.0,75000000.0,3467069309.948754,3306100000.0,21900400000.0,,4945600000.0,635788462.0,634103320.0,5.2,5.218182,3306100000.0,3306100000.0,0.0,,3306100000.0,-133900000.0,3440000000.0,,3440000000.0,1086500000.0,4527200000.0,,-211800000.0,-14300000.0,,226100000.0,-418400000.0,414500000.0,78900000.0,75000000.0,5157400000.0,11892200000.0,4221400000.0,2505100000.0,2302000000.0,,17049600000.0,10008200000.0,27057800000.0,27057800000.0,203100000.0,,,,,,,,,,,,,,,,,,,,,,,
AI.PA,Air Liquide,income_statement,2023-12-31,-116181000.0,0.234,7206900000.0,-496500000.0,-496500000.0,3078000000.0,2482000000.0,11146800000.0,6710400000.0,4228400000.0,-416200000.0,73100000.0,69400000.0,3458319000.0,3078000000.0,22539600000.0,,4571500000.0,635234522.0,633388801.0,4.845455,4.863636,3078000000.0,3078000000.0,0.0,,3078000000.0,-110400000.0,3188400000.0,,3188400000.0,971800000.0,4155300000.0,,-496500000.0,332700000.0,,163800000.0,-416200000.0,412500000.0,73100000.0,69400000.0,5068000000.0,11392800000.0,4045200000.0,2482000000.0,2277600000.0,,16460800000.0,11146800000.0,27607600000.0,27607600000.0,204400000.0,,,,,,,,,,,,,,,,,,,,,,,
AI.PA,Air Liquide,income_statement,2022-12-31,-146669900.0,0.257,6986500000.0,-570700000.0,-570700000.0,2758800000.0,2465900000.0,13813000000.0,6415800000.0,3949900000.0,-386000000.0,44800000.0,33000000.0,3182830100.0,2758800000.0,25072200000.0,,4291100000.0,633949423.0,631703514.0,4.355372,4.363636,2758800000.0,2758800000.0,0.0,,2758800000.0,-145100000.0,2903900000.0,,2903900000.0,1002300000.0,3905100000.0,,-570700000.0,697500000.0,,-126800000.0,-386000000.0,374200000.0,44800000.0,33000000.0,4861800000.0,11259200000.0,4074200000.0,2465900000.0,2262100000.0,,16121000000.0,13813000000.0,29934000000.0,29934000000.0,203800000.0,,,,,,,,,,,,,,,,,,,,,,,
AIR.PA,Airbus,income_statement,2025-12-31,51465000.0,0.219,,235000000.0,235000000.0,5221000000.0,3133000000.0,62453000000.0,10253000000.0,7120000000.0,45000000.0,770000000.0,732000000.0,5037465000.0,5221000000.0,68184000000.0,,,790892128.0,789573213.0,6.6,6.61,5221000000.0,5221000000.0,0.0,,5221000000.0,261000000.0,4960000000.0,,4960000000.0,1390000000.0,6350000000.0,491000000.0,,,,,45000000.0,-83000000.0,770000000.0,732000000.0,5236000000.0,5731000000.0,,,,,10967000000.0,62453000000.0,73420000000.0,73420000000.0,,3153000000.0,2578000000.0,856000000.0,1722000000.0,,,,,,,,,,,,,,,,,,,
AIR.PA,Airbus,income_statement,2024-12-31,-47176036.866359,0.248295,,-190000000.0,-190000000.0,4232000000.0,2853000000.0,58555000000.0,9178000000.0,6325000000.0,39000000.0,900000000.0,803000000.0,4374823963.133641,4232000000.0,64426000000.0,,,790991077.0,789961671.0,5.35,5.36,4232000000.0,4232000000.0,0.0,,4232000000.0,154000000.0,4078000000.0,,4078000000.0,1347000000.0,5425000000.0,106000000.0,,,,,39000000.0,-136000000.0,900000000.0,803000000.0,4804000000.0,5871000000.0,,,,,10675000000.0,58555000000.0,69230000000.0,69230000000.0,,3250000000.0,2621000000.0,877000000.0,1744000000.0,,,,,,,,,,,,,,,,,,,
AIR.PA,Airbus,income_statement,2023-12-31,9453554.204236,0.242399,,39000000.0,39000000.0,3789000000.0,2242000000.0,55402000000.0,7767000000.0,5525000000.0,90000000.0,756000000.0,728000000.0,3759453554.204236,3789000000.0,61180000000.0,,,789760599.0,788720779.0,4.8,4.8,3789000000.0,3789000000.0,0.0,,3789000000.0,176000000.0,3613000000.0,,3613000000.0,1156000000.0,4769000000.0,34000000.0,,,,,90000000.0,-118000000.0,756000000.0,728000000.0,4266000000.0,5778000000.0,,,,,10044000000.0,55402000000.0,65446000000.0,65446000000.0,,3257000000.0,2521000000.0,867000000.0,1654000000.0,,,,,,,,,,,,,,,,,,,
AIR.PA,Airbus,income_statement,2022-12-31,-65740000.0,0.19,,-346000000.0,-346000000.0,4247000000.0,2716000000.0,48192000000.0,8203000000.0,5487000000.0,195000000.0,412000000.0,188000000.0,4527260000.0,4247000000.0,53511000000.0,,,787753485.0,787080579.0,5.39,5.4,4247000000.0,4247000000.0,0.0,,4247000000.0,111000000.0,4136000000.0,,4136000000.0,939000000.0,5075000000.0,-119000000.0,,,,,195000000.0,-419000000.0,412000000.0,188000000.0,5252000000.0,5319000000.0,,,,,10571000000.0,48192000000.0,58763000000.0,58763000000.0,,3079000000.0,2240000000.0,788000000.0,1452000000.0,,,,,,,,,,,,,,,,,,,
ALO.PA,Alstom,income_statement,2026-03-31,-51246000.0,0.351,1458000000.0,-146000000.0,-146000000.0,323000000.0,813000000.0,16819000000.0,1312000000.0,499000000.0,-174000000.0,120000000.0,30000000.0,417754000.0,324000000.0,18472000000.0,,,465362712.0,461900109.0,0.6,0.61,324000000.0,324000000.0,0.0,,324000000.0,-41000000.0,365000000.0,1000000.0,364000000.0,199000000.0,379000000.0,,-155000000.0,81000000.0,,74000000.0,-174000000.0,84000000.0,120000000.0,30000000.0,699000000.0,1653000000.0,,,,,2352000000.0,16819000000.0,19171000000.0,19171000000.0,,623000000.0,1030000000.0,359000000.0,671000000.0,,,,,,,,,,,,,,,,,,,
ALO.PA,Alstom,income_statement,2025-03-31,-1500000.0,0.25,1264000000.0,-6000000.0,-6000000.0,153000000.0,874000000.0,16185000000.0,1258000000.0,384000000.0,-204000000.0,135000000.0,38000000.0,157500000.0,149000000.0,17828000000.0,,463000000.0,451624740.0,448610045.0,0.31,0.31,149000000.0,149000000.0,0.0,,149000000.0,-30000000.0,179000000.0,-4000000.0,183000000.0,182000000.0,249000000.0,,4000000.0,-20000000.0,,16000000.0,-204000000.0,107000000.0,135000000.0,38000000.0,661000000.0,1643000000.0,,,,,2304000000.0,16185000000.0,18489000000.0,18489000000.0,,581000000.0,1062000000.0,363000000.0,699000000.0,,,,,,,,,,,,,,,,,,,
ALO.PA,Alstom,income_statement,2024-03-31,-122000000.0,0.25,1281000000.0,-488000000.0,-488000000.0,-307000000.0,836000000.0,15406000000.0,793000000.0,-43000000.0,-262000000.0,211000000.0,27000000.0,59000000.0,-309000000.0,17123000000.0,,-12000000.0,384624829.0,383027548.0,-0.81,-0.81,-309000000.0,-309000000.0,0.0,,-309000000.0,-30000000.0,-279000000.0,-2000000.0,-277000000.0,6000000.0,-254000000.0,,-508000000.0,,,508000000.0,-262000000.0,78000000.0,211000000.0,27000000.0,496000000.0,1717000000.0,,,,,2213000000.0,15406000000.0,17619000000.0,17619000000.0,,609000000.0,1108000000.0,383000000.0,725000000.0,,,,,,,,,,,,,,,,,,,
ALO.PA,Alstom,income_statement,2023-03-31,-85750000.0,0.25,1135000000.0,-343000000.0,-343000000.0,-128000000.0,886000000.0,14541000000.0,792000000.0,-94000000.0,-129000000.0,88000000.0,10000000.0,129250000.0,-132000000.0,16217000000.0,,,377849788.0,375523158.0,-0.35,-0.35,-132000000.0,-132000000.0,0.0,,-132000000.0,-24000000.0,-108000000.0,-4000000.0,-104000000.0,34000000.0,-182000000.0,,-369000000.0,30000000.0,,339000000.0,-129000000.0,51000000.0,88000000.0,10000000.0,290000000.0,1676000000.0,,,,,1966000000.0,14541000000.0,16507000000.0,16507000000.0,,580000000.0,1096000000.0,375000000.0,721000000.0,,,,,,,,,,,,,,,,,,,
ALO.PA,Alstom,income_statement,2022-03-31,,,,,,,,,,,,,,,,,,,,,,,,,,,,,,,,,,,,8000000.0,144000000.0,,,,,,,,,12000000.0,0.0,,,,,,12000000.0,,,,,,,,,,,,,,,,,,,,,,,
MT.AS,ArcelorMittal,income_statement,2025-12-31,199234036.646308,0.099667,5125000000.0,1999000000.0,1999000000.0,3152000000.0,2945000000.0,56976000000.0,7124000000.0,4179000000.0,-656000000.0,577000000.0,281000000.0,1352234036.646308,3152000000.0,59891000000.0,,3628000000.0,766000000.0,763000000.0,4.11,4.13,3152000000.0,3152000000.0,,,3152000000.0,-91000000.0,3243000000.0,,3243000000.0,359000000.0,3602000000.0,,1735000000.0,,123000000.0,-1858000000.0,-656000000.0,360000000.0,577000000.0,281000000.0,1461000000.0,2915000000.0,309000000.0,,,,4376000000.0,56976000000.0,61352000000.0,61352000000.0,,,2606000000.0,,,2797000000.0,,798000000.0,264000000.0,,,,,,,,,,,,,,,
MT.AS,ArcelorMittal,income_statement,2024-12-31,-116760000.0,0.21,6613000000.0,-556000000.0,-556000000.0,1339000000.0,2632000000.0,56653000000.0,6057000000.0,3425000000.0,-407000000.0,510000000.0,400000000.0,1778240000.0,1339000000.0,59333000000.0,,3310000000.0,791000000.0,788000000.0,1.69,1.7,1339000000.0,1339000000.0,,,1339000000.0,-41000000.0,1380000000.0,,1380000000.0,1535000000.0,2915000000.0,,0.0,,0.0,0.0,-407000000.0,297000000.0,510000000.0,400000000.0,3108000000.0,2680000000.0,202000000.0,,,,5788000000.0,56653000000.0,62441000000.0,62441000000.0,,,2478000000.0,,,214000000.0,,770000000.0,-556000000.0,,,,,,,,,,,,,,,
MT.AS,ArcelorMittal,income_statement,2023-12-31,-273888888.888889,0.188889,6100000000.0,-1450000000.0,-1450000000.0,919000000.0,2675000000.0,63538000000.0,4650000000.0,1975000000.0,-568000000.0,715000000.0,570000000.0,2095111111.111111,919000000.0,66178000000.0,,2340000000.0,845000000.0,842000000.0,1.09,1.09,919000000.0,919000000.0,,,919000000.0,-103000000.0,1022000000.0,,1022000000.0,238000000.0,1260000000.0,,-1405000000.0,,1405000000.0,0.0,-568000000.0,423000000.0,715000000.0,570000000.0,2097000000.0,2640000000.0,243000000.0,,,,4737000000.0,63538000000.0,68275000000.0,68275000000.0,,,2397000000.0,,,-269000000.0,0.0,1181000000.0,-45000000.0,,,,,,,,,,,,,,,
MT.AS,ArcelorMittal,income_statement,2022-12-31,48054642.381164,0.152554,13921000000.0,315000000.0,315000000.0,9302000000.0,2580000000.0,67309000000.0,14236000000.0,11656000000.0,-474000000.0,401000000.0,188000000.0,9035054642.381165,9302000000.0,69623000000.0,,10272000000.0,914000000.0,911000000.0,10.18,10.21,9302000000.0,9302000000.0,,,9302000000.0,-236000000.0,9538000000.0,,9538000000.0,1717000000.0,11255000000.0,,0.0,,0.0,,-474000000.0,261000000.0,401000000.0,188000000.0,10221000000.0,2314000000.0,51000000.0,,,,12535000000.0,67309000000.0,79844000000.0,79844000000.0,,,2263000000.0,,,1508000000.0,0.0,1193000000.0,315000000.0,,,,,,,,,,,,,,,
MT.AS,ArcelorMittal,income_statement,2021-12-31,,,,,,,,,,,,,,,,,,,,,,,,,,,,,,,,,,,,354000000.0,,,,,,,,,,,,,,,,,,,,,,,16000000.0,,,,,,,,,,,,,,,,,
CS.PA,AXA,income_statement,2025-12-31,0.0,0.243,,,,7448000000.0,-735000000.0,,,,-627000000.0,627000000.0,13513000000.0,7448000000.0,9797000000.0,96289000000.0,,,2055372364.0,2055372364.0,4.766533,4.766533,9623000000.0,9623000000.0,174000000.0,,9797000000.0,-184000000.0,9981000000.0,2349000000.0,7632000000.0,2367000000.0,9999000000.0,,,,,,-627000000.0,,627000000.0,,,,3366000000.0,,,,,,105925000000.0,105925000000.0,,,,,,992000000.0,,,,,77853000000.0,,,,,,,,,,,,,
CS.PA,AXA,income_statement,2024-12-31,0.0,0.246442,,0.0,0.0,7331000000.0,-562000000.0,,,,-607000000.0,607000000.0,12527000000.0,7331000000.0,7886000000.0,93867000000.0,,,2175367655.0,2175367655.0,3.625134,3.625134,7685000000.0,7685000000.0,201000000.0,,7886000000.0,-188000000.0,8074000000.0,555000000.0,7519000000.0,2459000000.0,9978000000.0,,0.0,0.0,,,-607000000.0,,607000000.0,,,,2812000000.0,,,,,,103262000000.0,103262000000.0,,,,,,979000000.0,,,,,73774000000.0,,,,,,,,,,,,,
CS.PA,AXA,income_statement,2023-12-31,-168500.0,0.1685,,-1000000.0,-1000000.0,6852000000.0,,,,9046000000.0,-611000000.0,611000000.0,,6853831500.0,7189000000.0,89235000000.0,,,2226204119.0,2226204119.0,3.31,3.31,7004000000.0,7004000000.0,185000000.0,,7189000000.0,-184000000.0,7373000000.0,337000000.0,7036000000.0,1399000000.0,8435000000.0,,-1000000.0,0.0,,,-611000000.0,,611000000.0,,,,2961000000.0,,,,,,97671000000.0,97671000000.0,,,,,,949000000.0,,,,,71681000000.0,,,,,,,,,,,,,
CS.PA,AXA,income_statement,2022-12-31,0.0,0.2042,,0.0,0.0,5061000000.0,54000000.0,,,7235000000.0,-652000000.0,652000000.0,248000000.0,5061000000.0,5061000000.0,74878000000.0,,,2297000000.0,2290000000.0,2.12,2.13,4879000000.0,4879000000.0,182000000.0,,5061000000.0,-146000000.0,5207000000.0,,5207000000.0,1376000000.0,6583000000.0,,0.0,0.0,0.0,,-652000000.0,,652000000.0,,,,3872000000.0,54000000.0,,,,,81461000000.0,81461000000.0,54000000.0,,10365000000.0,,10365000000.0,2660000000.0,,,,121000000.0,74469000000.0,,,,,,,,,,,,,
CS.PA,AXA,income_statement,2021-12-31,,,,-393000000.0,-393000000.0,,388000000.0,,,,,,472000000.0,,,,,,,,,,,,,,,,,,,,,,-393000000.0,0.0,0.0,,,,,,,,,388000000.0,,,,,,,388000000.0,,10386000000.0,,10386000000.0,,,,,140000000.0,,,,,,,,,,,,,,
BNP.PA,BNP Paribas,income_statement,2025-12-31,14245000.0,0.259,,55000000.0,55000000.0,12225000000.0,8055000000.0,,,,21203000000.0,50329000000.0,71532000000.0,12184245000.0,12225000000.0,,,,1188046647.0,1188046647.0,10.29,10.29,11520000000.0,11520000000.0,705000000.0,,12225000000.0,-633000000.0,12858000000.0,,12858000000.0,4207000000.0,17065000000.0,,-12000000.0,56000000.0,,-48000000.0,,,,,,49005000000.0,11086000000.0,2367000000.0,2367000000.0,16703000000.0,,,68804000000.0,68804000000.0,,,,,,,,,-1253000000.0,4000000.0,,-288000000.0,,,,,,,,,,,,
BNP.PA,BNP Paribas,income_statement,2024-12-31,19912000.0,0.262,,76000000.0,76000000.0,11688000000.0,7272000000.0,,,,19524000000.0,63496000000.0,83020000000.0,11631912000.0,11688000000.0,,,,1133302357.0,1133302357.0,9.57,9.57,10843000000.0,10843000000.0,845000000.0,,11688000000.0,-499000000.0,12187000000.0,0.0,12187000000.0,4001000000.0,16188000000.0,,16000000.0,191000000.0,,-241000000.0,,,,,,47403000000.0,11428000000.0,2356000000.0,2356000000.0,15729000000.0,,,65870000000.0,65870000000.0,,,,,,,,,33000000.0,34000000.0,,-253000000.0,,,,,,,,,,,,
BNP.PA,BNP Paribas,income_statement,2023-12-31,-7325000.0,0.293,,-25000000.0,-25000000.0,8028000000.0,6245000000.0,,,,19058000000.0,60484000000.0,79542000000.0,8045675000.0,10975000000.0,,,,1200367337.0,1200367337.0,8.58,8.58,10298000000.0,10298000000.0,677000000.0,,10975000000.0,-431000000.0,11406000000.0,2947000000.0,8459000000.0,3266000000.0,11725000000.0,,-123000000.0,104000000.0,,0.0,,,,,,44818000000.0,12999000000.0,2224000000.0,2224000000.0,12103000000.0,,,59735000000.0,59735000000.0,,,,,,,,,-3410000000.0,19000000.0,,-283000000.0,,,,,,,,,,,,
BNP.PA,BNP Paribas,income_statement,2022-12-31,28512000.0,0.297,,96000000.0,96000000.0,9161000000.0,6465000000.0,,,,20933000000.0,20149000000.0,41082000000.0,9121512000.0,9848000000.0,,,,1232991607.0,1232991607.0,7.52,7.52,9273000000.0,9273000000.0,575000000.0,,9848000000.0,-400000000.0,10248000000.0,687000000.0,9561000000.0,3653000000.0,13214000000.0,,-52000000.0,253000000.0,17000000.0,-249000000.0,,,,,,41885000000.0,12702000000.0,2284000000.0,2284000000.0,10365000000.0,,,57477000000.0,57477000000.0,,,10447000000.0,,10447000000.0,,,,11439000000.0,20000000.0,,-343000000.0,,,,,,,,,,,,
BNP.PA,BNP Paribas,income_statement,2021-12-31,,,,,,,,,,,,,,,,,,,,,,,,,,,,,,720000000.0,,,,,,,-12000000.0,,,,,,,,,,,,,,,,,,9679000000.0,,9679000000.0,,,,,,,,,,,,,,,,,,,
EN.PA,Bouygues,income_statement,2025-12-31,-130603000.0,0.341,6141000000.0,-383000000.0,-383000000.0,1138000000.0,3352000000.0,25176000000.0,5758000000.0,2406000000.0,-433000000.0,479000000.0,123000000.0,1390397000.0,1138000000.0,54147000000.0,5000000.0,2331000000.0,382276182.0,381187996.0,2.99,2.99,1138000000.0,1138000000.0,0.0,,1138000000.0,-134000000.0,1272000000.0,0.0,1272000000.0,655000000.0,1927000000.0,,-484000000.0,-90000000.0,574000000.0,,-433000000.0,77000000.0,479000000.0,123000000.0,2730000000.0,28971000000.0,11384000000.0,3119000000.0,3119000000.0,5000000.0,31701000000.0,25176000000.0,56877000000.0,56877000000.0,,,,,,,,,,,,,,,,,,,,,,,,
EN.PA,Bouygues,income_statement,2024-12-31,-122728000.0,0.3335,5760000000.0,-368000000.0,-368000000.0,1058000000.0,3074000000.0,25554000000.0,5392000000.0,2318000000.0,-381000000.0,479000000.0,166000000.0,1303272000.0,1058000000.0,54106000000.0,8000000.0,2242000000.0,377842810.0,377397453.0,2.8,2.8,1058000000.0,1058000000.0,0.0,,1058000000.0,-164000000.0,1222000000.0,0.0,1222000000.0,617000000.0,1839000000.0,,-399000000.0,-80000000.0,479000000.0,,-381000000.0,68000000.0,479000000.0,166000000.0,2646000000.0,28552000000.0,11564000000.0,2993000000.0,2993000000.0,8000000.0,31198000000.0,25554000000.0,56752000000.0,56752000000.0,,,,,,,,,,,,,,,,,,,,,,,,
EN.PA,Bouygues,income_statement,2023-12-31,-41459200.0,0.3239,5265000000.0,-128000000.0,-128000000.0,1040000000.0,2915000000.0,26013000000.0,5137000000.0,2222000000.0,-434000000.0,474000000.0,105000000.0,1126540800.0,1040000000.0,53780000000.0,2000000.0,2113000000.0,375451264.0,375451264.0,2.77,2.77,1040000000.0,1040000000.0,0.0,,1040000000.0,-161000000.0,1201000000.0,0.0,1201000000.0,547000000.0,1748000000.0,,-150000000.0,-184000000.0,334000000.0,,-434000000.0,65000000.0,474000000.0,105000000.0,2237000000.0,27767000000.0,11556000000.0,2905000000.0,2905000000.0,2000000.0,30004000000.0,26013000000.0,56017000000.0,56017000000.0,,,,,,,,,,,,,,,,,,,,,,,,
EN.PA,Bouygues,income_statement,2022-12-31,20865000.0,0.2675,4453000000.0,78000000.0,78000000.0,973000000.0,2685000000.0,19511000000.0,4531000000.0,1846000000.0,-289000000.0,291000000.0,29000000.0,915865000.0,973000000.0,42602000000.0,26000000.0,1872000000.0,381180055.0,381180055.0,2.55,2.55,973000000.0,973000000.0,0.0,,973000000.0,-158000000.0,1131000000.0,,1131000000.0,424000000.0,1555000000.0,,12000000.0,-184000000.0,172000000.0,,-289000000.0,27000000.0,291000000.0,29000000.0,1796000000.0,23091000000.0,10960000000.0,2674000000.0,2674000000.0,26000000.0,24887000000.0,19511000000.0,44398000000.0,44398000000.0,,,10572000000.0,,10572000000.0,,,,,,,,,,,,,,,,,,,
EN.PA,Bouygues,income_statement,2021-12-31,,,,,,,,,,,,,,,,,,,,,,,,,,,,,,,,,,,,,,,,,,,,,,,,,,,,,,,8614000000.0,,8614000000.0,,,,,,,,,,,,,,,,,,,
CAP.PA,Capgemini,income_statement,2025-12-31,-68880000.0,0.246,3345000000.0,-280000000.0,-280000000.0,1601000000.0,698000000.0,16390000000.0,3065000000.0,2367000000.0,-23000000.0,198000000.0,156000000.0,1812120000.0,1601000000.0,19964000000.0,,2199000000.0,175390017.0,169347632.0,9.13,9.46,1601000000.0,1601000000.0,0.0,,1601000000.0,-6000000.0,1607000000.0,,1607000000.0,534000000.0,2169000000.0,,-302000000.0,,,302000000.0,-23000000.0,-19000000.0,198000000.0,156000000.0,2501000000.0,3574000000.0,116000000.0,138000000.0,0.0,,6075000000.0,16390000000.0,22465000000.0,22465000000.0,138000000.0,,3092000000.0,1611000000.0,1481000000.0,,,,,,,,,,,,,,,,,,,
CAP.PA,Capgemini,income_statement,2024-12-31,-57205149.852258,0.287463,3434000000.0,-199000000.0,-199000000.0,1671000000.0,683000000.0,16044000000.0,3235000000.0,2552000000.0,24000000.0,183000000.0,207000000.0,1812794850.147742,1671000000.0,19564000000.0,,2356000000.0,176375256.0,170201409.0,9.47,9.82,1671000000.0,1671000000.0,0.0,,1671000000.0,-6000000.0,1677000000.0,,1677000000.0,681000000.0,2369000000.0,,-176000000.0,,,176000000.0,24000000.0,,183000000.0,207000000.0,2532000000.0,3520000000.0,46000000.0,125000000.0,0.0,,6052000000.0,16044000000.0,22096000000.0,22096000000.0,125000000.0,,3118000000.0,1634000000.0,1484000000.0,,,,,,,,,,,,,,,,,,,
CAP.PA,Capgemini,income_statement,2023-12-31,-64936631.944444,0.271701,3429000000.0,-239000000.0,-239000000.0,1663000000.0,700000000.0,16474000000.0,3190000000.0,2490000000.0,-24000000.0,186000000.0,171000000.0,1837063368.055556,1663000000.0,19938000000.0,,2346000000.0,177396346.0,171350138.0,9.37,9.7,1663000000.0,1663000000.0,0.0,,1663000000.0,-5000000.0,1668000000.0,,1668000000.0,626000000.0,2304000000.0,,-238000000.0,,,238000000.0,-24000000.0,9000000.0,186000000.0,171000000.0,2584000000.0,3464000000.0,49000000.0,123000000.0,0.0,,6048000000.0,16474000000.0,22522000000.0,22522000000.0,123000000.0,,3057000000.0,1598000000.0,1459000000.0,,,,,,,,,,,,,,,,,,,
CAP.PA,Capgemini,income_statement,2022-12-31,-52271000.0,0.313,3307000000.0,-167000000.0,-167000000.0,1547000000.0,719000000.0,16163000000.0,3140000000.0,2421000000.0,-101000000.0,157000000.0,65000000.0,1661729000.0,1547000000.0,19436000000.0,,2393000000.0,176019736.0,170251066.0,8.79,9.09,1547000000.0,1547000000.0,0.0,,1547000000.0,-3000000.0,1550000000.0,,1550000000.0,710000000.0,2264000000.0,,-166000000.0,,,166000000.0,-101000000.0,9000000.0,157000000.0,65000000.0,2559000000.0,3273000000.0,36000000.0,136000000.0,0.0,,5832000000.0,16163000000.0,21995000000.0,21995000000.0,136000000.0,,2965000000.0,1518000000.0,1447000000.0,,,,,,,,,,,,,,,,,,,
CAP.PA,Capgemini,income_statement,2021-12-31,,,,,,,,,,,,,,,,,,,,,,,,,,,,,,,,,,,,,,,,3000000.0,,,,,,,,,,,,,,,,,,,,,,,,,,,,,,,,,,,,
CA.PA,Carrefour,income_statement,2025-12-31,-16550000.0,0.331,4395000000.0,277000000.0,-50000000.0,977000000.0,2349000000.0,68001000000.0,4672000000.0,2323000000.0,-556000000.0,764000000.0,137000000.0,1337450000.0,319000000.0,81905000000.0,104000000.0,2158000000.0,685782388.0,682658740.0,0.47,0.47,319000000.0,319000000.0,0.0,,319000000.0,-66000000.0,385000000.0,-658000000.0,1043000000.0,516000000.0,1559000000.0,,-63000000.0,-503000000.0,,70000000.0,-556000000.0,-71000000.0,764000000.0,137000000.0,2120000000.0,13904000000.0,1418000000.0,2066000000.0,2066000000.0,104000000.0,16024000000.0,68001000000.0,84024000000.0,84024000000.0,,,2994000000.0,519000000.0,2475000000.0,,,,,169000000.0,,,,,,,,,,,,,,
CA.PA,Carrefour,income_statement,2024-12-31,-50609000.0,0.221,4545000000.0,-181000000.0,-229000000.0,998000000.0,2242000000.0,67328000000.0,4364000000.0,2122000000.0,-710000000.0,755000000.0,139000000.0,1224391000.0,723000000.0,81215000000.0,96000000.0,2280000000.0,673497922.0,669712548.0,1.07,1.08,723000000.0,723000000.0,0.0,,723000000.0,-67000000.0,790000000.0,-275000000.0,1065000000.0,302000000.0,1367000000.0,,-253000000.0,-136000000.0,,150000000.0,-710000000.0,94000000.0,755000000.0,139000000.0,2239000000.0,13887000000.0,1412000000.0,1973000000.0,1973000000.0,96000000.0,16126000000.0,67328000000.0,83453000000.0,83453000000.0,273000000.0,,3204000000.0,632000000.0,2572000000.0,,,,,191000000.0,,,,,,,,,,,,,,
CA.PA,Carrefour,income_statement,2023-12-31,-145304000.0,0.328,4780000000.0,-442000000.0,-443000000.0,917000000.0,2296000000.0,68278000000.0,4338000000.0,2042000000.0,-519000000.0,703000000.0,176000000.0,1215696000.0,1659000000.0,82673000000.0,82000000.0,1749000000.0,719225670.0,714170185.0,2.31,2.32,1659000000.0,1659000000.0,0.0,,1659000000.0,17000000.0,1642000000.0,742000000.0,900000000.0,439000000.0,1339000000.0,,-453000000.0,-195000000.0,1000000.0,352000000.0,-519000000.0,-8000000.0,703000000.0,176000000.0,2235000000.0,14395000000.0,1325000000.0,2032000000.0,1777000000.0,82000000.0,16630000000.0,68278000000.0,84910000000.0,84910000000.0,255000000.0,,3583000000.0,682000000.0,2901000000.0,,,,,295000000.0,,,,,,,,,,,,,,
CA.PA,Carrefour,income_statement,2022-12-31,32913000.0,0.207,4632000000.0,160000000.0,159000000.0,1347000000.0,2236000000.0,66776000000.0,4792000000.0,2556000000.0,-575000000.0,583000000.0,23000000.0,1221913000.0,1348000000.0,80746000000.0,76000000.0,2463000000.0,746622699.0,741377552.0,1.8,1.82,1348000000.0,1348000000.0,0.0,,1348000000.0,-218000000.0,1566000000.0,1000000.0,1564000000.0,408000000.0,1973000000.0,,155000000.0,-315000000.0,,13000000.0,-575000000.0,15000000.0,583000000.0,23000000.0,2343000000.0,13970000000.0,1325000000.0,1978000000.0,1731000000.0,76000000.0,16313000000.0,66776000000.0,83088000000.0,83088000000.0,247000000.0,,3254000000.0,656000000.0,2598000000.0,,,,,146000000.0,,,,,,,,,,,,,,
CA.PA,Carrefour,income_statement,2021-12-31,,,,,,,,,,,,,,,,,,,,,,,,,,,,,,,,,,,,,,,,,,,,,,,,,,,,,238000000.0,,,,,,,,,,,,,,,,,,,,,,,
ACA.PA,Credit Agricole,income_statement,2025-12-31,137385000.0,0.215,,639000000.0,639000000.0,7074000000.0,1343000000.0,,,,15309000000.0,31075000000.0,46384000000.0,6572385000.0,7074000000.0,,,,3027000000.0,3027000000.0,2.891972,2.891972,6598000000.0,6598000000.0,476000000.0,,7074000000.0,-979000000.0,8053000000.0,0.0,8053000000.0,2349000000.0,10402000000.0,-5000000.0,639000000.0,-666000000.0,3000000.0,,,,,,,15605000000.0,4988000000.0,1319000000.0,747000000.0,,,,26261000000.0,26261000000.0,572000000.0,,,,,,,,2163000000.0,24000000.0,,-862000000.0,,,,,,,,,,,,
ACA.PA,Credit Agricole,income_statement,2024-12-31,76109100.0,0.2371,,321000000.0,321000000.0,7087000000.0,1245000000.0,,,,14298000000.0,36918000000.0,51216000000.0,6842109100.0,7087000000.0,,,,3015082065.0,3015082065.0,2.109,2.109,6358000000.0,6358000000.0,729000000.0,,7087000000.0,-1067000000.0,8154000000.0,0.0,8154000000.0,2472000000.0,10626000000.0,-23000000.0,321000000.0,-320000000.0,3000000.0,,,,,,,14899000000.0,4918000000.0,1249000000.0,722000000.0,,,,25328000000.0,25328000000.0,527000000.0,,,,,,,,217000000.0,-4000000.0,,-832000000.0,,,,,,,,,,,,
ACA.PA,Credit Agricole,income_statement,2023-12-31,77479500.0,0.2355,,329000000.0,329000000.0,6351000000.0,1151000000.0,,,,14242000000.0,32223000000.0,46465000000.0,6097479500.0,6348000000.0,,,,3031055333.0,3031055333.0,1.943,1.943,5890000000.0,5890000000.0,458000000.0,,6348000000.0,-995000000.0,7343000000.0,-3000000.0,7346000000.0,2200000000.0,9546000000.0,-15000000.0,329000000.0,-304000000.0,-20000000.0,,,,,,,14145000000.0,5131000000.0,1155000000.0,700000000.0,,,,23454000000.0,23454000000.0,455000000.0,,,,,,,,-866000000.0,-3000000.0,,-821000000.0,,,,,,,,,,,,
ACA.PA,Credit Agricole,income_statement,2022-12-31,-3131700.0,0.2409,,-13000000.0,-13000000.0,5185000000.0,1104000000.0,,,,13047000000.0,12625000000.0,25672000000.0,5194868300.0,5306000000.0,,,,2989007006.0,2989007006.0,1.637,1.637,4894000000.0,4894000000.0,412000000.0,,5306000000.0,-880000000.0,6186000000.0,121000000.0,6065000000.0,1806000000.0,7871000000.0,-6000000.0,-13000000.0,17000000.0,-3000000.0,,,,,,,13260000000.0,5055000000.0,1105000000.0,716000000.0,,,,20646000000.0,20646000000.0,389000000.0,,,,,,,,-1025000000.0,-1000000.0,,-799000000.0,,,,,,,,,,,,
BN.PA,Danone,income_statement,2025-12-31,-209948000.0,0.292,5108000000.0,-719000000.0,-719000000.0,1825000000.0,1355000000.0,13473000000.0,4389000000.0,3034000000.0,-404000000.0,498000000.0,301000000.0,2334052000.0,1825000000.0,23566000000.0,,2940000000.0,645130545.0,643127462.0,2.82,2.82,1817000000.0,1817000000.0,8000000.0,0.0,1825000000.0,-63000000.0,1887000000.0,,1887000000.0,741000000.0,2536000000.0,-58000000.0,-719000000.0,63000000.0,,431000000.0,-404000000.0,207000000.0,498000000.0,301000000.0,3717000000.0,10093000000.0,50000000.0,,,,13810000000.0,13473000000.0,27283000000.0,27283000000.0,,479000000.0,9564000000.0,6568000000.0,2996000000.0,,,,,225000000.0,,,,,,,,,,,,,,
BN.PA,Danone,income_statement,2024-12-31,-19530000.0,0.31,4830000000.0,-63000000.0,,2021000000.0,1168000000.0,13769000000.0,4767000000.0,3599000000.0,-380000000.0,600000000.0,403000000.0,2064470000.0,2021000000.0,23910000000.0,,3379000000.0,644436743.0,643283916.0,3.13,3.14,2018000000.0,2018000000.0,3000000.0,0.0,2021000000.0,-79000000.0,2100000000.0,,2100000000.0,929000000.0,2999000000.0,-25000000.0,-63000000.0,-310000000.0,,322000000.0,-380000000.0,183000000.0,600000000.0,403000000.0,3466000000.0,10141000000.0,194000000.0,,,,13607000000.0,13769000000.0,27376000000.0,27376000000.0,,447000000.0,9500000000.0,6572000000.0,2928000000.0,,,,,51000000.0,,,,,,,,,,,,,,
BN.PA,Danone,income_statement,2023-12-31,0.0,0.25,5136000000.0,-1326000000.0,-1326000000.0,881000000.0,1611000000.0,14535000000.0,3810000000.0,2199000000.0,-357000000.0,513000000.0,341000000.0,881000000.0,881000000.0,24130000000.0,,2042000000.0,641738674.0,641030818.0,1.36,1.36,873000000.0,873000000.0,8000000.0,0.0,881000000.0,-72000000.0,953000000.0,,954000000.0,768000000.0,1686000000.0,-120000000.0,-1326000000.0,1128000000.0,,103000000.0,-357000000.0,185000000.0,513000000.0,341000000.0,3489000000.0,9595000000.0,161000000.0,,,,13084000000.0,14535000000.0,27619000000.0,27619000000.0,,398000000.0,9036000000.0,6288000000.0,2748000000.0,,,,,95000000.0,,,,,,,,,,,,,,
BN.PA,Danone,income_statement,2022-12-31,-268750000.0,0.25,5078000000.0,-1075000000.0,-1075000000.0,959000000.0,1863000000.0,14922000000.0,4003000000.0,2140000000.0,-310000000.0,308000000.0,155000000.0,1765250000.0,959000000.0,24410000000.0,,2143000000.0,639484607.0,639050821.0,1.48,1.48,945000000.0,945000000.0,14000000.0,0.0,959000000.0,-64000000.0,1023000000.0,,1022000000.0,778000000.0,1832000000.0,-33000000.0,-1075000000.0,-2000000.0,,419000000.0,-310000000.0,157000000.0,308000000.0,155000000.0,3251000000.0,9488000000.0,218000000.0,,,,12739000000.0,14922000000.0,27661000000.0,27661000000.0,,339000000.0,8931000000.0,6294000000.0,2637000000.0,,,,,658000000.0,,,,,,,,,,,,,,
BN.PA,Danone,income_statement,2021-12-31,,,,,-1074000000.0,,,,,,,,,,,,,,,,,,,,,,,,,,,,,,,,,,,,,,,,,,,,,,,,,,,,,,,,,,,,,,,,,,,,,,,
DSY.PA,Dassault Systemes,income_statement,2025-12-31,-7495800.0,0.186,2093500000.0,-40300000.0,-40300000.0,1196000000.0,552700000.0,1014600000.0,2053200000.0,1500500000.0,105400000.0,42100000.0,150000000.0,1228804200.0,1196000000.0,4841100000.0,,1354300000.0,1328450523.0,1317197563.0,0.9,0.91,1196000000.0,1196000000.0,0.0,,1196000000.0,8300000.0,1187600000.0,,1187600000.0,270800000.0,1458400000.0,-6400000.0,-40300000.0,,,40300000.0,105400000.0,2500000.0,42100000.0,150000000.0,1394600000.0,3826500000.0,6400000.0,337600000.0,337600000.0,,5221100000.0,1014600000.0,6235700000.0,6235700000.0,337600000.0,1323300000.0,2159200000.0,1697900000.0,461300000.0,,,,,,,,,,,,,,,,,,,
DSY.PA,Dassault Systemes,income_statement,2024-12-31,-3086853.856563,0.189378,2118400000.0,-16300000.0,-16300000.0,1200200000.0,575200000.0,1016300000.0,2102100000.0,1526900000.0,128100000.0,48900000.0,178900000.0,1213413146.143437,1200200000.0,4837700000.0,,1359600000.0,1333387463.0,1313306086.0,0.9,0.91,1200200000.0,1200200000.0,0.0,,1200200000.0,2100000.0,1198100000.0,,1198100000.0,279900000.0,1478000000.0,1200000.0,-16300000.0,,,16300000.0,128100000.0,1900000.0,48900000.0,178900000.0,1375900000.0,3821400000.0,-1200000.0,361600000.0,361600000.0,,5197300000.0,1016300000.0,6213600000.0,6213600000.0,361600000.0,1286200000.0,2174800000.0,1704300000.0,470500000.0,,,,,,,,,,,,,,,,,,,
DSY.PA,Dassault Systemes,income_statement,2023-12-31,-9321900.0,0.193,1931300000.0,-15300000.0,-48300000.0,1050900000.0,575000000.0,971000000.0,1916000000.0,1341000000.0,69700000.0,40100000.0,138400000.0,1122878100.0,1050900000.0,4661100000.0,,1241900000.0,1336796848.0,1315087124.0,0.79,0.8,1050900000.0,1050900000.0,0.0,,1050900000.0,700000.0,1050200000.0,,1050200000.0,250700000.0,1300900000.0,-7800000.0,-48300000.0,,,15300000.0,69700000.0,28600000.0,40100000.0,138400000.0,1290300000.0,3690100000.0,7800000.0,378900000.0,378900000.0,,4980400000.0,971000000.0,5951400000.0,5951400000.0,378900000.0,1228300000.0,2075100000.0,1624500000.0,450600000.0,,,,,,,,,,,,,,,,,,,
DSY.PA,Dassault Systemes,income_statement,2022-12-31,-3283200.0,0.288,1953800000.0,-11400000.0,-11400000.0,931500000.0,610800000.0,919300000.0,1942400000.0,1331600000.0,11800000.0,26000000.0,39800000.0,939616800.0,931500000.0,4350800000.0,,1302900000.0,1332663008.0,1312255968.0,0.7,0.71,931500000.0,931500000.0,0.0,,931500000.0,1300000.0,930200000.0,,930200000.0,375400000.0,1305600000.0,,-11400000.0,,,11400000.0,11800000.0,2000000.0,26000000.0,39800000.0,1314400000.0,3431500000.0,,401900000.0,401900000.0,,4745900000.0,919300000.0,5665200000.0,5665200000.0,401900000.0,1087200000.0,1937800000.0,1502600000.0,435200000.0,,,,,0.0,,,,,,,,,,,,,,
DSY.PA,Dassault Systemes,income_statement,2021-12-31,,,,,,,,,,,,,,,,,,,,,,,,,,,,,,,,,,,,,,,,,,,,,,,,,,,,,,,,,,,,,,2000000.0,,,,,,,,,,,,,,
EDEN.PA,Edenred,income_statement,2025-12-31,-24198000.0,0.327,1321000000.0,-74000000.0,-74000000.0,521000000.0,289000000.0,1169000000.0,1247000000.0,958000000.0,-39000000.0,,36000000.0,570802000.0,521000000.0,2003000000.0,,,235468077.0,235468077.0,2.212614,2.212614,521000000.0,521000000.0,0.0,,521000000.0,-43000000.0,564000000.0,,564000000.0,274000000.0,838000000.0,,-45000000.0,21000000.0,,24000000.0,-39000000.0,75000000.0,,36000000.0,958000000.0,834000000.0,568000000.0,266000000.0,56000000.0,,1792000000.0,1169000000.0,2961000000.0,2961000000.0,210000000.0,,,,,,,,,0.0,,,,,,,,,,,,,,
EDEN.PA,Edenred,income_statement,2024-12-31,-28928660.826033,0.317897,1265000000.0,-91000000.0,-91000000.0,507000000.0,245000000.0,1144000000.0,1174000000.0,929000000.0,-32000000.0,,37000000.0,569071339.173967,507000000.0,1927000000.0,,1040000000.0,240062526.0,240062526.0,2.11195,2.11195,507000000.0,507000000.0,0.0,,507000000.0,-38000000.0,545000000.0,,545000000.0,254000000.0,799000000.0,,-28000000.0,8000000.0,,17000000.0,-32000000.0,69000000.0,,37000000.0,929000000.0,783000000.0,558000000.0,225000000.0,58000000.0,,1712000000.0,1144000000.0,2856000000.0,2856000000.0,167000000.0,,,,,,,,,3000000.0,,,,,,,,,,,,,,
EDEN.PA,Edenred,income_statement,2023-12-31,-23500000.0,0.25,1110000000.0,-94000000.0,-94000000.0,267000000.0,346000000.0,958000000.0,1016000000.0,670000000.0,-38000000.0,,24000000.0,337500000.0,267000000.0,1844000000.0,,901000000.0,248955830.0,248955830.0,1.072479,1.072479,267000000.0,267000000.0,0.0,,267000000.0,-41000000.0,308000000.0,,308000000.0,226000000.0,534000000.0,,-40000000.0,,,39000000.0,-38000000.0,62000000.0,,24000000.0,670000000.0,886000000.0,693000000.0,193000000.0,52000000.0,,1556000000.0,958000000.0,2514000000.0,2514000000.0,141000000.0,,,,,,,,,1000000.0,,,,,,,,,,,,,,
EDEN.PA,Edenred,income_statement,2022-12-31,-7130000.0,0.31,827000000.0,-23000000.0,-23000000.0,386000000.0,164000000.0,791000000.0,804000000.0,640000000.0,-9000000.0,46000000.0,27000000.0,401870000.0,386000000.0,1391000000.0,,,264349000.0,248992939.0,1.46,1.55,386000000.0,386000000.0,0.0,,386000000.0,-31000000.0,417000000.0,,417000000.0,188000000.0,605000000.0,,-32000000.0,9000000.0,,13000000.0,-9000000.0,36000000.0,46000000.0,27000000.0,640000000.0,600000000.0,451000000.0,149000000.0,44000000.0,,1240000000.0,791000000.0,2031000000.0,2031000000.0,105000000.0,,,,,,,,,10000000.0,,,,,,,,,,,,,,
EDEN.PA,Edenred,income_statement,2021-12-31,,,,,,,,,,,,25000000.0,,,,,,,,,,,,,,,,,,,,,,,,19000000.0,36000000.0,,,,25000000.0,,,,,,,,,,,,,,,,,,,,,,,,,,,,,,,,,,,
ENGI.PA,Engie,income_statement,2025-12-31,-207060000.0,0.255,15116000000.0,-707000000.0,-812000000.0,3827000000.0,5516000000.0,49047000000.0,14409000000.0,8893000000.0,-2507000000.0,2575000000.0,64000000.0,4536940000.0,3827000000.0,62888000000.0,,8491000000.0,2443000000.0,2429000000.0,1.51,1.52,3688000000.0,3688000000.0,139000000.0,,3827000000.0,-921000000.0,4748000000.0,,4748000000.0,1570000000.0,6318000000.0,,-1382000000.0,-263000000.0,565000000.0,303000000.0,-2507000000.0,-4000000.0,2575000000.0,64000000.0,9056000000.0,13841000000.0,1521000000.0,5151000000.0,5151000000.0,,22897000000.0,49047000000.0,71944000000.0,71944000000.0,,,,,,,,,,672000000.0,,,,,,,,,,,,,,
ENGI.PA,Engie,income_statement,2024-12-31,-137782493.737824,0.308238,16525000000.0,-381000000.0,-447000000.0,4106000000.0,5991000000.0,49465000000.0,16144000000.0,10153000000.0,-2644000000.0,2967000000.0,306000000.0,4481217506.262176,4106000000.0,64373000000.0,,8970000000.0,2436000000.0,2425000000.0,1.65,1.66,4030000000.0,4030000000.0,76000000.0,,4106000000.0,-867000000.0,4973000000.0,,4973000000.0,2215000000.0,7186000000.0,,-1260000000.0,-288000000.0,259000000.0,369000000.0,-2644000000.0,-17000000.0,2967000000.0,306000000.0,9439000000.0,14908000000.0,2341000000.0,5129000000.0,5129000000.0,,24347000000.0,49465000000.0,73812000000.0,73812000000.0,,,,,,,,,,854000000.0,,,,,,,,,,,,,,
ENGI.PA,Engie,income_statement,2023-12-31,-1693208000.0,0.271,23590000000.0,-6154000000.0,-6248000000.0,2208000000.0,11020000000.0,56992000000.0,17436000000.0,6416000000.0,-2501000000.0,2478000000.0,106000000.0,6856792000.0,2208000000.0,70935000000.0,,11427000000.0,2433000000.0,2422000000.0,0.87,0.88,2129000000.0,2129000000.0,79000000.0,,2208000000.0,-695000000.0,2903000000.0,0.0,2903000000.0,1031000000.0,3938000000.0,,-6590000000.0,5022000000.0,275000000.0,47000000.0,-2501000000.0,129000000.0,2478000000.0,106000000.0,11631000000.0,13943000000.0,2449000000.0,4886000000.0,4886000000.0,,25574000000.0,56992000000.0,82566000000.0,82566000000.0,,,,,,,,,,1152000000.0,,,,,,,,,,,,,,
ENGI.PA,Engie,income_statement,2022-12-31,-266236421.72524,0.044196,13980000000.0,-6024000000.0,-6024000000.0,-1967000000.0,8057000000.0,74535000000.0,7956000000.0,-101000000.0,-1961000000.0,1777000000.0,69000000.0,3790763578.27476,216000000.0,88788000000.0,,1127000000.0,2420000000.0,2419985959.0,0.06,0.06,140000000.0,140000000.0,76000000.0,,216000000.0,-173000000.0,390000000.0,2183000000.0,-1793000000.0,-83000000.0,-1878000000.0,,-4964000000.0,1191000000.0,1304000000.0,230000000.0,-1961000000.0,253000000.0,1777000000.0,69000000.0,5076000000.0,14253000000.0,3223000000.0,4576000000.0,4576000000.0,,19329000000.0,74535000000.0,93864000000.0,93864000000.0,,,,,,,,,,2239000000.0,,,,,,,,,,,,,,
ENGI.PA,Engie,income_statement,2021-12-31,,,,,,,,,,,,,,,,,,,,,,,,,,,,,,80000000.0,,,,,,,,,,,,,,,,,,,,,,,,,,,,,,,,,,,,,,,,,,,,,,
EL.PA,EssilorLuxottica,income_statement,2025-12-31,705000.0,0.235,6596000000.0,3000000.0,3000000.0,2315000000.0,3090000000.0,11237000000.0,6599000000.0,3509000000.0,-264000000.0,314000000.0,85000000.0,2312705000.0,2315000000.0,25114000000.0,,3379000000.0,464669477.0,459018876.0,4.98,5.04,2315000000.0,2315000000.0,0.0,,2315000000.0,-128000000.0,2443000000.0,,2443000000.0,752000000.0,3195000000.0,,3000000.0,-3000000.0,,,-264000000.0,35000000.0,314000000.0,85000000.0,3377000000.0,13877000000.0,249000000.0,,,,17254000000.0,11237000000.0,28491000000.0,28491000000.0,,664000000.0,12980000000.0,10650000000.0,2330000000.0,,,,,,,,,,,,,,,,,,,
EL.PA,EssilorLuxottica,income_statement,2024-12-31,0.0,0.243,6593000000.0,,0.0,2359000000.0,3049000000.0,9702000000.0,6593000000.0,3544000000.0,-184000000.0,253000000.0,92000000.0,2359000000.0,2359000000.0,23060000000.0,,3448000000.0,460012730.0,453926761.0,5.13,5.2,2359000000.0,2359000000.0,0.0,,2359000000.0,-132000000.0,2491000000.0,,2491000000.0,800000000.0,3291000000.0,,0.0,,,,-184000000.0,23000000.0,253000000.0,92000000.0,3447000000.0,13358000000.0,252000000.0,,,,16805000000.0,9702000000.0,26508000000.0,26508000000.0,,630000000.0,12531000000.0,10338000000.0,2193000000.0,,,,,,,,,,,,,,,,,,,
EL.PA,EssilorLuxottica,income_statement,2023-12-31,0.0,0.2007,6123000000.0,-2000000.0,-2000000.0,2289000000.0,2972000000.0,9347000000.0,6123000000.0,3233000000.0,-134000000.0,116000000.0,85000000.0,2290598600.0,2289000000.0,22218000000.0,,3176000000.0,450765862.0,448066944.0,5.08,5.11,2289000000.0,2289000000.0,0.0,,2289000000.0,-137000000.0,2426000000.0,,2426000000.0,609000000.0,3035000000.0,,-2000000.0,2000000.0,,,-140000000.0,24000000.0,116000000.0,85000000.0,3179000000.0,12869000000.0,246000000.0,,,,16048000000.0,9347000000.0,25395000000.0,25395000000.0,,593000000.0,12051000000.0,9840000000.0,2211000000.0,,,,,,,,,,,,,,,,,,,
EL.PA,EssilorLuxottica,income_statement,2022-12-31,247700.0,0.2477,6108000000.0,1000000.0,1000000.0,2152000000.0,2921000000.0,8910000000.0,6109000000.0,3188000000.0,-148000000.0,156000000.0,26000000.0,2151247700.0,2152000000.0,21337000000.0,,3157000000.0,445659252.0,442049822.0,4.83,4.87,2152000000.0,2152000000.0,0.0,,2152000000.0,-128000000.0,2281000000.0,,2281000000.0,751000000.0,3032000000.0,60000000.0,1000000.0,-1000000.0,,,-148000000.0,18000000.0,156000000.0,26000000.0,3156000000.0,12427000000.0,219000000.0,,,,15584000000.0,8910000000.0,24494000000.0,24494000000.0,,600000000.0,11668000000.0,9552000000.0,2116000000.0,,,,,,,,,,,,,,,,,,,
EL.PA,EssilorLuxottica,income_statement,2021-12-31,,,,-2000000.0,,,,,,,,,,,,,,,,,,,,,,,,,,,,,,66000000.0,,2000000.0,,,,,,,,,,,,,,,,,,,,,,,,,,,,,,,,,,,,,,,,
ERF.PA,Eurofins Scientific,income_statement,2025-12-31,-11744800.0,0.277,1577200000.0,-43100000.0,-42400000.0,474800000.0,629500000.0,2326000000.0,1534100000.0,811200000.0,-146500000.0,157100000.0,10600000.0,504755200.0,474800000.0,6477800000.0,,,186500000.0,179800000.0,2.55,2.64,474800000.0,474800000.0,0.0,,474800000.0,1800000.0,473000000.0,,473000000.0,181100000.0,654100000.0,,-33700000.0,8900000.0,,16200000.0,-146500000.0,,157100000.0,10600000.0,818300000.0,4151800000.0,58600000.0,722900000.0,560500000.0,,4970100000.0,2326000000.0,7296100000.0,7296100000.0,162400000.0,,,,,,,,,9300000.0,,,,,,,,,,,,,,
ERF.PA,Eurofins Scientific,income_statement,2024-12-31,-12293300.0,0.269,1444800000.0,-48000000.0,-45700000.0,406400000.0,596900000.0,2238800000.0,1396800000.0,705400000.0,-131500000.0,150800000.0,19300000.0,437506700.0,406400000.0,6224800000.0,,,194500000.0,190600000.0,2.09,2.13,406400000.0,406400000.0,0.0,,406400000.0,900000.0,405500000.0,,405500000.0,149100000.0,554600000.0,,-45400000.0,23600000.0,,7000000.0,-131500000.0,,150800000.0,19300000.0,726200000.0,3986000000.0,46000000.0,691400000.0,527100000.0,,4712200000.0,2238800000.0,6951000000.0,6951000000.0,164300000.0,,,,,,,,,17100000.0,,,,,,,,,,,,,,
ERF.PA,Eurofins Scientific,income_statement,2023-12-31,-4695600.0,0.273,1234200000.0,-17200000.0,-17200000.0,310200000.0,565000000.0,2151100000.0,1217000000.0,552700000.0,-117800000.0,129400000.0,11600000.0,322704400.0,310200000.0,5967800000.0,,,197900000.0,192900000.0,1.57,1.61,310200000.0,310200000.0,0.0,,310200000.0,2500000.0,307800000.0,,307800000.0,115500000.0,423300000.0,,-16900000.0,1800000.0,,-14700000.0,-117800000.0,,129400000.0,11600000.0,546800000.0,3816700000.0,50300000.0,664300000.0,502300000.0,,4363500000.0,2151100000.0,6514600000.0,6514600000.0,162000000.0,,,,,,,,,29800000.0,,,,,,,,,,,,,,
ERF.PA,Eurofins Scientific,income_statement,2022-12-31,29525200.0,0.223,1362100000.0,132400000.0,132400000.0,610200000.0,504400000.0,2227000000.0,1494500000.0,885600000.0,-103900000.0,105600000.0,2200000.0,507325200.0,610200000.0,5928900000.0,,,199000000.0,192500000.0,3.07,3.17,610200000.0,610200000.0,0.0,,610200000.0,4400000.0,605800000.0,,605800000.0,174200000.0,780000000.0,,132700000.0,-141400000.0,,-4600000.0,-103900000.0,500000.0,105600000.0,2200000.0,783200000.0,3701900000.0,16400000.0,608900000.0,504400000.0,,4485100000.0,2227000000.0,6712100000.0,6712100000.0,104500000.0,,,,,,,,,13300000.0,,,,,,,,,,,,,,
ERF.PA,Eurofins Scientific,income_statement,2021-12-31,,,,,,,,,,,,,,,,,,,,,,,,,,,,,,,,,,,,,,,,92500000.0,,,,,,,,,,,,,,,,,,,,,,,,,,,,,,,,,,,,
RMS.PA,Hermes,income_statement,2025-12-31,-64462000.0,0.334,7949000000.0,-193000000.0,-193000000.0,4524000000.0,926000000.0,4623000000.0,7756000000.0,6830000000.0,271000000.0,55000000.0,300000000.0,4652538000.0,4524000000.0,9306000000.0,,6569000000.0,105036704.0,104836109.0,43.07,43.15,4524000000.0,4524000000.0,0.0,,4524000000.0,-36000000.0,4560000000.0,,4559000000.0,2263000000.0,6775000000.0,,-127000000.0,,127000000.0,,271000000.0,-26000000.0,55000000.0,300000000.0,6695000000.0,4683000000.0,43000000.0,729000000.0,729000000.0,,11378000000.0,4623000000.0,16001000000.0,16001000000.0,,,3704000000.0,,3704000000.0,,,,,,,,,,,,,,,,,,,
RMS.PA,Hermes,income_statement,2024-12-31,-50225000.0,0.287,7510000000.0,-175000000.0,-175000000.0,4603000000.0,844000000.0,4511000000.0,7335000000.0,6491000000.0,375000000.0,59000000.0,409000000.0,4727775000.0,4603000000.0,8938000000.0,,6150000000.0,104931312.0,104787036.0,43.87,43.93,4603000000.0,4603000000.0,0.0,,4603000000.0,-28000000.0,4631000000.0,,4631000000.0,1845000000.0,6432000000.0,,-83000000.0,,83000000.0,,375000000.0,-25000000.0,59000000.0,409000000.0,6232000000.0,4427000000.0,3000000.0,693000000.0,693000000.0,,10659000000.0,4511000000.0,15170000000.0,15170000000.0,,,3569000000.0,,3569000000.0,,,,,,,,,,,,,,,,,,,
RMS.PA,Hermes,income_statement,2023-12-31,-56693835.616438,0.277911,6872000000.0,-204000000.0,-204000000.0,4311000000.0,772000000.0,3720000000.0,6668000000.0,5896000000.0,289000000.0,56000000.0,335000000.0,4458306164.383562,4311000000.0,7672000000.0,,5650000000.0,104842483.0,104648079.0,41.12,41.19,4311000000.0,4311000000.0,0.0,,4311000000.0,-12000000.0,4322000000.0,,4322000000.0,1623000000.0,5840000000.0,,-106000000.0,,106000000.0,,289000000.0,-10000000.0,56000000.0,335000000.0,5755000000.0,3952000000.0,21000000.0,604000000.0,604000000.0,,9707000000.0,3720000000.0,13427000000.0,13427000000.0,,,3168000000.0,,3168000000.0,,,,,,,,,,,,,,,,,,,
RMS.PA,Hermes,income_statement,2022-12-31,-56682000.0,0.282,5611000000.0,-201000000.0,-201000000.0,3367000000.0,730000000.0,3389000000.0,5410000000.0,4680000000.0,16000000.0,45000000.0,67000000.0,3511318000.0,3367000000.0,6781000000.0,,4697000000.0,104936295.0,104564729.0,32.09,32.2,3367000000.0,3367000000.0,0.0,,3367000000.0,-13000000.0,3380000000.0,,3380000000.0,1305000000.0,4635000000.0,,-123000000.0,,123000000.0,,16000000.0,6000000.0,45000000.0,67000000.0,4820000000.0,3392000000.0,96000000.0,551000000.0,551000000.0,,8212000000.0,3389000000.0,11601000000.0,11601000000.0,,,2680000000.0,2155000000.0,2680000000.0,,,,,,,,,,,,,,,,,,,
RMS.PA,Hermes,income_statement,2021-12-31,,,,,,,,,,,,,,,,,,,,,,,,,,,,,,,,,,,,,,,,,,,,,,,,,,,,,,,,1715000000.0,,,,,,,,,,,,,,,,,,,,
KER.PA,Kering,income_statement,2025-12-31,-225625000.0,0.361,3457000000.0,-337000000.0,-625000000.0,-29000000.0,2044000000.0,4015000000.0,3120000000.0,1076000000.0,-561000000.0,623000000.0,69000000.0,658375000.0,72000000.0,13044000000.0,,1047000000.0,122728556.0,122604812.0,0.59,0.59,72000000.0,72000000.0,0.0,,72000000.0,-68000000.0,140000000.0,101000000.0,39000000.0,354000000.0,453000000.0,,-585000000.0,238000000.0,,59000000.0,-561000000.0,7000000.0,623000000.0,69000000.0,1631000000.0,9029000000.0,6252000000.0,,,,10660000000.0,4015000000.0,14675000000.0,14675000000.0,,,,,,,,,,,,,,,,,,,,,,,,
KER.PA,Kering,income_statement,2024-12-31,-81221000.0,0.283,4476000000.0,-176000000.0,-287000000.0,1025000000.0,2113000000.0,4480000000.0,4300000000.0,2187000000.0,-538000000.0,603000000.0,79000000.0,1341779000.0,1133000000.0,14434000000.0,,2198000000.0,122669341.0,122617597.0,9.24,9.24,1133000000.0,1133000000.0,0.0,,1133000000.0,-94000000.0,1227000000.0,108000000.0,1119000000.0,455000000.0,1584000000.0,,-243000000.0,57000000.0,,75000000.0,-538000000.0,14000000.0,,,2440000000.0,9954000000.0,7000000000.0,,,,12394000000.0,4480000000.0,16874000000.0,16874000000.0,,,,,,,,,,,,,,,,,,,,,,,,
KER.PA,Kering,income_statement,2023-12-31,-47950000.0,0.274,6672000000.0,-103000000.0,-175000000.0,2983000000.0,1823000000.0,4639000000.0,6417000000.0,4594000000.0,-275000000.0,361000000.0,102000000.0,3057701157.571462,2983000000.0,14820000000.0,,4746000000.0,122404596.0,122354389.0,24.37,24.38,2983000000.0,2983000000.0,0.0,,2983000000.0,-91000000.0,3074000000.0,0.0,3074000000.0,1163000000.0,4233000000.0,,-103000000.0,-81000000.0,,115000000.0,-275000000.0,16000000.0,361000000.0,102000000.0,4746000000.0,10181000000.0,7199000000.0,,,,14927000000.0,4639000000.0,19566000000.0,19566000000.0,,,,,,,,,,,,,,,,,,,,,,,,
KER.PA,Kering,income_statement,2022-12-31,-66998000.0,0.278,7182000000.0,-200000000.0,-241000000.0,3613000000.0,1666000000.0,5153000000.0,6982000000.0,5316000000.0,-186000000.0,181000000.0,10000000.0,3828002000.0,3614000000.0,14762000000.0,,5589000000.0,123294645.0,123159116.0,29.31,29.34,3614000000.0,3614000000.0,0.0,,3614000000.0,-104000000.0,3718000000.0,1000000.0,3717000000.0,1420000000.0,5135000000.0,,-195000000.0,89000000.0,41000000.0,65000000.0,-186000000.0,15000000.0,181000000.0,10000000.0,5589000000.0,9609000000.0,6779000000.0,,,,15198000000.0,5153000000.0,20351000000.0,20351000000.0,,,,,,,,,,,,,,,,,,,,,,,,
KER.PA,Kering,income_statement,2021-12-31,,,,,,,,,,,,,,,,,,,,,,,,,,,,,,,,,,,,,69100000.0,,,,152000000.0,8000000.0,,,,,,,,,,,,,,,,,,,,,,,,,,,,,,,,,,
OR.PA,L'Oreal,income_statement,2025-12-31,-59826600.0,0.243,10940600000.0,-246200000.0,-246200000.0,6127200000.0,1817400000.0,11313400000.0,10694400000.0,8877000000.0,-236100000.0,374800000.0,167700000.0,6313573400.0,6127200000.0,35160100000.0,,8891900000.0,535366634.0,533728223.0,11.44,11.48,6127200000.0,6127200000.0,0.0,,6127200000.0,-6500000.0,6133700000.0,,6133700000.0,2363100000.0,8502200000.0,-259100000.0,-246200000.0,37700000.0,,208500000.0,-236100000.0,29000000.0,374800000.0,167700000.0,8891900000.0,23846700000.0,,,,,32738600000.0,11313400000.0,44052000000.0,44052000000.0,,1380600000.0,22466100000.0,14177800000.0,8288300000.0,,,,,0.0,,,,,,,,,,,,,,
OR.PA,L'Oreal,income_statement,2024-12-31,-72427849.257076,0.238957,10975600000.0,-303100000.0,-303100000.0,6408700000.0,1855300000.0,11227000000.0,10672500000.0,8817200000.0,-264500000.0,384300000.0,148700000.0,6639372150.742924,6408700000.0,34799300000.0,,8687500000.0,536078431.0,534503753.0,11.95,11.99,6408700000.0,6408700000.0,0.0,,6408700000.0,-7800000.0,6416500000.0,,6416500000.0,2015100000.0,8432900000.0,-134600000.0,-303100000.0,15200000.0,,237100000.0,-264500000.0,28900000.0,384300000.0,148700000.0,8687500000.0,23572300000.0,,,,,32259800000.0,11227000000.0,43486800000.0,43486800000.0,,1354700000.0,22217600000.0,14008900000.0,8208700000.0,,,,,50800000.0,,,,,,,,,,,,,,
OR.PA,L'Oreal,income_statement,2023-12-31,-82779337.582802,0.226297,10310700000.0,-365800000.0,-365800000.0,6184000000.0,1715000000.0,10767000000.0,9944900000.0,8229900000.0,-116100000.0,228900000.0,162100000.0,6467020662.417198,6184000000.0,33039200000.0,,8143300000.0,537021039.0,535428641.0,11.52,11.55,6184000000.0,6184000000.0,0.0,,6184000000.0,-6500000.0,6190500000.0,,6190500000.0,1810600000.0,8001000000.0,-84100000.0,-365800000.0,6700000.0,,88500000.0,-116100000.0,49300000.0,228900000.0,162100000.0,8143300000.0,22272200000.0,,,,,30415500000.0,10767000000.0,41182500000.0,41182500000.0,,1288900000.0,20983300000.0,13356600000.0,7626700000.0,,,,,270600000.0,,,,,,,,,,,,,,
OR.PA,L'Oreal,income_statement,2022-12-31,-54656479.121226,0.249573,9442600000.0,-219000000.0,-219000000.0,5706600000.0,1536100000.0,10577400000.0,9223600000.0,7687500000.0,-72900000.0,76900000.0,69800000.0,5870943520.878774,5706600000.0,30803800000.0,,7456900000.0,537657548.0,535898659.0,10.61,10.65,5706600000.0,5706600000.0,0.0,,5706600000.0,-6000000.0,5712600000.0,,5712600000.0,1899400000.0,7610600000.0,-22500000.0,-219000000.0,7400000.0,,172600000.0,-72900000.0,65800000.0,76900000.0,69800000.0,7456800000.0,20226400000.0,,,,,27683200000.0,10577400000.0,38260600000.0,38260600000.0,,1138600000.0,19087800000.0,12059000000.0,7028800000.0,,,,,39000000.0,,,,,,,,,,,,,,
OR.PA,L'Oreal,income_statement,2021-12-31,,,,,,,,,,,,,,,,,,,,,,,,,,,,,,,,,,,,,-44200000.0,,,,,,,,,,,,,,,,,,,,,,,,,,,,,,,,,,,,,,,
LR.PA,Legrand,income_statement,2025-12-31,0.0,0.259,2268100000.0,,,1244600000.0,409100000.0,4662000000.0,2268100000.0,1859000000.0,-92200000.0,167900000.0,75700000.0,1244600000.0,1244600000.0,7672100000.0,,1808500000.0,266435233.0,262029398.0,4.705,4.75,1244600000.0,1244600000.0,0.0,,1244600000.0,-7700000.0,1252300000.0,,1252300000.0,438800000.0,1691100000.0,,,,,,-92200000.0,,167900000.0,75700000.0,1808500000.0,3010100000.0,152300000.0,,,,4818600000.0,4662000000.0,9480600000.0,9480600000.0,,409300000.0,2448500000.0,,2448500000.0,,,,,,,,,,,,,,,,,,,
LR.PA,Legrand,income_statement,2024-12-31,0.0,0.259,2111500000.0,,,1166400000.0,379700000.0,4182800000.0,2111500000.0,1731800000.0,-50900000.0,153900000.0,103000000.0,1166400000.0,1166400000.0,7006200000.0,,1642700000.0,263709361.0,261976092.0,4.423,4.452,1166400000.0,1166400000.0,0.0,,1166400000.0,-2500000.0,1168900000.0,,1168900000.0,409000000.0,1577900000.0,,,,,,-50900000.0,,153900000.0,103000000.0,1642700000.0,2823400000.0,139700000.0,,,,4466100000.0,4182800000.0,8648900000.0,8648900000.0,,406100000.0,2277600000.0,,2277600000.0,,,,,,,,,,,,,,,,,,,
LR.PA,Legrand,income_statement,2023-12-31,0.0,0.258841,2040700000.0,,,1148500000.0,370100000.0,4018000000.0,2040700000.0,1670600000.0,-33400000.0,121000000.0,87600000.0,1148500000.0,1148500000.0,6825300000.0,,1591600000.0,266853396.0,265083085.0,4.304,4.333,1148500000.0,1148500000.0,0.0,,1148500000.0,0.0,1148500000.0,,1148500000.0,401100000.0,1549600000.0,,,,,,-33400000.0,,121000000.0,87600000.0,1591600000.0,2807300000.0,234800000.0,,,,4398900000.0,4018000000.0,8416900000.0,8416900000.0,,376300000.0,2196200000.0,,2196200000.0,,,,,,,,,,,,,,,,,,,
LR.PA,Legrand,income_statement,2022-12-31,0.0,0.277,1876100000.0,,,999500000.0,384200000.0,4192700000.0,1876100000.0,1491900000.0,-62800000.0,108600000.0,45800000.0,999500000.0,999500000.0,6892900000.0,,1446500000.0,268284732.0,266608415.0,3.726,3.749,999500000.0,999500000.0,0.0,,999500000.0,0.0,999500000.0,,999500000.0,383800000.0,1383300000.0,,,,,,-62800000.0,,108600000.0,45800000.0,1446500000.0,2700200000.0,288200000.0,,,,4146700000.0,4192700000.0,8339400000.0,8339400000.0,,357400000.0,2054600000.0,,2054600000.0,,,,,,,,,,,,,,,,,,,
MC.PA,LVMH,income_statement,2025-12-31,-37720000.0,0.328,25965000000.0,-115000000.0,-115000000.0,10878000000.0,8001000000.0,27279000000.0,25850000000.0,17849000000.0,-951000000.0,1151000000.0,249000000.0,10955280000.0,10878000000.0,63139000000.0,,17099000000.0,497976118.0,497650238.0,21.85,21.86,10878000000.0,10878000000.0,0.0,,10878000000.0,-344000000.0,11222000000.0,,11222000000.0,5476000000.0,16698000000.0,,-645000000.0,-127000000.0,,52000000.0,-951000000.0,49000000.0,1151000000.0,249000000.0,17668000000.0,35860000000.0,12000000.0,,,,53528000000.0,27279000000.0,80807000000.0,80807000000.0,,,35848000000.0,29914000000.0,5934000000.0,,,,,720000000.0,,,,,,,,,,,,,,
MC.PA,LVMH,income_statement,2024-12-31,-142215000.0,0.285,27593000000.0,-499000000.0,-499000000.0,12550000000.0,7796000000.0,27918000000.0,27094000000.0,19298000000.0,-1003000000.0,1186000000.0,231000000.0,12906785000.0,12550000000.0,65105000000.0,,18907000000.0,499681046.0,499412515.0,25.12,25.13,12550000000.0,12550000000.0,0.0,,12550000000.0,-408000000.0,12958000000.0,,12958000000.0,5157000000.0,18112000000.0,,-701000000.0,199000000.0,,80000000.0,-1003000000.0,48000000.0,1186000000.0,231000000.0,19577000000.0,37187000000.0,,,,,56764000000.0,27918000000.0,84682000000.0,84682000000.0,,,37222000000.0,31002000000.0,6220000000.0,,,,,422000000.0,,,,,,,,,,,,,,
MC.PA,LVMH,income_statement,2023-12-31,-95223296.032553,0.262323,30139000000.0,-363000000.0,-363000000.0,15174000000.0,7177000000.0,26876000000.0,29776000000.0,22599000000.0,-804000000.0,973000000.0,212000000.0,15441776703.967447,15174000000.0,63372000000.0,,22560000000.0,500304316.0,500056586.0,30.33,30.34,15174000000.0,15174000000.0,0.0,,15174000000.0,-778000000.0,15952000000.0,,15952000000.0,5673000000.0,21626000000.0,,-230000000.0,102000000.0,,23000000.0,-804000000.0,43000000.0,973000000.0,212000000.0,22781000000.0,36496000000.0,14000000.0,,,,59277000000.0,26876000000.0,86153000000.0,86153000000.0,,,36482000000.0,30768000000.0,5714000000.0,,,,,105000000.0,,,,,,,,,,,,,,
MC.PA,LVMH,income_statement,2022-12-31,-169545000.0,0.267,27356000000.0,-635000000.0,-635000000.0,14084000000.0,6226000000.0,24988000000.0,26721000000.0,20495000000.0,-311000000.0,382000000.0,113000000.0,14549455000.0,14084000000.0,58169000000.0,,21001000000.0,502480100.0,502120694.0,28.03,28.05,14084000000.0,14084000000.0,0.0,,14084000000.0,-667000000.0,14751000000.0,,14751000000.0,5362000000.0,20113000000.0,,-282000000.0,210000000.0,,22000000.0,-311000000.0,42000000.0,382000000.0,113000000.0,21014000000.0,33181000000.0,3000000.0,,,,54195000000.0,24988000000.0,79183000000.0,79183000000.0,,,33178000000.0,28151000000.0,5027000000.0,,,,,50000000.0,,,,,,,,,,,,,,
MC.PA,LVMH,income_statement,2021-12-31,,,,,,,,,,,,,,,,,,,,,,,,,,,,,,,,,,,,,,,,,,,,,16000000.0,,,,,,,,,,,,,,,,,,,,,,,,,,,,,,,
ML.PA,Michelin,income_statement,2025-12-31,-55756000.0,0.263,4860000000.0,-212000000.0,-212000000.0,1665000000.0,2036000000.0,18973000000.0,4648000000.0,2612000000.0,-264000000.0,354000000.0,104000000.0,1821244000.0,1665000000.0,23368000000.0,,2366000000.0,713093000.0,704969648.0,2.33,2.36,1662000000.0,1662000000.0,3000000.0,,1665000000.0,1000000.0,1664000000.0,,1664000000.0,594000000.0,2258000000.0,,-258000000.0,,,155000000.0,-264000000.0,14000000.0,354000000.0,104000000.0,2624000000.0,4395000000.0,,93000000.0,0.0,,7019000000.0,18973000000.0,25992000000.0,25992000000.0,93000000.0,788000000.0,3441000000.0,1176000000.0,2265000000.0,,,,,103000000.0,,,,,,,,,,,,,,
ML.PA,Michelin,income_statement,2024-12-31,-111911000.0,0.227,5318000000.0,-493000000.0,-493000000.0,1884000000.0,2085000000.0,19445000000.0,4825000000.0,2740000000.0,-171000000.0,295000000.0,141000000.0,2265089000.0,1884000000.0,24006000000.0,,2631000000.0,713207547.0,713207547.0,2.65,2.65,1882000000.0,1882000000.0,2000000.0,,1884000000.0,-6000000.0,1890000000.0,,1890000000.0,555000000.0,2445000000.0,,-556000000.0,,,382000000.0,-171000000.0,17000000.0,295000000.0,141000000.0,3187000000.0,4561000000.0,70000000.0,102000000.0,0.0,,7748000000.0,19445000000.0,27193000000.0,27193000000.0,102000000.0,786000000.0,3494000000.0,1204000000.0,2290000000.0,,,,,174000000.0,,,,,,,,,,,,,,
ML.PA,Michelin,income_statement,2023-12-31,-157284000.0,0.204,5656000000.0,-771000000.0,-771000000.0,1983000000.0,2008000000.0,20395000000.0,4885000000.0,2877000000.0,-226000000.0,387000000.0,130000000.0,2596716000.0,1983000000.0,24897000000.0,,2652000000.0,715884477.0,715884477.0,2.77,2.77,1980000000.0,1980000000.0,3000000.0,,1983000000.0,0.0,1983000000.0,,1983000000.0,507000000.0,2490000000.0,,-794000000.0,,,522000000.0,-226000000.0,-31000000.0,387000000.0,130000000.0,3446000000.0,4502000000.0,75000000.0,91000000.0,0.0,,7948000000.0,20395000000.0,28343000000.0,28343000000.0,91000000.0,756000000.0,3546000000.0,1210000000.0,2336000000.0,,,,,272000000.0,,,,,,,,,,,,,,
ML.PA,Michelin,income_statement,2022-12-31,-6820783.13253,0.243599,4976000000.0,-28000000.0,-28000000.0,2001000000.0,1944000000.0,21052000000.0,4948000000.0,3004000000.0,-328000000.0,348000000.0,12000000.0,2022179216.86747,2001000000.0,25460000000.0,,3021000000.0,717250000.0,713400033.0,2.79,2.81,2001000000.0,2001000000.0,0.0,,2001000000.0,-8000000.0,2009000000.0,,2009000000.0,647000000.0,2656000000.0,,-109000000.0,,,73000000.0,-328000000.0,-8000000.0,348000000.0,12000000.0,3130000000.0,4408000000.0,176000000.0,78000000.0,0.0,,7538000000.0,21052000000.0,28590000000.0,28590000000.0,78000000.0,698000000.0,3418000000.0,1174000000.0,2244000000.0,,,,,36000000.0,,,,,,,,,,,,,,
ML.PA,Michelin,income_statement,2021-12-31,,,,,,,,,,,,,,,,,,,,,,,,,,,,,,,,,,,,,,,,,,,,,46000000.0,,,,,,,,,,,,,,,,,,,,,,,,,,,,,,,
ORA.PA,Orange,income_statement,2025-12-31,-148500000.0,0.25,12320000000.0,-262000000.0,-594000000.0,496000000.0,8433000000.0,16388000000.0,12058000000.0,3508000000.0,-1214000000.0,1341000000.0,37000000.0,1273500000.0,538000000.0,36237000000.0,85000000.0,3422000000.0,2660272101.0,2658219044.0,0.14,0.14,369000000.0,369000000.0,169000000.0,,538000000.0,-601000000.0,1139000000.0,42000000.0,1097000000.0,1070000000.0,2167000000.0,13000000.0,-602000000.0,-141000000.0,,345000000.0,-1214000000.0,-90000000.0,1341000000.0,37000000.0,4160000000.0,19849000000.0,2292000000.0,8550000000.0,6538000000.0,,24009000000.0,16388000000.0,40397000000.0,40397000000.0,2012000000.0,,-9840000000.0,,-9840000000.0,,,,,66000000.0,,,0.0,,,,,,,,,,,
ORA.PA,Orange,income_statement,2024-12-31,-218861447.270931,0.334651,13948000000.0,-654000000.0,-654000000.0,2143000000.0,7933000000.0,16649000000.0,13294000000.0,5361000000.0,-953000000.0,1312000000.0,71000000.0,2578138552.729069,2350000000.0,34233000000.0,100000000.0,5116000000.0,2659826500.0,2658606474.0,0.82,0.82,2173000000.0,2173000000.0,177000000.0,,2350000000.0,-552000000.0,2902000000.0,207000000.0,2695000000.0,1355000000.0,4049000000.0,18000000.0,-288000000.0,75000000.0,,151000000.0,-953000000.0,-288000000.0,1312000000.0,71000000.0,6026000000.0,17584000000.0,2067000000.0,7891000000.0,5897000000.0,,23610000000.0,16649000000.0,40259000000.0,40259000000.0,1994000000.0,,-8458000000.0,,-8458000000.0,,,,,62000000.0,,,0.0,,,,,,,,,,,
ORA.PA,Orange,income_statement,2023-12-31,-132575757.575758,0.245511,14241000000.0,-540000000.0,-540000000.0,2237000000.0,8834000000.0,16762000000.0,13701000000.0,4867000000.0,-981000000.0,1303000000.0,155000000.0,2644424242.424242,2440000000.0,34528000000.0,111000000.0,4731000000.0,2660521198.0,2659184216.0,0.85,0.85,2265000000.0,2265000000.0,175000000.0,,2440000000.0,-451000000.0,2892000000.0,203000000.0,2688000000.0,875000000.0,3564000000.0,16000000.0,-539000000.0,-50000000.0,,473000000.0,-981000000.0,-167000000.0,1303000000.0,155000000.0,5149000000.0,17766000000.0,1928000000.0,7747000000.0,5786000000.0,,22915000000.0,16762000000.0,39677000000.0,39677000000.0,1961000000.0,,9018000000.0,,9018000000.0,-581000000.0,,-29000000.0,-51000000.0,116000000.0,,,0.0,91000000.0,,1747000000.0,218000000.0,8963000000.0,9018000000.0,,,,,
ORA.PA,Orange,income_statement,2022-12-31,-304507850.707851,0.337967,13412000000.0,-84000000.0,-901000000.0,2101000000.0,8542000000.0,16164000000.0,13328000000.0,4786000000.0,-683000000.0,901000000.0,124000000.0,3514492149.292149,2146000000.0,33552000000.0,134000000.0,4789000000.0,2686831119.0,2658328369.0,0.73,0.73,1957000000.0,1946000000.0,200000000.0,,2146000000.0,-471000000.0,2617000000.0,45000000.0,2572000000.0,1313000000.0,3885000000.0,12000000.0,-975000000.0,-109000000.0,,157000000.0,-683000000.0,-94000000.0,901000000.0,124000000.0,5576000000.0,17388000000.0,1926000000.0,7372000000.0,5404000000.0,,22964000000.0,16164000000.0,39128000000.0,39128000000.0,1968000000.0,,8920000000.0,,8920000000.0,-997000000.0,,-2000000.0,-46000000.0,110000000.0,,,12000000.0,159000000.0,107000000.0,1834000000.0,206000000.0,8649000000.0,8920000000.0,,,,,
ORA.PA,Orange,income_statement,2021-12-31,,,,,,,,,,,,,,,,,,,,,,,,,,,,,,,,,,,,,,,,,,,,,,,,,,,,,,,,,,-1731000000.0,,3000000.0,2500000000.0,,,,,52000000.0,84000000.0,1882000000.0,213000000.0,8639000000.0,9917000000.0,,,,,
RI.PA,Pernod Ricard,income_statement,2025-06-30,-51480000.0,0.26,3386000000.0,-198000000.0,-198000000.0,1626000000.0,422000000.0,4443000000.0,3188000000.0,2766000000.0,-461000000.0,515000000.0,92000000.0,1772520000.0,1626000000.0,8018000000.0,,2743000000.0,252011273.0,251515214.0,6.45,6.47,1626000000.0,1626000000.0,0.0,,1626000000.0,-48000000.0,1674000000.0,0.0,1674000000.0,574000000.0,2251000000.0,,-198000000.0,20000000.0,,136000000.0,-461000000.0,38000000.0,515000000.0,92000000.0,2941000000.0,3575000000.0,1896000000.0,,,,6516000000.0,4443000000.0,10959000000.0,10959000000.0,,,1679000000.0,1679000000.0,,,,,,42000000.0,,,,,,,,,,,,,,
RI.PA,Pernod Ricard,income_statement,2024-06-30,-126720000.0,0.33,3572000000.0,-384000000.0,-384000000.0,1476000000.0,441000000.0,4623000000.0,3188000000.0,2747000000.0,-419000000.0,458000000.0,68000000.0,1733280000.0,1476000000.0,8489000000.0,,2724000000.0,253188307.0,252595588.0,5.83,5.84,1476000000.0,1476000000.0,0.0,,1476000000.0,-38000000.0,1514000000.0,0.0,1516000000.0,766000000.0,2289000000.0,,-384000000.0,-257000000.0,,142000000.0,-419000000.0,29000000.0,458000000.0,68000000.0,3109000000.0,3866000000.0,1994000000.0,,,,6975000000.0,4623000000.0,11598000000.0,11598000000.0,,,1872000000.0,1872000000.0,,,,,,499000000.0,,,,,,,,,,,,,,
RI.PA,Pernod Ricard,income_statement,2023-06-30,-12100000.0,0.22,3689000000.0,-55000000.0,-55000000.0,2262000000.0,417000000.0,4891000000.0,3634000000.0,3217000000.0,-297000000.0,279000000.0,7000000.0,2304900000.0,2262000000.0,8817000000.0,,3265000000.0,256878253.0,256048280.0,8.81,8.84,2262000000.0,2262000000.0,0.0,,2262000000.0,-21000000.0,2283000000.0,0.0,2283000000.0,651000000.0,2938000000.0,,-55000000.0,-143000000.0,,163000000.0,-297000000.0,25000000.0,279000000.0,7000000.0,3320000000.0,3926000000.0,1987000000.0,,,,7246000000.0,4891000000.0,12137000000.0,12137000000.0,,,1939000000.0,1939000000.0,,,,,,35000000.0,,,,,,,,,,,,,,
RI.PA,Pernod Ricard,income_statement,2022-06-30,-14500000.0,0.25,3390000000.0,-58000000.0,-58000000.0,1996000000.0,381000000.0,4228000000.0,3332000000.0,2951000000.0,-238000000.0,248000000.0,48000000.0,2039500000.0,1996000000.0,7682000000.0,,2963000000.0,259719441.0,259031734.0,7.69,7.71,1996000000.0,1996000000.0,0.0,,1996000000.0,-35000000.0,2031000000.0,0.0,2032000000.0,676000000.0,2703000000.0,-5000000.0,-58000000.0,25000000.0,,23000000.0,-238000000.0,38000000.0,248000000.0,48000000.0,3019000000.0,3454000000.0,1756000000.0,,,,6473000000.0,4228000000.0,10701000000.0,10701000000.0,,,1698000000.0,1698000000.0,,,,,,10000000.0,,,,,,,,,,,,,,
PUB.PA,Publicis,income_statement,2025-12-31,-52459000.0,0.251,3380000000.0,-209000000.0,-209000000.0,1653000000.0,732000000.0,,3171000000.0,2439000000.0,-123000000.0,201000000.0,87000000.0,1809541000.0,1653000000.0,14812000000.0,,2394000000.0,253343182.0,251135472.0,6.52,6.58,1653000000.0,1653000000.0,0.0,,1653000000.0,-8000000.0,1661000000.0,,1661000000.0,577000000.0,2238000000.0,-5000000.0,-252000000.0,5000000.0,37000000.0,210000000.0,-123000000.0,9000000.0,201000000.0,87000000.0,2587000000.0,14812000000.0,4641000000.0,732000000.0,451000000.0,,,,17399000000.0,17399000000.0,281000000.0,,,,,,,,,37000000.0,,,0.0,,,,,,,,,,,
PUB.PA,Publicis,income_statement,2024-12-31,-36853000.0,0.269,3286000000.0,-133000000.0,-137000000.0,1660000000.0,729000000.0,,3153000000.0,2424000000.0,-79000000.0,206000000.0,135000000.0,1764147000.0,1660000000.0,13609000000.0,,2214000000.0,253565798.0,250677462.0,6.55,6.62,1660000000.0,1660000000.0,0.0,,1660000000.0,-9000000.0,1669000000.0,,1669000000.0,549000000.0,2218000000.0,14000000.0,-186000000.0,-1000000.0,86000000.0,101000000.0,-79000000.0,8000000.0,206000000.0,135000000.0,2421000000.0,13609000000.0,3792000000.0,729000000.0,441000000.0,,,,16030000000.0,16030000000.0,288000000.0,,,,,,,,,82000000.0,,,0.0,,,,,,,,,,,
PUB.PA,Publicis,income_statement,2023-12-31,-48923000.0,0.241,2883000000.0,-197000000.0,-203000000.0,1312000000.0,903000000.0,,2686000000.0,1936000000.0,-59000000.0,120000000.0,152000000.0,1472077000.0,1312000000.0,12596000000.0,,1740000000.0,253999363.0,250706485.0,5.17,5.23,1312000000.0,1312000000.0,0.0,,1312000000.0,-10000000.0,1322000000.0,,1322000000.0,415000000.0,1737000000.0,-206000000.0,-248000000.0,-4000000.0,153000000.0,99000000.0,-59000000.0,12000000.0,120000000.0,152000000.0,2095000000.0,12596000000.0,3443000000.0,750000000.0,482000000.0,,,,14802000000.0,14802000000.0,323000000.0,,,,,,,,,147000000.0,,,,,,,,,,,,,,
PUB.PA,Publicis,income_statement,2022-12-31,-71672000.0,0.248,2936000000.0,-261000000.0,-289000000.0,1222000000.0,822000000.0,,2675000000.0,1853000000.0,-111000000.0,205000000.0,101000000.0,1467328000.0,1222000000.0,12135000000.0,,1767000000.0,253605167.0,250972110.0,4.82,4.87,1222000000.0,1222000000.0,0.0,,1222000000.0,0.0,1222000000.0,,1222000000.0,431000000.0,1648000000.0,2000000.0,-298000000.0,105000000.0,,84000000.0,-111000000.0,7000000.0,205000000.0,101000000.0,2061000000.0,12135000000.0,3184000000.0,822000000.0,467000000.0,,,,14196000000.0,14196000000.0,355000000.0,,,,,,,,,81000000.0,,,,,,,,,,,,,,
RNO.PA,Renault,income_statement,2025-12-31,-2893000000.0,0.25,5933000000.0,-11572000000.0,-11572000000.0,-10931000000.0,4239000000.0,46875000000.0,-5639000000.0,-9878000000.0,-252000000.0,395000000.0,281000000.0,-2252000000.0,-10931000000.0,54290000000.0,,-7867000000.0,273380000.0,273380000.0,-39.99,-39.99,-10931000000.0,-10931000000.0,0.0,,-10931000000.0,-136000000.0,-10795000000.0,,-10795000000.0,522000000.0,-10273000000.0,,-11572000000.0,10230000000.0,,447000000.0,-252000000.0,138000000.0,395000000.0,281000000.0,3632000000.0,7415000000.0,,,,,11047000000.0,46875000000.0,57922000000.0,57922000000.0,,2172000000.0,5243000000.0,,5243000000.0,,,,,895000000.0,,,,,,,,,,,,,,
RNO.PA,Renault,income_statement,2024-12-31,-387000000.0,0.18,7250000000.0,-2150000000.0,-2150000000.0,752000000.0,3183000000.0,44500000000.0,5100000000.0,1917000000.0,-167000000.0,379000000.0,440000000.0,2515000000.0,752000000.0,51969000000.0,,2576000000.0,289902395.0,289902395.0,2.593977,2.593977,752000000.0,752000000.0,0.0,,752000000.0,-139000000.0,891000000.0,,891000000.0,647000000.0,1538000000.0,,-2150000000.0,1539000000.0,,304000000.0,-167000000.0,228000000.0,379000000.0,440000000.0,4263000000.0,7469000000.0,189000000.0,,,,11732000000.0,44500000000.0,56232000000.0,56232000000.0,,2274000000.0,5195000000.0,,5195000000.0,,,,,307000000.0,,,,,,,,,,,,,,
RNO.PA,Renault,income_statement,2023-12-31,-378360000.0,0.18,8496000000.0,-2102000000.0,-2102000000.0,2198000000.0,3188000000.0,41414000000.0,6394000000.0,3206000000.0,-144000000.0,368000000.0,414000000.0,3921640000.0,2198000000.0,48259000000.0,,2485000000.0,275141000.0,271009000.0,7.99,8.11,2198000000.0,2198000000.0,0.0,,2198000000.0,-117000000.0,2315000000.0,0.0,2315000000.0,523000000.0,2838000000.0,,-2102000000.0,1212000000.0,,389000000.0,-144000000.0,190000000.0,368000000.0,414000000.0,4117000000.0,6845000000.0,180000000.0,,,,10962000000.0,41414000000.0,52376000000.0,52376000000.0,,2144000000.0,4701000000.0,,4701000000.0,,,,,501000000.0,,,,,,,,,,,,,,
RNO.PA,Renault,income_statement,2022-12-31,-229090000.0,0.31,6769000000.0,-739000000.0,-739000000.0,1966000000.0,3532000000.0,37111000000.0,6030000000.0,2498000000.0,-270000000.0,370000000.0,168000000.0,2475910000.0,-354000000.0,43690000000.0,,2191000000.0,274251000.0,272097000.0,-1.3,-1.3,-354000000.0,-354000000.0,0.0,,-354000000.0,362000000.0,-716000000.0,-2320000000.0,1604000000.0,524000000.0,2128000000.0,,-739000000.0,128000000.0,,354000000.0,-270000000.0,68000000.0,370000000.0,168000000.0,2638000000.0,6579000000.0,,,,,9217000000.0,37111000000.0,46328000000.0,46328000000.0,,2125000000.0,4522000000.0,4526000000.0,4522000000.0,,,,,257000000.0,,,,,,,,,,,,,,
RNO.PA,Renault,income_statement,2021-12-31,,,,,,,,,,,,,,,,,,,,,,,,,,,,,,418000000.0,,,,,,,,,,,,,,,169000000.0,,,,,,,,,,,4473000000.0,,,,,,,,,,,,,,,,,,,,
SAF.PA,Safran,income_statement,2025-12-31,1528901500.0,0.2905,6619000000.0,5263000000.0,5263000000.0,7177000000.0,1478000000.0,16555000000.0,11882000000.0,10404000000.0,93000000.0,135000000.0,215000000.0,3442901500.0,7177000000.0,26597000000.0,,4308000000.0,417883086.0,417883086.0,17.17,17.17,7177000000.0,7177000000.0,,,7177000000.0,-109000000.0,7286000000.0,,7286000000.0,2983000000.0,10269000000.0,-12000000.0,-484000000.0,17000000.0,428000000.0,39000000.0,93000000.0,-13000000.0,135000000.0,215000000.0,4592000000.0,10042000000.0,172000000.0,1478000000.0,775000000.0,,14634000000.0,16555000000.0,31189000000.0,31189000000.0,703000000.0,,,,,,,,,0.0,,,,,,,,,,,,,,
SAF.PA,Safran,income_statement,2024-12-31,-1527702600.0,0.3306,5297000000.0,-4621000000.0,-4621000000.0,-667000000.0,1406000000.0,14445000000.0,676000000.0,-730000000.0,99000000.0,129000000.0,249000000.0,2426297400.0,-667000000.0,23726000000.0,,4192000000.0,420722353.0,416149530.0,-1.6,-1.6,-665000000.0,-667000000.0,,,-667000000.0,-92000000.0,-575000000.0,,-575000000.0,-284000000.0,-859000000.0,39000000.0,24000000.0,-83000000.0,-19000000.0,76000000.0,99000000.0,21000000.0,129000000.0,249000000.0,3990000000.0,9281000000.0,334000000.0,1406000000.0,720000000.0,,13271000000.0,14445000000.0,27716000000.0,27716000000.0,686000000.0,,,,,,,,,2000000.0,,,2000000.0,,,,,,,,,,,
SAF.PA,Safran,income_statement,2023-12-31,437969000.0,0.259,4701000000.0,1691000000.0,1691000000.0,3444000000.0,1484000000.0,12592000000.0,6392000000.0,4908000000.0,90000000.0,152000000.0,230000000.0,2190969000.0,3444000000.0,20477000000.0,,3309000000.0,431373561.0,417795492.0,4.7,4.85,3480000000.0,3444000000.0,,,3444000000.0,-76000000.0,3520000000.0,,3520000000.0,1236000000.0,4756000000.0,84000000.0,-561000000.0,10000000.0,494000000.0,69000000.0,90000000.0,-12000000.0,152000000.0,230000000.0,3174000000.0,7885000000.0,97000000.0,1336000000.0,690000000.0,,11059000000.0,12592000000.0,23651000000.0,23651000000.0,646000000.0,,,,,,,,,-12000000.0,,,36000000.0,,,,,,,,,,,
SAF.PA,Safran,income_statement,2022-12-31,-1177796300.0,0.2221,3898000000.0,-5303000000.0,-5303000000.0,-2459000000.0,1615000000.0,10145000000.0,-1405000000.0,-3020000000.0,-39000000.0,100000000.0,67000000.0,1666203700.0,-2459000000.0,16808000000.0,,2493000000.0,440159929.0,426680657.0,-5.76,-5.76,-2459000000.0,-2459000000.0,,,-2459000000.0,-33000000.0,-2426000000.0,,-2426000000.0,-694000000.0,-3120000000.0,-450000000.0,-759000000.0,21000000.0,743000000.0,,-39000000.0,6000000.0,100000000.0,67000000.0,2715000000.0,6663000000.0,-57000000.0,1371000000.0,703000000.0,,9378000000.0,10145000000.0,19523000000.0,19523000000.0,668000000.0,,,,,,,,,-5000000.0,,,,,,,,,,,,,,
SGO.PA,Saint-Gobain,income_statement,2025-12-31,-20487341.772152,0.246835,7610000000.0,-83000000.0,-83000000.0,2883000000.0,2627000000.0,33544000000.0,7527000000.0,4900000000.0,-605000000.0,950000000.0,511000000.0,2945512658.227848,2883000000.0,41530000000.0,,5293000000.0,498373944.0,494245178.0,5.78,5.83,2883000000.0,2883000000.0,0.0,,2883000000.0,-92000000.0,2975000000.0,,2975000000.0,975000000.0,3950000000.0,-369000000.0,-83000000.0,-133000000.0,,,-605000000.0,166000000.0,950000000.0,511000000.0,4953000000.0,7986000000.0,,290000000.0,0.0,,12939000000.0,33544000000.0,46483000000.0,46483000000.0,290000000.0,,7696000000.0,,7696000000.0,,,,,216000000.0,,,,,,,,,,,,,,
SGO.PA,Saint-Gobain,income_statement,2024-12-31,-46562118.126273,0.253055,7677000000.0,-184000000.0,-184000000.0,2844000000.0,2631000000.0,33688000000.0,7493000000.0,4862000000.0,-455000000.0,934000000.0,625000000.0,2981437881.873727,2844000000.0,41576000000.0,,5304000000.0,503934048.0,499715108.0,5.64,5.69,2844000000.0,2844000000.0,0.0,,2844000000.0,-90000000.0,2934000000.0,,2934000000.0,994000000.0,3928000000.0,-510000000.0,-184000000.0,-107000000.0,,,-455000000.0,146000000.0,934000000.0,625000000.0,4995000000.0,7888000000.0,,233000000.0,0.0,,12883000000.0,33688000000.0,46571000000.0,46571000000.0,233000000.0,,7655000000.0,,7655000000.0,,,,,291000000.0,,,,,,,,,,,,,,
SGO.PA,Saint-Gobain,income_statement,2023-12-31,-47222222.222222,0.277778,7224000000.0,-170000000.0,-170000000.0,2669000000.0,2395000000.0,35109000000.0,7054000000.0,4659000000.0,-424000000.0,843000000.0,581000000.0,2791777777.777778,2669000000.0,42954000000.0,,5251000000.0,510458619.0,507282902.0,5.23,5.26,2669000000.0,2669000000.0,0.0,,2669000000.0,-87000000.0,2756000000.0,,2756000000.0,1060000000.0,3816000000.0,-669000000.0,-170000000.0,-68000000.0,,236000000.0,-424000000.0,162000000.0,843000000.0,581000000.0,4990000000.0,7845000000.0,,181000000.0,0.0,,12835000000.0,35109000000.0,47944000000.0,47944000000.0,181000000.0,,7664000000.0,,7664000000.0,,,,,238000000.0,,,,,,,,,,,,,,
SGO.PA,Saint-Gobain,income_statement,2022-12-31,-13967965.574946,0.258666,7242000000.0,-54000000.0,-54000000.0,3003000000.0,2442000000.0,38006000000.0,7188000000.0,4746000000.0,-404000000.0,563000000.0,286000000.0,3043032034.425054,3003000000.0,46037000000.0,,5337000000.0,517595809.0,514372413.0,5.8,5.84,3003000000.0,3003000000.0,0.0,,3003000000.0,-98000000.0,3101000000.0,,3101000000.0,1082000000.0,4183000000.0,-585000000.0,-54000000.0,-245000000.0,,262000000.0,-404000000.0,127000000.0,563000000.0,286000000.0,5160000000.0,8031000000.0,,116000000.0,0.0,,13191000000.0,38006000000.0,51197000000.0,51197000000.0,116000000.0,,7915000000.0,,7915000000.0,,,,,299000000.0,,,,,,,,,,,,,,
SGO.PA,Saint-Gobain,income_statement,2021-12-31,,,,,,,,,,,,,,,,,,,,,,,,,,,,,,,,,,,,,,239000000.0,,,,,,,,,,,,,,,,,,,,,,,,,,,,,,,,,,,,,,
SAN.PA,Sanofi,income_statement,2025-12-31,-556210364.37247,0.168907,15772000000.0,-3293000000.0,-3293000000.0,4939000000.0,5678000000.0,9147000000.0,12479000000.0,6801000000.0,-129000000.0,626000000.0,331000000.0,7675789635.62753,7813000000.0,37119000000.0,,6344000000.0,1220400000.0,1220400000.0,6.4,6.4,7813000000.0,7813000000.0,,,7813000000.0,-38000000.0,7851000000.0,2874000000.0,4977000000.0,1043000000.0,6175000000.0,,-3253000000.0,255000000.0,,1242000000.0,-129000000.0,-166000000.0,626000000.0,331000000.0,9597000000.0,24070000000.0,4210000000.0,1776000000.0,,,33667000000.0,13049000000.0,46716000000.0,43626000000.0,1776000000.0,7842000000.0,10242000000.0,699000000.0,9543000000.0,-3293000000.0,485000000.0,,-40000000.0,2241000000.0,,,,485000000.0,,,,1776000000.0,,-155000000.0,1776000000.0,9543000000.0,,
SAN.PA,Sanofi,income_statement,2024-12-31,-311875186.622872,0.179755,12723000000.0,-1735000000.0,-1735000000.0,5496000000.0,3586000000.0,11368000000.0,10988000000.0,7402000000.0,-490000000.0,704000000.0,438000000.0,6919124813.377128,5560000000.0,35363000000.0,,7252000000.0,1251400000.0,1251400000.0,4.59,4.59,5560000000.0,5560000000.0,,,5560000000.0,-58000000.0,5618000000.0,64000000.0,5554000000.0,1204000000.0,6698000000.0,,-1671000000.0,470000000.0,,1492000000.0,-490000000.0,224000000.0,704000000.0,438000000.0,8923000000.0,22158000000.0,3195000000.0,1749000000.0,,,31081000000.0,13205000000.0,44286000000.0,41081000000.0,1749000000.0,7394000000.0,9820000000.0,637000000.0,9183000000.0,-1735000000.0,539000000.0,,-64000000.0,248000000.0,,,,539000000.0,,,,1749000000.0,,60000000.0,1749000000.0,9183000000.0,,
SAN.PA,Sanofi,income_statement,2023-12-31,-295682000.0,0.163,13137000000.0,-1814000000.0,-1814000000.0,5062000000.0,4429000000.0,10110000000.0,11323000000.0,6894000000.0,-626000000.0,643000000.0,540000000.0,6580318000.0,5400000000.0,32927000000.0,,6960000000.0,1251700000.0,1251700000.0,4.31,4.31,5400000000.0,5400000000.0,,,5400000000.0,-36000000.0,5436000000.0,338000000.0,5098000000.0,1017000000.0,6251000000.0,,-1731000000.0,196000000.0,,1123000000.0,-626000000.0,523000000.0,643000000.0,540000000.0,8691000000.0,20299000000.0,2405000000.0,1911000000.0,,,28990000000.0,12628000000.0,41618000000.0,37817000000.0,1911000000.0,6507000000.0,9476000000.0,543000000.0,8933000000.0,-1814000000.0,484000000.0,,-83000000.0,896000000.0,,,,484000000.0,,,,1911000000.0,,-136000000.0,1911000000.0,8933000000.0,,
SAN.PA,Sanofi,income_statement,2022-12-31,-147072000.0,0.192,14276000000.0,-766000000.0,-766000000.0,7970000000.0,3108000000.0,10578000000.0,13510000000.0,10402000000.0,-223000000.0,465000000.0,239000000.0,8588928000.0,8371000000.0,29635000000.0,,10162000000.0,1251900000.0,1251900000.0,5.37,5.37,8371000000.0,8371000000.0,,,8371000000.0,-113000000.0,8484000000.0,401000000.0,8083000000.0,1909000000.0,9937000000.0,-370000000.0,-764000000.0,143000000.0,,1050000000.0,-223000000.0,-3000000.0,465000000.0,239000000.0,10926000000.0,17753000000.0,709000000.0,1804000000.0,,,28679000000.0,11882000000.0,40561000000.0,37651000000.0,1804000000.0,6501000000.0,8739000000.0,,,-766000000.0,,,-2000000.0,-429000000.0,,,,,,,,1804000000.0,,55000000.0,1804000000.0,,,
SAN.PA,Sanofi,income_statement,2021-12-31,,,,,,,,,,,,,,,,,,,,,,,,,,,,,,,,,,-5000000.0,,,,,,,,,,,,,,,,,,,,,,,,,,,,,,,,,,,,,,,,,,
SU.PA,Schneider Electric,income_statement,2025-12-31,-79195000.0,0.235,8709000000.0,-337000000.0,-337000000.0,4551000000.0,1652000000.0,23257000000.0,8372000000.0,6720000000.0,-449000000.0,540000000.0,152000000.0,4808805000.0,4551000000.0,33142000000.0,,6699000000.0,562186000.0,562186000.0,7.33,7.41,4163000000.0,4163000000.0,0.0,,4163000000.0,-188000000.0,4351000000.0,,4739000000.0,1455000000.0,6180000000.0,,-315000000.0,-21000000.0,,336000000.0,-449000000.0,61000000.0,540000000.0,152000000.0,7010000000.0,9885000000.0,53000000.0,1074000000.0,617000000.0,,16895000000.0,23257000000.0,40152000000.0,40152000000.0,457000000.0,1365000000.0,7393000000.0,,7393000000.0,,,,,,,,,,,,,,,,,,-388000000.0,
SU.PA,Schneider Electric,income_statement,2024-12-31,-36036000.0,0.231,8217000000.0,-156000000.0,-156000000.0,4489000000.0,1538000000.0,21885000000.0,8077000000.0,6523000000.0,-381000000.0,499000000.0,174000000.0,4608964000.0,4489000000.0,31583000000.0,,6449000000.0,560971685.0,560971685.0,7.61001,7.61001,4269000000.0,4269000000.0,0.0,,4269000000.0,-170000000.0,4439000000.0,,4659000000.0,1398000000.0,6040000000.0,,-144000000.0,-93000000.0,0.0,237000000.0,-381000000.0,72000000.0,483000000.0,174000000.0,6570000000.0,9698000000.0,107000000.0,976000000.0,570000000.0,,16268000000.0,21885000000.0,38153000000.0,38153000000.0,406000000.0,1308000000.0,7307000000.0,,7307000000.0,,,,,,,,,,,,,,,,,,-220000000.0,
SU.PA,Schneider Electric,income_statement,2023-12-31,-15232000.0,0.238,7350000000.0,-64000000.0,-64000000.0,4003000000.0,1460000000.0,20890000000.0,7286000000.0,5826000000.0,-450000000.0,423000000.0,79000000.0,4051768000.0,4003000000.0,29938000000.0,,5933000000.0,566588000.0,559846000.0,7.07,7.15,4003000000.0,4003000000.0,0.0,,4003000000.0,-166000000.0,4169000000.0,,4169000000.0,1285000000.0,5403000000.0,,-70000000.0,-218000000.0,30000000.0,258000000.0,-450000000.0,106000000.0,423000000.0,79000000.0,5964000000.0,9048000000.0,18000000.0,916000000.0,486000000.0,,15012000000.0,20890000000.0,35902000000.0,35902000000.0,430000000.0,1168000000.0,6946000000.0,,6946000000.0,,,,,,,,,,,,,,,,,,0.0,
SU.PA,Schneider Electric,income_statement,2022-12-31,-161910000.0,0.257,6994000000.0,-630000000.0,-630000000.0,3477000000.0,1482000000.0,20300000000.0,6364000000.0,4882000000.0,-194000000.0,164000000.0,24000000.0,3945090000.0,3477000000.0,28616000000.0,,4933000000.0,565161000.0,558129000.0,6.15,6.23,3477000000.0,3477000000.0,0.0,,3477000000.0,-59000000.0,3536000000.0,,3536000000.0,1211000000.0,4718000000.0,,-632000000.0,108000000.0,117000000.0,407000000.0,-194000000.0,54000000.0,164000000.0,24000000.0,5560000000.0,8316000000.0,33000000.0,424000000.0,0.0,,13876000000.0,20300000000.0,34176000000.0,34176000000.0,424000000.0,1040000000.0,6819000000.0,,6819000000.0,,,,,,,,,,,,,,,,,,,
SU.PA,Schneider Electric,income_statement,2021-12-31,,,,,,,,,,,,,,,,,,,,,,,,,,,,,,,,,,,,,21000000.0,,,,,,,,,,,,,,,,,,,,,,,,,21000000.0,,,,,,,,,,,,,,
GLE.PA,Societe Generale,income_statement,2025-12-31,-46166400.0,0.2016,,-229000000.0,-229000000.0,6002000000.0,10287000000.0,,,,10069000000.0,33561000000.0,43630000000.0,6184833600.0,6002000000.0,,,,776255000.0,776255000.0,6.8,6.8,5282000000.0,5282000000.0,720000000.0,,6002000000.0,-1030000000.0,7032000000.0,,7032000000.0,1771000000.0,8803000000.0,,-262000000.0,,,262000000.0,,,,,,42072000000.0,4556000000.0,1597000000.0,1597000000.0,22249000000.0,,,52597000000.0,52597000000.0,,,1216000000.0,,1216000000.0,,,,1097000000.0,,,1364000000.0,,,,,,,,,,,,
GLE.PA,Societe Generale,income_statement,2024-12-31,-137252500.0,0.2387,,-575000000.0,-575000000.0,4200000000.0,10086000000.0,,,,9892000000.0,45127000000.0,55019000000.0,4637747500.0,4200000000.0,,,,795168649.0,795168649.0,4.38,4.38,3480000000.0,3480000000.0,720000000.0,,4200000000.0,-929000000.0,5129000000.0,,5129000000.0,1601000000.0,6730000000.0,,-613000000.0,,,613000000.0,,,,,,43658000000.0,5109000000.0,1651000000.0,1651000000.0,22797000000.0,,,52509000000.0,52509000000.0,,,1250000000.0,,1250000000.0,,,,407000000.0,,,1307000000.0,,,,,,,,,,,,
GLE.PA,Societe Generale,income_statement,2023-12-31,-312202000.0,0.3085,,-1012000000.0,-1012000000.0,2493000000.0,7710000000.0,,,,10310000000.0,42777000000.0,53087000000.0,3530798000.0,2493000000.0,,,,799315070.0,799315070.0,2.17,2.17,1735000000.0,1735000000.0,758000000.0,,2493000000.0,-956000000.0,3449000000.0,,3449000000.0,1679000000.0,5128000000.0,,-1068000000.0,113000000.0,,730000000.0,,,,,,37162000000.0,5613000000.0,1675000000.0,1675000000.0,16615000000.0,,,44359000000.0,44359000000.0,,,1319000000.0,,1319000000.0,,,,1442000000.0,,,1295000000.0,,,,,,,,,,,,
GLE.PA,Societe Generale,income_statement,2022-12-31,24225900.0,0.3511,,69000000.0,69000000.0,1825000000.0,5342000000.0,,,,12841000000.0,17897000000.0,30738000000.0,1780225900.0,1825000000.0,,,,822437425.0,822437425.0,1.5,1.5,1229000000.0,1229000000.0,596000000.0,,1825000000.0,-931000000.0,2756000000.0,,2756000000.0,1483000000.0,4239000000.0,,0.0,3357000000.0,,639000000.0,,,,,,30225000000.0,6318000000.0,1569000000.0,1569000000.0,9965000000.0,,,36096000000.0,36096000000.0,,,1351000000.0,,1351000000.0,,,,-5598000000.0,,,970000000.0,,,,,,,,,,,,
GLE.PA,Societe Generale,income_statement,2021-12-31,,,,,,,,,,,,,,,,,,,,,,,,,,,,,,,,,,,,-624000000.0,,,,,,,,,,,,,,,,,,,,,,,,,,,,,,,,,,,,,,,,
STLAP.PA,Stellantis,income_statement,2025-12-31,-458045000.0,0.161,-15303000000.0,-2845000000.0,-2845000000.0,-22368000000.0,6981000000.0,155627000000.0,-18148000000.0,-25129000000.0,-258000000.0,1476000000.0,1218000000.0,-19981045000.0,-22368000000.0,175739000000.0,,-26254000000.0,2886684000.0,2886684000.0,-7.75,-7.748683,-22368000000.0,-22368000000.0,,,-22368000000.0,-36000000.0,-22332000000.0,,-22332000000.0,-4273000000.0,-26605000000.0,,-940000000.0,,27000000.0,913000000.0,-258000000.0,,1476000000.0,1218000000.0,-22231000000.0,20112000000.0,,,,,-2119000000.0,155627000000.0,153508000000.0,153508000000.0,,11145000000.0,8967000000.0,,,-4116000000.0,,-1271000000.0,-1905000000.0,,,,,,,,,,,,,,,
STLAP.PA,Stellantis,income_statement,2024-12-31,-475236000.0,0.258,14623000000.0,-1842000000.0,-1842000000.0,5473000000.0,7226000000.0,136360000000.0,12781000000.0,5555000000.0,472000000.0,1523000000.0,1995000000.0,6839764000.0,5473000000.0,151443000000.0,,3687000000.0,2975820000.0,2949652000.0,1.84,1.871407,5473000000.0,5473000000.0,,,5473000000.0,-47000000.0,5520000000.0,,5520000000.0,-1488000000.0,4032000000.0,,-1529000000.0,,-88000000.0,1617000000.0,472000000.0,,1523000000.0,1995000000.0,5435000000.0,15083000000.0,,,,,20518000000.0,136360000000.0,156878000000.0,156878000000.0,,5784000000.0,9299000000.0,,,-1875000000.0,,-33000000.0,-313000000.0,,,,,,,,,,,,,,,
STLAP.PA,Stellantis,income_statement,2023-12-31,-406445000.0,0.169,33702000000.0,-2405000000.0,-2405000000.0,18596000000.0,7549000000.0,151400000000.0,31297000000.0,23748000000.0,1348000000.0,1330000000.0,2678000000.0,20594555000.0,18596000000.0,166560000000.0,,22376000000.0,3132458000.0,3107725000.0,5.94,5.983798,18596000000.0,18596000000.0,,,18596000000.0,-29000000.0,18625000000.0,0.0,18625000000.0,3793000000.0,22418000000.0,,-1247000000.0,,128000000.0,1119000000.0,1348000000.0,,1330000000.0,2678000000.0,22984000000.0,15160000000.0,,,,,38144000000.0,151400000000.0,189544000000.0,189544000000.0,,5619000000.0,9541000000.0,,,-1914000000.0,,491000000.0,-1158000000.0,,,,,,,,,,,,,,,
STLAP.PA,Stellantis,income_statement,2022-12-31,-240940000.0,0.14,29211000000.0,-1721000000.0,-1721000000.0,16799000000.0,6797000000.0,144327000000.0,27490000000.0,20693000000.0,-119000000.0,1185000000.0,1066000000.0,18279060000.0,16799000000.0,158508000000.0,,20276000000.0,3163959000.0,3140089000.0,5.31,5.35,16799000000.0,16799000000.0,,,16799000000.0,20000000.0,16779000000.0,0.0,16779000000.0,2729000000.0,19508000000.0,,-1158000000.0,,14000000.0,1144000000.0,-119000000.0,,1185000000.0,1066000000.0,21084000000.0,14181000000.0,,,,,35265000000.0,144327000000.0,179592000000.0,179592000000.0,,5200000000.0,8981000000.0,,,-1457000000.0,,264000000.0,-563000000.0,,,,,,,,,,,264000000.0,,,,
STLAP.PA,Stellantis,income_statement,2021-12-31,,,,,,,,,,,,,,,,,,,,,,,,,,,,,,990000000.0,,,,,,,,,,286000000.0,,,,,,,,,,,,,,,,,,,,,,,,,,,,,,,,737000000.0,,,,
STMPA.PA,STMicroelectronics,income_statement,2025-12-31,-47940000.0,0.17,2591000000.0,-282000000.0,-282000000.0,166000000.0,1854000000.0,7801000000.0,2309000000.0,455000000.0,168000000.0,55000000.0,223000000.0,400060000.0,166000000.0,11477000000.0,,175000000.0,923100000.0,873684211.0,0.18,0.19,167000000.0,166000000.0,,,166000000.0,-14000000.0,180000000.0,,180000000.0,220000000.0,400000000.0,191000000.0,-382000000.0,12000000.0,376000000.0,,168000000.0,,55000000.0,223000000.0,323000000.0,3676000000.0,,,,,3999000000.0,7801000000.0,11800000000.0,11754000000.0,,2044000000.0,1632000000.0,,,-91000000.0,,,100000000.0,,,,1000000.0,6000000.0,,,,,,,,,,
STMPA.PA,STMicroelectronics,income_statement,2024-12-31,-10880000.0,0.17,3787000000.0,-64000000.0,-64000000.0,1557000000.0,1760000000.0,8049000000.0,3723000000.0,1963000000.0,218000000.0,85000000.0,303000000.0,1610120000.0,1557000000.0,11775000000.0,,1676000000.0,939300000.0,900000000.0,1.66,1.73,1558000000.0,1557000000.0,,,1557000000.0,-8000000.0,1565000000.0,,1565000000.0,313000000.0,1878000000.0,230000000.0,-69000000.0,74000000.0,0.0,,218000000.0,,85000000.0,303000000.0,1494000000.0,3726000000.0,,,,,5220000000.0,8049000000.0,13269000000.0,13217000000.0,,2077000000.0,1649000000.0,,,166000000.0,,,5000000.0,,,,1000000.0,5000000.0,,,,,,,,,,
STMPA.PA,STMicroelectronics,income_statement,2023-12-31,-14850000.0,0.11,6514000000.0,-135000000.0,-135000000.0,4211000000.0,1561000000.0,8999000000.0,6379000000.0,4818000000.0,171000000.0,55000000.0,226000000.0,4331150000.0,4211000000.0,12730000000.0,,4611000000.0,944200000.0,903648069.0,4.46,4.66,4212000000.0,4211000000.0,,,4211000000.0,-11000000.0,4222000000.0,,4222000000.0,541000000.0,4763000000.0,171000000.0,-140000000.0,146000000.0,0.0,,171000000.0,,55000000.0,226000000.0,4556000000.0,3731000000.0,,,,,8287000000.0,8999000000.0,17286000000.0,17239000000.0,,2100000000.0,1631000000.0,,1631000000.0,36000000.0,,,5000000.0,,,,1000000.0,6000000.0,,,,,19000000.0,,,1631000000.0,,
STMPA.PA,STMicroelectronics,income_statement,2022-12-31,-1680000.0,0.12,5729000000.0,-14000000.0,-14000000.0,3960000000.0,1216000000.0,8493000000.0,5715000000.0,4499000000.0,58000000.0,13000000.0,71000000.0,3972320000.0,3960000000.0,11848000000.0,,4439000000.0,912270458.0,905606885.0,4.74,4.77,3962000000.0,3960000000.0,,,3960000000.0,-6000000.0,3966000000.0,,3966000000.0,520000000.0,4486000000.0,162000000.0,-29000000.0,31000000.0,0.0,,58000000.0,,13000000.0,71000000.0,4280000000.0,3355000000.0,,,,,7635000000.0,8493000000.0,16128000000.0,16083000000.0,,1901000000.0,1454000000.0,,1465000000.0,148000000.0,,0.0,15000000.0,,,,2000000.0,2000000.0,,,,,11000000.0,,,1454000000.0,,
STMPA.PA,STMicroelectronics,income_statement,2021-12-31,,,,,,,,,,,,,,,,,,,,,,,,,,,,,,,,,,,,,,1000000.0,,,,,,,-162000000.0,,,,,,,,,,,,1323000000.0,,,0.0,,1000000.0,,,,,,,,,10000000.0,,,1323000000.0,,
TEP.PA,Teleperformance,income_statement,2025-12-31,-35696000.0,0.368,1792000000.0,0.0,-97000000.0,497000000.0,739000000.0,6979000000.0,1792000000.0,1053000000.0,-237000000.0,267000000.0,27000000.0,655304000.0,497000000.0,,112000000.0,1055000000.0,59145557.0,58606764.0,8.4,8.47,497000000.0,497000000.0,0.0,,497000000.0,,497000000.0,,497000000.0,289000000.0,786000000.0,,-97000000.0,,,,-237000000.0,-3000000.0,267000000.0,27000000.0,1152000000.0,2078400000.0,881000000.0,739000000.0,521000000.0,112000000.0,3230400000.0,6979000000.0,10209400000.0,10209400000.0,218000000.0,,210000000.0,,210000000.0,,,,,,,,,,,,,,,,,,,
TEP.PA,Teleperformance,income_statement,2024-12-31,-35037974.683544,0.398159,1967000000.0,-59000000.0,-88000000.0,523000000.0,779000000.0,6927000000.0,1908000000.0,1129000000.0,-248000000.0,260000000.0,29000000.0,604962025.316456,523000000.0,9110800000.0,119000000.0,1082000000.0,60035782.0,59706774.0,8.71,8.76,523000000.0,523000000.0,0.0,,523000000.0,,523000000.0,,523000000.0,346000000.0,869000000.0,,-88000000.0,-5000000.0,,64000000.0,-248000000.0,17000000.0,260000000.0,29000000.0,1169000000.0,2183800000.0,914000000.0,779000000.0,559000000.0,119000000.0,3352800000.0,6927000000.0,10279800000.0,10279800000.0,220000000.0,,213000000.0,,213000000.0,,,,,,,,,,,,,,,,,,,
TEP.PA,Teleperformance,income_statement,2023-12-31,-1112000.0,0.278,1610000000.0,0.0,-4000000.0,592000000.0,639000000.0,5630000000.0,1610000000.0,971000000.0,-167000000.0,151000000.0,21000000.0,598888000.0,592000000.0,7343300000.0,95000000.0,998000000.0,59096870.0,58603469.0,10.01,10.09,592000000.0,592000000.0,0.0,,592000000.0,0.0,592000000.0,,592000000.0,228000000.0,820000000.0,,-4000000.0,,,,-167000000.0,37000000.0,151000000.0,21000000.0,1001700000.0,1713300000.0,611000000.0,639000000.0,485000000.0,95000000.0,2715000000.0,5630000000.0,8345000000.0,8345000000.0,154000000.0,,199000000.0,,199000000.0,,,,,,,,,,,,,,,,,,,
TEP.PA,Teleperformance,income_statement,2022-12-31,-2280000.0,0.285,1627000000.0,0.0,-8000000.0,643000000.0,631000000.0,5367000000.0,1627000000.0,996000000.0,-109000000.0,97000000.0,10000000.0,656720000.0,643000000.0,7154000000.0,86000000.0,992000000.0,59707849.0,58894129.0,10.77,10.92,643000000.0,643000000.0,0.0,,643000000.0,0.0,643000000.0,,643000000.0,256000000.0,899000000.0,,-8000000.0,,,,-109000000.0,22000000.0,97000000.0,10000000.0,1000000000.0,1787000000.0,679000000.0,631000000.0,488000000.0,86000000.0,2787000000.0,5367000000.0,8154000000.0,8154000000.0,143000000.0,,201000000.0,,201000000.0,,,,,,,,,,,,,,,,,,,
HO.PA,Thales,income_statement,2025-12-31,-40780800.0,0.216,3600300000.0,-188800000.0,-188800000.0,1674500000.0,1087300000.0,16283200000.0,3411500000.0,2324200000.0,-160800000.0,287900000.0,116800000.0,1822519200.0,1674500000.0,19917700000.0,,2086700000.0,205879000.0,205476000.0,8.13,8.15,1674500000.0,1674500000.0,0.0,,1674500000.0,34200000.0,1640300000.0,0.0,1639800000.0,396500000.0,2036300000.0,,-155100000.0,-11000000.0,0.0,166100000.0,-160800000.0,-10300000.0,287900000.0,116800000.0,2218700000.0,3634500000.0,,,,,5853200000.0,16283200000.0,22136400000.0,22136400000.0,,1327800000.0,,1581600000.0,725100000.0,,,,,0.0,,,,,,,,,,,,,,
HO.PA,Thales,income_statement,2024-12-31,-125172000.0,0.228,3221400000.0,-549000000.0,-549000000.0,1007400000.0,1155400000.0,15202700000.0,2672400000.0,1517000000.0,-181800000.0,337400000.0,123500000.0,1431228000.0,1419500000.0,18759600000.0,,1698700000.0,206021000.0,205523000.0,6.89,6.91,1419500000.0,1419500000.0,0.0,,1419500000.0,75100000.0,1344400000.0,412100000.0,932300000.0,247300000.0,1179600000.0,,-554800000.0,260200000.0,157600000.0,137000000.0,-181800000.0,-32100000.0,337400000.0,123500000.0,1817000000.0,3556900000.0,,,,,5373900000.0,15202700000.0,20576600000.0,20576600000.0,,1273700000.0,,1590300000.0,692900000.0,,,,,0.0,,,,,,,,,,,,,,
HO.PA,Thales,income_statement,2023-12-31,-124147200.0,0.244,2965100000.0,-508800000.0,-508800000.0,949100000.0,1045100000.0,13662000000.0,2456300000.0,1411200000.0,-85500000.0,230400000.0,161400000.0,1333752800.0,1023400000.0,16774700000.0,,1562300000.0,209163000.0,208507000.0,4.89,4.91,1023400000.0,1023400000.0,0.0,,1023400000.0,20500000.0,1002900000.0,74300000.0,928600000.0,252200000.0,1180800000.0,,-479300000.0,327500000.0,0.0,151800000.0,-85500000.0,16500000.0,230400000.0,161400000.0,1653700000.0,3112700000.0,,,,,4766400000.0,13662000000.0,18428400000.0,18428400000.0,,1107700000.0,,1384000000.0,621000000.0,,,,,0.0,,,,,,,,,,,,,,
HO.PA,Thales,income_statement,2022-12-31,-36303300.0,0.193,2698300000.0,-188100000.0,-188100000.0,1111500000.0,1058800000.0,13113400000.0,2510200000.0,1451400000.0,-60100000.0,104400000.0,25800000.0,1263296700.0,1120600000.0,16125900000.0,,1344400000.0,212348000.0,211833000.0,5.28,5.29,1120600000.0,1120600000.0,0.0,,1120600000.0,-10400000.0,1131000000.0,9100000.0,1121900000.0,225100000.0,1347000000.0,,-122400000.0,6600000.0,,115800000.0,-60100000.0,-18500000.0,104400000.0,25800000.0,1442900000.0,3012500000.0,,,,,4455400000.0,13113400000.0,17568800000.0,17568800000.0,,1063600000.0,,1350400000.0,598500000.0,,,,,0.0,,,,,,,,,,,,,,
TTE.PA,TotalEnergies,income_statement,2025-12-31,437500000.0,0.25,37104000000.0,1750000000.0,1750000000.0,13127000000.0,13847000000.0,130497000000.0,38854000000.0,25007000000.0,-1127000000.0,2558000000.0,1115000000.0,11814500000.0,13127000000.0,162419000000.0,,,2247773973.0,2247773973.0,5.78,5.84,13127000000.0,13127000000.0,,,13127000000.0,-230000000.0,13357000000.0,,13357000000.0,9092000000.0,22449000000.0,-652000000.0,1568000000.0,,,,-1127000000.0,-316000000.0,2558000000.0,1115000000.0,19925000000.0,31922000000.0,31922000000.0,,,,51847000000.0,130497000000.0,182344000000.0,201196000000.0,,,,,,3651000000.0,,2553000000.0,182000000.0,,,,,1568000000.0,,,,,,,,,,18852000000.0
TTE.PA,TotalEnergies,income_statement,2024-12-31,380750000.0,0.25,40754000000.0,1523000000.0,1523000000.0,15758000000.0,13107000000.0,140078000000.0,42277000000.0,29170000000.0,-290000000.0,2364000000.0,1786000000.0,14615750000.0,15758000000.0,171505000000.0,,,2337982196.0,2337982196.0,6.69,6.74,15758000000.0,15758000000.0,,,15758000000.0,-273000000.0,16031000000.0,,16031000000.0,10775000000.0,26806000000.0,-107000000.0,1497000000.0,,,,-290000000.0,-288000000.0,2364000000.0,1786000000.0,24105000000.0,31427000000.0,31427000000.0,,,,55532000000.0,140078000000.0,195610000000.0,214550000000.0,,,,,,2991000000.0,,1575000000.0,26000000.0,,,,,1497000000.0,,,,,,,,,,18940000000.0
TTE.PA,TotalEnergies,income_statement,2023-12-31,931922064.864554,0.382092,48343000000.0,2439000000.0,2439000000.0,21384000000.0,13818000000.0,156572000000.0,50782000000.0,36964000000.0,-84000000.0,2153000000.0,1801000000.0,19876922064.864555,21384000000.0,188088000000.0,,,2452293578.0,2452293578.0,8.67,8.72,21384000000.0,21384000000.0,,,21384000000.0,-126000000.0,21510000000.0,,21510000000.0,13301000000.0,34811000000.0,-246000000.0,3059000000.0,,,,-84000000.0,-268000000.0,2153000000.0,1801000000.0,30857000000.0,31516000000.0,31516000000.0,,,,62373000000.0,156572000000.0,218945000000.0,237128000000.0,,,,,,4038000000.0,,1845000000.0,-620000000.0,,,,,3059000000.0,,,,,,,,,,18183000000.0
TTE.PA,TotalEnergies,income_statement,2022-12-31,-213500000.0,0.25,59896000000.0,-854000000.0,-854000000.0,20526000000.0,13680000000.0,182099000000.0,59042000000.0,45362000000.0,-609000000.0,2076000000.0,1143000000.0,21166500000.0,20526000000.0,213617000000.0,,,2594943110.0,2594943110.0,7.85,7.91,20526000000.0,20526000000.0,,,20526000000.0,-518000000.0,21044000000.0,,21044000000.0,22242000000.0,43286000000.0,-3052000000.0,-369000000.0,,,,-609000000.0,-324000000.0,2076000000.0,1143000000.0,49693000000.0,31518000000.0,31518000000.0,,,,81211000000.0,182099000000.0,263310000000.0,280999000000.0,,,,,,-5798000000.0,,-1892000000.0,-485000000.0,,,,,-369000000.0,,,,,,,,,,17689000000.0
VIE.PA,Veolia,income_statement,2025-12-31,-69958000.0,0.263,6538000000.0,-262000000.0,-266000000.0,1335000000.0,3076000000.0,36523000000.0,6276000000.0,3200000000.0,-958000000.0,876000000.0,,1535042000.0,1217000000.0,40898000000.0,,3208000000.0,732000000.0,729000000.0,1.54,1.55,1217000000.0,1217000000.0,0.0,,1217000000.0,-402000000.0,1619000000.0,-118000000.0,1737000000.0,587000000.0,2324000000.0,,-289000000.0,,145000000.0,140000000.0,-958000000.0,82000000.0,876000000.0,,3498000000.0,4375000000.0,,,,,7873000000.0,36523000000.0,44396000000.0,44396000000.0,,,4326000000.0,993000000.0,3333000000.0,,,,,,,,,,,,,,,,,,,
VIE.PA,Veolia,income_statement,2024-12-31,-55770000.0,0.286,6337000000.0,-192000000.0,-195000000.0,1201000000.0,2996000000.0,36924000000.0,6020000000.0,3024000000.0,-989000000.0,910000000.0,,1343230000.0,1098000000.0,41440000000.0,,2881000000.0,741000000.0,,,1.45,1098000000.0,1098000000.0,0.0,,1098000000.0,-347000000.0,1445000000.0,-103000000.0,1547000000.0,566000000.0,2114000000.0,,-373000000.0,,201000000.0,169000000.0,-989000000.0,79000000.0,910000000.0,,3252000000.0,4516000000.0,,,,,7768000000.0,36924000000.0,44692000000.0,44692000000.0,,,4459000000.0,1000000000.0,3459000000.0,,,,,,,,,,,,,,,,,,,
VIE.PA,Veolia,income_statement,2023-12-31,-71492000.0,0.293,5978000000.0,-242000000.0,-244000000.0,961000000.0,3049000000.0,37852000000.0,5736000000.0,2687000000.0,-1043000000.0,818000000.0,,1135508000.0,937000000.0,42242000000.0,,2724000000.0,731000000.0,705000000.0,1.19,1.24,937000000.0,937000000.0,0.0,,937000000.0,-397000000.0,1334000000.0,-24000000.0,1358000000.0,511000000.0,1869000000.0,,-385000000.0,,297000000.0,86000000.0,-1043000000.0,225000000.0,818000000.0,,3110000000.0,4390000000.0,,,,,7500000000.0,37852000000.0,45351000000.0,45352000000.0,,,4334000000.0,998000000.0,3336000000.0,,,,,,,,,,,,,,,,,,,
VIE.PA,Veolia,income_statement,2022-12-31,-185735000.0,0.307,5879000000.0,-536000000.0,-605000000.0,794000000.0,3194000000.0,35740000000.0,5343000000.0,2149000000.0,-739000000.0,653000000.0,15000000.0,1282265000.0,716000000.0,39964000000.0,,2206000000.0,714000000.0,688000000.0,1.0,1.04,716000000.0,716000000.0,0.0,,716000000.0,-282000000.0,998000000.0,-78000000.0,1076000000.0,420000000.0,1496000000.0,,-716000000.0,,444000000.0,203000000.0,-739000000.0,86000000.0,653000000.0,15000000.0,2922000000.0,4224000000.0,444100000.0,,,,7146000000.0,35740000000.0,42886000000.0,42886000000.0,,,4170000000.0,954000000.0,3216000000.0,,,,,,,,,,,,,,,,,,,
VIE.PA,Veolia,income_statement,2021-12-31,,,,,,,,,,,,,8000000.0,,,,,,,592900000.0,0.65,,,,,,,,,,,,,,,,,,,,,8000000.0,,,232400000.0,,,,,,,,,,,,,,,,,,,,,,,,,,,,,,,
DG.PA,Vinci,income_statement,2025-12-31,87696000.0,0.348,13401000000.0,252000000.0,252000000.0,4903000000.0,4207000000.0,30277000000.0,13653000000.0,9446000000.0,-1510000000.0,1510000000.0,,4738696000.0,4903000000.0,66698000000.0,2171000000.0,9364000000.0,566820809.0,555967094.0,8.65,8.818867,4903000000.0,4903000000.0,0.0,,4903000000.0,-372000000.0,5275000000.0,,5275000000.0,2661000000.0,,,59000000.0,-59000000.0,,,-1510000000.0,,1510000000.0,,9004000000.0,36421000000.0,11250000000.0,4206000000.0,2353000000.0,2171000000.0,45425000000.0,30277000000.0,75702000000.0,75702000000.0,1853000000.0,,,,,,,,,,,,,,,,,,,,,,,
DG.PA,Vinci,income_statement,2024-12-31,36750000.0,0.294,12659000000.0,125000000.0,125000000.0,4863000000.0,3998000000.0,30425000000.0,12784000000.0,8786000000.0,-1410000000.0,1410000000.0,,4774750000.0,4863000000.0,64190000000.0,2163000000.0,8783000000.0,576868327.0,562417394.0,8.43,8.646603,4863000000.0,4863000000.0,0.0,,4863000000.0,-410000000.0,5274000000.0,,5274000000.0,2102000000.0,,,-21000000.0,21000000.0,,,-1410000000.0,,1410000000.0,,8578000000.0,33765000000.0,10083000000.0,3998000000.0,2146000000.0,2163000000.0,42343000000.0,30425000000.0,72768000000.0,72768000000.0,1852000000.0,,,,,,,,,,,,,,,,,,,,,,,
DG.PA,Vinci,income_statement,2023-12-31,49860000.0,0.277,11814000000.0,180000000.0,180000000.0,4702000000.0,3800000000.0,30310000000.0,11994000000.0,8194000000.0,-1175000000.0,1175000000.0,,4571860000.0,4702000000.0,61849000000.0,,8071000000.0,575111896.0,568208021.0,8.18,8.28,4702000000.0,4702000000.0,0.0,,4702000000.0,-400000000.0,5102000000.0,,5102000000.0,1917000000.0,,,-64000000.0,64000000.0,,,-1175000000.0,,1175000000.0,,8036000000.0,31539000000.0,9481000000.0,3799000000.0,1986000000.0,,39575000000.0,30310000000.0,69885000000.0,69885000000.0,1813000000.0,,7585000000.0,,7585000000.0,,,,,,,,,,,,,,,,,,,
DG.PA,Vinci,income_statement,2022-12-31,62260000.0,0.283,10358000000.0,220000000.0,220000000.0,4259000000.0,3614000000.0,27282000000.0,10578000000.0,6964000000.0,-754000000.0,810000000.0,133000000.0,4101260000.0,4259000000.0,56110000000.0,,6489000000.0,570510021.0,564345439.0,7.47,7.55,4259000000.0,4259000000.0,0.0,,4259000000.0,-157000000.0,4417000000.0,,4417000000.0,1737000000.0,,,43000000.0,-43000000.0,,,-754000000.0,-56000000.0,810000000.0,133000000.0,6404000000.0,28828000000.0,8364000000.0,3613000000.0,1942000000.0,,35232000000.0,27282000000.0,62514000000.0,62514000000.0,1671000000.0,,6684000000.0,,6684000000.0,,,,,,,,,,,,,,,,,,,
DG.PA,Vinci,income_statement,2021-12-31,,,,,,,,,,,,,275000000.0,,,,,,,,,,,,,,,,,,,,3820000000.0,,,,,,,12000000.0,,275000000.0,,,,,,,,,,,,,5533000000.0,,5533000000.0,,,,,,,,,,,,,,,,,,,
VIV.PA,Vivendi,income_statement,2025-12-31,-714285.714286,0.142857,172000000.0,-5000000.0,-5000000.0,18000000.0,50000000.0,213000000.0,167000000.0,117000000.0,-72000000.0,96000000.0,27000000.0,22285714.285714,20000000.0,412000000.0,,18000000.0,996400000.0,993400000.0,0.02,0.02,20000000.0,20000000.0,0.0,,20000000.0,0.0,20000000.0,2000000.0,18000000.0,3000000.0,21000000.0,,-5000000.0,,,5000000.0,-72000000.0,3000000.0,96000000.0,27000000.0,-105000000.0,199000000.0,,,,,94000000.0,213000000.0,307000000.0,307000000.0,,,199000000.0,,199000000.0,,,,,0.0,,,,,,,,,,,,,,
VIV.PA,Vivendi,income_statement,2024-12-31,-44250000.0,0.25,278000000.0,-177000000.0,-177000000.0,-295000000.0,192000000.0,211000000.0,101000000.0,-91000000.0,24000000.0,89000000.0,115000000.0,-162250000.0,-6004000000.0,433000000.0,,-264000000.0,1011200000.0,1007300000.0,-5.96,-5.96,-6004000000.0,-6004000000.0,0.0,,-6004000000.0,-112000000.0,-5892000000.0,-5709000000.0,-183000000.0,3000000.0,-180000000.0,-96000000.0,-154000000.0,,,14000000.0,24000000.0,2000000.0,89000000.0,115000000.0,-136000000.0,222000000.0,,,,,86000000.0,211000000.0,297000000.0,297000000.0,,,222000000.0,,222000000.0,,,,,140000000.0,,,,,,,,,,,,,,
VIV.PA,Vivendi,income_statement,2023-12-31,4750000.0,0.25,310000000.0,19000000.0,19000000.0,212000000.0,52000000.0,221000000.0,329000000.0,277000000.0,169000000.0,62000000.0,230000000.0,197750000.0,405000000.0,458000000.0,,-61000000.0,1024600000.0,1024600000.0,0.4,0.4,405000000.0,405000000.0,0.0,,405000000.0,-53000000.0,458000000.0,193000000.0,265000000.0,-50000000.0,215000000.0,,-9000000.0,,43000000.0,9000000.0,169000000.0,-1000000.0,62000000.0,230000000.0,-146000000.0,237000000.0,,87000000.0,0.0,,91000000.0,221000000.0,312000000.0,312000000.0,87000000.0,,237000000.0,,237000000.0,,,,,0.0,,,,,,,,,,,,,,
VIV.PA,Vivendi,income_statement,2022-12-31,-212000000.0,0.25,965000000.0,-848000000.0,-848000000.0,-712000000.0,597000000.0,5351000000.0,117000000.0,-480000000.0,-155000000.0,68000000.0,17000000.0,-76000000.0,-1010000000.0,9029000000.0,,761000000.0,1034200000.0,1031700000.0,-0.98,-0.98,-1010000000.0,-1010000000.0,0.0,,-1010000000.0,-65000000.0,-945000000.0,-298000000.0,-647000000.0,99000000.0,-548000000.0,,-73000000.0,,29000000.0,44000000.0,-155000000.0,104000000.0,68000000.0,17000000.0,566000000.0,3678000000.0,,107000000.0,0.0,,4244000000.0,5351000000.0,9595000000.0,9595000000.0,107000000.0,,3571000000.0,,3571000000.0,,,,,10000000.0,,,,,,,,,,,,,,
VIV.PA,Vivendi,income_statement,2021-12-31,,,,,,,,,,,,,,,,,,,,,,,,,,,,,,,,,,,,,21000000.0,,,,,,,,,,,,,,,,,,,,,,,,,,,,,,,,,,,,,,,
WLN.PA,Worldline,income_statement,2025-12-31,-56830400.0,0.011,-3720700000.0,-799900000.0,-5166400000.0,-5138300000.0,353000000.0,1754600000.0,-4520600000.0,-5134100000.0,-82900000.0,94300000.0,30600000.0,4337769600.0,-5156500000.0,4005300000.0,,-4822000000.0,27104823.0,27104823.0,-190.229943,-190.229943,-5156500000.0,-5156500000.0,0.0,,-5156500000.0,26100000.0,-5182600000.0,-18200000.0,-5164400000.0,-60100000.0,-5228400000.0,,-4868900000.0,24800000.0,406900000.0,70700000.0,-82900000.0,19200000.0,94300000.0,30600000.0,24600000.0,2250700000.0,1622400000.0,613500000.0,353000000.0,,2275300000.0,1754600000.0,4029900000.0,4029900000.0,260500000.0,,,,,,,,,,,,0.0,,,,,,,,,,,
WLN.PA,Worldline,income_statement,2024-12-31,-120025000.0,0.25,762000000.0,-480100000.0,-480100000.0,-352000000.0,323500000.0,1746700000.0,281900000.0,-301600000.0,-30600000.0,61200000.0,53900000.0,8075000.0,-297000000.0,4012900000.0,,45100000.0,27346173.0,27346173.0,-10.849617,-10.849617,-297000000.0,-297000000.0,0.0,,-297000000.0,15100000.0,-312100000.0,55000000.0,-367100000.0,4100000.0,-362800000.0,,-142700000.0,43600000.0,11500000.0,87600000.0,-30600000.0,23300000.0,61200000.0,53900000.0,150200000.0,2266200000.0,1673900000.0,583500000.0,323500000.0,,2416400000.0,1746700000.0,4163100000.0,4163100000.0,260000000.0,,,,,,,,,,,,0.0,,,,,,,,,,,
WLN.PA,Worldline,income_statement,2023-12-31,-329500000.0,0.25,-122200000.0,-171000000.0,-1318000000.0,-817300000.0,298400000.0,2097100000.0,-293200000.0,-874700000.0,-29800000.0,43500000.0,32800000.0,1318200000.0,-817300000.0,4179000000.0,,-870000000.0,27302006.0,27302006.0,-29.965608,-29.965608,-817300000.0,-817300000.0,0.0,,-817300000.0,142000000.0,-959300000.0,0.0,-959300000.0,40200000.0,-918200000.0,,-1330400000.0,33300000.0,7400000.0,142700000.0,-29800000.0,19100000.0,43500000.0,32800000.0,431400000.0,2081900000.0,1476700000.0,581500000.0,298400000.0,,2513300000.0,2097100000.0,4610400000.0,4610400000.0,283100000.0,,,,,,,,,,,,0.0,,,,,,,,,,,
WLN.PA,Worldline,income_statement,2022-12-31,-38592000.0,0.268,975500000.0,-144000000.0,-144000000.0,210700000.0,256700000.0,1947600000.0,831500000.0,337200000.0,-45400000.0,43100000.0,100000.0,316108000.0,299200000.0,3863500000.0,,-870000000.0,28492566.0,27211879.0,10.849617,10.952946,307700000.0,299200000.0,0.0,,299200000.0,-4100000.0,303300000.0,88500000.0,214800000.0,78800000.0,294100000.0,,-184500000.0,23300000.0,6200000.0,155000000.0,-45400000.0,2400000.0,43100000.0,100000.0,500600000.0,1915900000.0,1377100000.0,494300000.0,256700000.0,,2416500000.0,1947600000.0,4364100000.0,4364100000.0,237600000.0,,,,,,,,,,,,8500000.0,,,,,,,,,,,
ATO.PA,Atos,income_statement,2025-12-31,-236250000.0,0.25,440000000.0,-779000000.0,-945000000.0,-1404000000.0,470000000.0,4896000000.0,-339000000.0,-809000000.0,-429000000.0,455000000.0,93000000.0,-529250000.0,-1404000000.0,7883000000.0,13000000.0,-828000000.0,19011732.0,19011732.0,-73.831,-73.831,-1404000000.0,-1404000000.0,0.0,,-1404000000.0,1000000.0,-1404000000.0,,-1404000000.0,139000000.0,-1264000000.0,,-945000000.0,139000000.0,7000000.0,641000000.0,-429000000.0,67000000.0,455000000.0,93000000.0,118000000.0,2987000000.0,1367000000.0,470000000.0,444000000.0,13000000.0,3105000000.0,4896000000.0,8001000000.0,8001000000.0,26000000.0,,284000000.0,,284000000.0,,,,,-8000000.0,,,,,,,,,,,,,,
ATO.PA,Atos,income_statement,2024-12-31,246250000.0,0.25,-1934000000.0,3342000000.0,985000000.0,248000000.0,568000000.0,6357000000.0,1408000000.0,840000000.0,-369000000.0,378000000.0,164000000.0,1866250000.0,248000000.0,9702000000.0,8000000.0,-2659000000.0,17903310.0,17903310.0,310.0,340.0,248000000.0,248000000.0,0.0,,248000000.0,0.0,248000000.0,,248000000.0,214000000.0,462000000.0,,-2534000000.0,15000000.0,9000000.0,153000000.0,-369000000.0,155000000.0,378000000.0,164000000.0,-125000000.0,3345000000.0,1399000000.0,568000000.0,511000000.0,8000000.0,3220000000.0,6357000000.0,9577000000.0,9577000000.0,57000000.0,,422000000.0,,422000000.0,,,,,0.0,,,0.0,,,,,,,,,,,
ATO.PA,Atos,income_statement,2023-12-31,-823000000.0,0.25,-1576000000.0,-746000000.0,-3292000000.0,-3441000000.0,695000000.0,7180000000.0,-2322000000.0,-3017000000.0,-208000000.0,315000000.0,187000000.0,1574000000.0,-3441000000.0,10508000000.0,10000000.0,-3106000000.0,1492183.0,1492183.0,-2306.08,-2306.08,-3441000000.0,-3441000000.0,0.0,,-3441000000.0,-1000000.0,-3439000000.0,,-3439000000.0,112000000.0,-3332000000.0,,-3289000000.0,5000000.0,8000000.0,730000000.0,-208000000.0,80000000.0,315000000.0,187000000.0,185000000.0,3328000000.0,1230000000.0,695000000.0,587000000.0,10000000.0,3513000000.0,7180000000.0,10693000000.0,10693000000.0,108000000.0,,404000000.0,,404000000.0,,,,,,,,0.0,,,,,,,,,,,
ATO.PA,Atos,income_statement,2022-12-31,-181250000.0,0.25,486000000.0,-548000000.0,-725000000.0,-1012000000.0,787000000.0,7866000000.0,-62000000.0,-849000000.0,-94000000.0,121000000.0,70000000.0,-291250000.0,-1012000000.0,11426000000.0,11000000.0,-795000000.0,1489241.0,1489241.0,-679.045653,-679.045653,-1012000000.0,-1012000000.0,0.0,,-1012000000.0,0.0,-1012000000.0,,-1012000000.0,46000000.0,-970000000.0,,-640000000.0,6000000.0,6000000.0,451000000.0,-94000000.0,43000000.0,121000000.0,70000000.0,-156000000.0,3560000000.0,1421000000.0,787000000.0,647000000.0,11000000.0,3404000000.0,7866000000.0,11270000000.0,11270000000.0,140000000.0,,429000000.0,,429000000.0,,,,,,,,0.0,,,,,,,,,,,
BVI.PA,Bureau Veritas,income_statement,2025-12-31,16324800.0,0.304,1216600000.0,53700000.0,53700000.0,588000000.0,299500000.0,1794900000.0,1270300000.0,970800000.0,-87700000.0,95400000.0,21400000.0,550624800.0,588000000.0,5527700000.0,73400000.0,992400000.0,,,,,588000000.0,588000000.0,0.0,,588000000.0,-21500000.0,609500000.0,,609500000.0,265900000.0,875400000.0,,53700000.0,-53700000.0,,,-87700000.0,13700000.0,95400000.0,21400000.0,938700000.0,3732800000.0,669000000.0,299500000.0,299500000.0,,4671500000.0,1794900000.0,6466400000.0,6466400000.0,,,,,,,,,,,,,,,,,,,,,,,,
BVI.PA,Bureau Veritas,income_statement,2024-12-31,6752100.0,0.317,1226500000.0,21300000.0,21300000.0,569400000.0,283700000.0,1739800000.0,1247800000.0,964100000.0,-75500000.0,101100000.0,46000000.0,554852100.0,569400000.0,5328800000.0,67400000.0,933400000.0,453898000.0,450010000.0,1.25,1.27,569400000.0,569400000.0,0.0,,569400000.0,-19800000.0,589200000.0,,589200000.0,273800000.0,863000000.0,,21300000.0,-21300000.0,,,-75500000.0,20400000.0,101100000.0,46000000.0,912100000.0,3589000000.0,626900000.0,283700000.0,283700000.0,,4501100000.0,1739800000.0,6240900000.0,6240900000.0,,,,,,,,,,,,,,,,,,,,,,,,
BVI.PA,Bureau Veritas,income_statement,2023-12-31,1177094.898229,0.318134,1140500000.0,3700000.0,3700000.0,503700000.0,291500000.0,1642300000.0,1144200000.0,852700000.0,-75400000.0,96100000.0,45000000.0,501177094.898229,503700000.0,5047100000.0,68500000.0,824400000.0,453009724.0,453009724.0,1.1,1.11,503700000.0,503700000.0,0.0,,503700000.0,-12200000.0,515900000.0,,515900000.0,240700000.0,756600000.0,,3700000.0,-3700000.0,,,-75400000.0,24300000.0,96100000.0,45000000.0,820700000.0,3404800000.0,600400000.0,291500000.0,291500000.0,,4225500000.0,1642300000.0,5867800000.0,5867800000.0,,,,,,,,,,,,,,,,,,,,,,,,
BVI.PA,Bureau Veritas,income_statement,2022-12-31,1170000.0,0.325,1096400000.0,3600000.0,3600000.0,466700000.0,297100000.0,1620500000.0,1100000000.0,802900000.0,-86000000.0,84900000.0,12800000.0,464270000.0,466700000.0,4854900000.0,69800000.0,799300000.0,456569000.0,452140348.0,1.02,1.03,466700000.0,466700000.0,0.0,,466700000.0,-17900000.0,484600000.0,,484600000.0,233400000.0,718000000.0,,3600000.0,-3600000.0,,,-86000000.0,13900000.0,84900000.0,12800000.0,795700000.0,3234400000.0,565500000.0,297100000.0,297100000.0,,4030100000.0,1620500000.0,5650600000.0,5650600000.0,,,,,,,,,,,,,,,,,,,,,,,,
BVI.PA,Bureau Veritas,income_statement,2021-12-31,,,,,,,,,,,,,,,,,,,455045000.0,450921434.0,0.92,0.93,,,,,,,,0.0,,,,,,,,,,,,,,,,,,,,,,,,,,,,,,,,,,,,,,,,,,,,,,
SW.PA,Sodexo,income_statement,2025-08-31,-22200000.0,,1649000000.0,-100000000.0,-100000000.0,,,,1549000000.0,1059000000.0,-86000000.0,155000000.0,65000000.0,772800000.0,,22994000000.0,,,147627878.0,,,,,,,,,,,,,,,,-100000000.0,1000000.0,,99000000.0,-86000000.0,-4000000.0,155000000.0,65000000.0,1080000000.0,1753000000.0,17000000.0,35000000.0,0.0,,,,,,35000000.0,,,,,,,,,,,,,,,,,,,,,,,
SW.PA,Sodexo,income_statement,2024-08-31,5334000.0,0.254,1607000000.0,21000000.0,21000000.0,736000000.0,470000000.0,20953000000.0,1628000000.0,1158000000.0,-62000000.0,162000000.0,82000000.0,720334000.0,168000000.0,22773000000.0,,1051000000.0,148074012.0,146451943.0,1.13,1.15,168000000.0,168000000.0,0.0,,168000000.0,-11000000.0,179000000.0,-568000000.0,747000000.0,249000000.0,996000000.0,,21000000.0,1000000.0,,-22000000.0,-62000000.0,-18000000.0,162000000.0,82000000.0,1025000000.0,1820000000.0,41000000.0,35000000.0,0.0,,2845000000.0,20953000000.0,23798000000.0,23798000000.0,35000000.0,,1741000000.0,,,,,,,,,,,,,,,,,,,,,
SW.PA,Sodexo,income_statement,2023-08-31,-12792000.0,0.246,1418000000.0,-52000000.0,-52000000.0,560000000.0,458000000.0,19917000000.0,1366000000.0,908000000.0,-94000000.0,159000000.0,85000000.0,599208000.0,794000000.0,21747000000.0,,847000000.0,147697874.0,146127620.0,5.38,5.44,794000000.0,794000000.0,0.0,,794000000.0,-8000000.0,802000000.0,234000000.0,568000000.0,181000000.0,749000000.0,,-52000000.0,,,52000000.0,-94000000.0,20000000.0,159000000.0,85000000.0,890000000.0,1830000000.0,41000000.0,36000000.0,0.0,,2720000000.0,19917000000.0,22637000000.0,22637000000.0,36000000.0,,1753000000.0,,,,,,,,,,,,,,,,,,,,,
SW.PA,Sodexo,income_statement,2022-08-31,13824000.0,0.288,1244000000.0,49000000.0,48000000.0,514000000.0,457000000.0,17807000000.0,1293000000.0,836000000.0,-89000000.0,110000000.0,20000000.0,480824000.0,695000000.0,19506000000.0,,812000000.0,148065793.0,146295576.0,4.69,4.75,695000000.0,695000000.0,0.0,,695000000.0,-6000000.0,701000000.0,181000000.0,520000000.0,206000000.0,726000000.0,,48000000.0,-1000000.0,,-48000000.0,-89000000.0,-1000000.0,110000000.0,20000000.0,757000000.0,1699000000.0,13000000.0,36000000.0,0.0,,2456000000.0,17807000000.0,20263000000.0,20263000000.0,36000000.0,,1648000000.0,,1648000000.0,,,,,,,,,,,,,,,,,,,
FR.PA,Valeo,income_statement,2025-12-31,-47750000.0,0.25,3096000000.0,-191000000.0,-191000000.0,200000000.0,2088000000.0,16674000000.0,2905000000.0,817000000.0,-281000000.0,357000000.0,71000000.0,343250000.0,200000000.0,19926000000.0,,977000000.0,245608000.0,243668000.0,0.81,0.82,200000000.0,200000000.0,0.0,,200000000.0,-55000000.0,255000000.0,,255000000.0,205000000.0,460000000.0,,-168000000.0,21000000.0,-9000000.0,156000000.0,-281000000.0,-5000000.0,357000000.0,71000000.0,977000000.0,3252000000.0,,,,,4229000000.0,16674000000.0,20903000000.0,20903000000.0,,2273000000.0,979000000.0,275000000.0,704000000.0,,,,,,,,,,,,,,,,,,,
FR.PA,Valeo,income_statement,2024-12-31,-97020000.0,0.308,3031000000.0,-315000000.0,-315000000.0,162000000.0,1989000000.0,17411000000.0,2716000000.0,727000000.0,-286000000.0,394000000.0,112000000.0,379980000.0,162000000.0,20573000000.0,,919000000.0,244634000.0,242977000.0,0.66,0.67,162000000.0,162000000.0,0.0,,162000000.0,-72000000.0,234000000.0,,234000000.0,99000000.0,333000000.0,,-313000000.0,11000000.0,60000000.0,242000000.0,-286000000.0,4000000.0,394000000.0,112000000.0,919000000.0,3162000000.0,,,,,4081000000.0,17411000000.0,21492000000.0,21492000000.0,,2127000000.0,1035000000.0,296000000.0,739000000.0,,,,,,,,,,,,,,,,,,,
FR.PA,Valeo,income_statement,2023-12-31,-51040000.0,0.352,2804000000.0,-145000000.0,-145000000.0,221000000.0,1835000000.0,18093000000.0,2659000000.0,824000000.0,-270000000.0,370000000.0,97000000.0,314960000.0,221000000.0,21206000000.0,,838000000.0,244634000.0,242936000.0,0.9,0.91,221000000.0,221000000.0,0.0,,221000000.0,-79000000.0,300000000.0,,300000000.0,154000000.0,454000000.0,,-111000000.0,8000000.0,4000000.0,99000000.0,-270000000.0,-3000000.0,370000000.0,97000000.0,838000000.0,3113000000.0,,,,,3951000000.0,18093000000.0,22044000000.0,22044000000.0,,2029000000.0,1084000000.0,324000000.0,760000000.0,,,,,,,,,,,,,,,,,,,
FR.PA,Valeo,income_statement,2022-12-31,-28875000.0,0.375,2571000000.0,-77000000.0,-77000000.0,230000000.0,1782000000.0,16590000000.0,2494000000.0,712000000.0,-143000000.0,203000000.0,58000000.0,278125000.0,230000000.0,19402000000.0,,635000000.0,243502000.0,241072000.0,0.94,0.95,230000000.0,230000000.0,0.0,,230000000.0,-65000000.0,295000000.0,,295000000.0,214000000.0,509000000.0,,-106000000.0,25000000.0,43000000.0,38000000.0,-143000000.0,-2000000.0,203000000.0,58000000.0,635000000.0,2812000000.0,,,,,3447000000.0,16590000000.0,20037000000.0,20037000000.0,,1880000000.0,932000000.0,286000000.0,646000000.0,,,,,43000000.0,,,,,,,,,,,,,,
FR.PA,Valeo,income_statement,2021-12-31,,,,,,,,,,,,,,,,,,,,,,,,,,,,,,,,,,-10000000.0,,,,,,,,,,,,,,,,,,,,,,,,,,,,-13000000.0,,,,,,,,,,,,,,
GET.PA,Getlink,income_statement,2025-12-31,-18000000.0,0.25,622000000.0,-72000000.0,-72000000.0,320000000.0,,1020000000.0,550000000.0,550000000.0,-250000000.0,234000000.0,57000000.0,374000000.0,320000000.0,1020000000.0,,609000000.0,541808902.0,541808902.0,0.590614,0.590614,320000000.0,320000000.0,0.0,,320000000.0,0.0,320000000.0,,320000000.0,-4000000.0,316000000.0,55000000.0,-21000000.0,21000000.0,,,-250000000.0,73000000.0,234000000.0,57000000.0,575000000.0,0.0,,,,,575000000.0,1020000000.0,1595000000.0,1595000000.0,,,,,,,,,,,,,,,,,,,,,,,,
GET.PA,Getlink,income_statement,2024-12-31,-13750000.0,0.25,601000000.0,-55000000.0,-55000000.0,317000000.0,,1010000000.0,546000000.0,546000000.0,-227000000.0,242000000.0,76000000.0,358250000.0,317000000.0,1012000000.0,,598000000.0,542417000.0,541267293.0,0.58,0.59,317000000.0,317000000.0,0.0,,317000000.0,0.0,317000000.0,,317000000.0,-13000000.0,304000000.0,,-4000000.0,4000000.0,,0.0,-227000000.0,61000000.0,242000000.0,76000000.0,602000000.0,2000000.0,3000000.0,,,,604000000.0,1010000000.0,1614000000.0,1614000000.0,,,,,,,,,,,,,,,,,,,,,,,,
GET.PA,Getlink,income_statement,2023-12-31,-13391304.347826,0.21256,686000000.0,-63000000.0,-63000000.0,326000000.0,,1094000000.0,623000000.0,623000000.0,-258000000.0,209000000.0,59000000.0,375608695.652174,326000000.0,1091000000.0,,725000000.0,541058399.0,541058399.0,0.602523,0.602523,326000000.0,326000000.0,0.0,,326000000.0,0.0,326000000.0,,326000000.0,88000000.0,414000000.0,,-13000000.0,9000000.0,,4000000.0,-258000000.0,108000000.0,209000000.0,59000000.0,738000000.0,-3000000.0,4000000.0,,,,735000000.0,1094000000.0,1829000000.0,1829000000.0,,,,,,,,,,,,,,,,,,,,,,,,
GET.PA,Getlink,income_statement,2022-12-31,-3595505.617978,0.05618,524000000.0,-64000000.0,-64000000.0,252000000.0,,947000000.0,460000000.0,460000000.0,-361000000.0,193000000.0,37000000.0,312404494.382022,252000000.0,919000000.0,,672000000.0,540908591.0,540188628.0,0.47,0.47,252000000.0,252000000.0,0.0,,252000000.0,0.0,252000000.0,0.0,252000000.0,15000000.0,267000000.0,,-15000000.0,7000000.0,,8000000.0,-361000000.0,205000000.0,193000000.0,37000000.0,687000000.0,-28000000.0,1000000.0,,,,659000000.0,947000000.0,1606000000.0,1606000000.0,,,,,,,,,,,,,,,,,,,,,,,,
GET.PA,Getlink,income_statement,2021-12-31,,,,,,,,,,,,,,,,,,,,,,,,,,,,,,-115000.0,,,,,,,,28818000.0,,,,,,,12918000.0,,,,,,,,,,,,,,,,,,,,,,,,,,,,,,,
ELIS.PA,Elis,income_statement,2025-12-31,3609600.0,0.256,1655000000.0,14100000.0,14100000.0,366600000.0,1020800000.0,3186600000.0,1669100000.0,648300000.0,-138900000.0,155400000.0,17500000.0,356109600.0,366600000.0,4181700000.0,,629900000.0,259077654.0,233954020.0,1.46,1.57,366600000.0,366600000.0,0.0,,366600000.0,0.0,366600000.0,0.0,366600000.0,126200000.0,492900000.0,,14900000.0,-24100000.0,1200000.0,8000000.0,-138900000.0,1000000.0,155400000.0,17500000.0,615100000.0,995100000.0,19000000.0,85700000.0,85700000.0,,1610200000.0,3186600000.0,4796800000.0,4796800000.0,85700000.0,,890400000.0,,890400000.0,,,,,,,,,,,,,,,,,,,
ELIS.PA,Elis,income_statement,2024-12-31,-3772719.467697,0.275381,1601700000.0,-13700000.0,-13700000.0,337700000.0,963400000.0,3069500000.0,1588000000.0,624600000.0,-132900000.0,158700000.0,25500000.0,347627280.532303,337700000.0,3961700000.0,,596300000.0,260931417.0,235896652.0,1.34,1.43,337700000.0,337700000.0,0.0,,337700000.0,0.0,337700000.0,0.0,337700000.0,128300000.0,465900000.0,,-15700000.0,2200000.0,9700000.0,3800000.0,-132900000.0,-300000.0,158700000.0,25500000.0,612000000.0,892200000.0,9200000.0,85000000.0,85000000.0,,1504200000.0,3069500000.0,4573700000.0,4573700000.0,85000000.0,,798000000.0,,798000000.0,,,,,,,,,,,,,,,,,,,
ELIS.PA,Elis,income_statement,2023-12-31,-18462358.946803,0.296346,1463400000.0,-62300000.0,-62300000.0,261900000.0,886000000.0,2893300000.0,1401100000.0,515100000.0,-124400000.0,142900000.0,18000000.0,305737641.053197,261900000.0,3750200000.0,,496800000.0,262642141.0,232300885.0,1.06,1.13,261900000.0,261900000.0,0.0,,261900000.0,0.0,261900000.0,0.0,261900000.0,110300000.0,372200000.0,,-62400000.0,4700000.0,2100000.0,55600000.0,-124400000.0,-500000.0,142900000.0,18000000.0,559200000.0,856900000.0,10800000.0,85700000.0,85700000.0,,1416100000.0,2893300000.0,4309400000.0,4309400000.0,85700000.0,,763600000.0,,763600000.0,,,,,,,,,,,,,,,,,,,
ELIS.PA,Elis,income_statement,2022-12-31,-18746298.264258,0.282324,1184500000.0,-7700000.0,-66400000.0,202600000.0,793600000.0,2651800000.0,1176800000.0,383200000.0,-91000000.0,100900000.0,9500000.0,308953701.735742,202600000.0,3387600000.0,,369000000.0,250766569.0,231333841.0,0.85,0.88,202600000.0,202600000.0,0.0,,202600000.0,0.0,202600000.0,0.0,202600000.0,79700000.0,282300000.0,,-64300000.0,3900000.0,-5700000.0,7400000.0,-91000000.0,-400000.0,100900000.0,9500000.0,433300000.0,735800000.0,-1700000.0,82900000.0,82900000.0,,1169100000.0,2651800000.0,3820900000.0,3820900000.0,80100000.0,,655100000.0,,655100000.0,,,,,,,,,,,,,,,,,,,
RXL.PA,Rexel,income_statement,2025-12-31,-19207200.0,0.302,1544200000.0,-36000000.0,-63600000.0,588900000.0,436800000.0,14541400000.0,1508200000.0,1071400000.0,-218900000.0,224000000.0,10400000.0,660892800.0,588900000.0,18288100000.0,151300000.0,1061600000.0,295523000.0,295118000.0,1.99,2.0,588900000.0,588900000.0,0.0,,588900000.0,-2500000.0,591400000.0,,591400000.0,256000000.0,847400000.0,,-64900000.0,-40500000.0,25900000.0,51900000.0,-218900000.0,5300000.0,224000000.0,10400000.0,1126500000.0,3746700000.0,169700000.0,434800000.0,389200000.0,151300000.0,4873200000.0,14541400000.0,19414600000.0,19414600000.0,45600000.0,,763500000.0,349800000.0,413700000.0,,,,,,,,,,,,,,,,,,,
RXL.PA,Rexel,income_statement,2024-12-31,-66750000.0,0.25,1499500000.0,-212200000.0,-267000000.0,339100000.0,433700000.0,14489300000.0,1287300000.0,853600000.0,-207400000.0,215400000.0,16000000.0,594150000.0,339100000.0,18172700000.0,153000000.0,845900000.0,295385588.0,295385588.0,1.154423,1.154423,339100000.0,339100000.0,0.0,,339100000.0,-1900000.0,341000000.0,,341000000.0,297200000.0,638200000.0,,-266300000.0,117300000.0,37000000.0,57200000.0,-207400000.0,8000000.0,215400000.0,16000000.0,1112300000.0,3683400000.0,149200000.0,412000000.0,376300000.0,153000000.0,4795700000.0,14489300000.0,19285000000.0,19285000000.0,35700000.0,,760200000.0,340600000.0,419600000.0,,,,,,,,,,,,,,,,,,,
RXL.PA,Rexel,income_statement,2023-12-31,-20801700.0,0.261,1651200000.0,-69400000.0,-79700000.0,774700000.0,371400000.0,14276900000.0,1581800000.0,1210400000.0,-168100000.0,161500000.0,21000000.0,843898300.0,774700000.0,17857500000.0,157300000.0,1216600000.0,301908000.0,300860000.0,2.57,2.57,774700000.0,774700000.0,0.0,,774700000.0,0.0,774700000.0,,774700000.0,274200000.0,1048900000.0,,-79400000.0,7600000.0,34500000.0,27000000.0,-168100000.0,27600000.0,161500000.0,21000000.0,1295900000.0,3580600000.0,800000.0,371400000.0,347100000.0,157300000.0,4876500000.0,14276900000.0,19153400000.0,19153400000.0,24300000.0,,910000000.0,327000000.0,583000000.0,,,,,,,,,,,,,,,,,,,
RXL.PA,Rexel,income_statement,2022-12-31,-10233600.0,0.246,1722800000.0,-41600000.0,-41600000.0,922300000.0,353400000.0,13833000000.0,1681200000.0,1327800000.0,-116100000.0,104300000.0,11900000.0,953666400.0,922300000.0,17318700000.0,140200000.0,1343000000.0,303671000.0,302943000.0,3.04,3.04,922300000.0,922300000.0,0.0,,922300000.0,0.0,922300000.0,,922300000.0,301200000.0,1223500000.0,100000.0,-39800000.0,-35400000.0,60400000.0,14800000.0,-116100000.0,23700000.0,104300000.0,11900000.0,1382900000.0,3485700000.0,5200000.0,349800000.0,335900000.0,140200000.0,4868600000.0,13833000000.0,18701600000.0,18701600000.0,13900000.0,,873600000.0,313700000.0,559900000.0,,,,,3400000.0,,,,,,,,,,,,,,
RXL.PA,Rexel,income_statement,2021-12-31,,,,,,,,,,,,,,,,,,,,,,,,,,,,,,,,,,300000.0,,,,,,,,,,,,,,,,,,,,,,,,,,,,7600000.0,,,,,,,,,,,,,,
SPIE.PA,SPIE,income_statement,2025-12-31,-64874740.0,0.3857,1021800000.0,-168200000.0,-168200000.0,176400000.0,459000000.0,1416000000.0,853600000.0,391500000.0,-101200000.0,100800000.0,8200000.0,279725260.0,176400000.0,9825500000.0,,599400000.0,169479369.0,168222214.0,1.04,1.05,176400000.0,176400000.0,0.0,,176400000.0,-2300000.0,178700000.0,0.0,178700000.0,111900000.0,290700000.0,,7100000.0,-7100000.0,,,-101200000.0,8600000.0,100800000.0,8200000.0,571500000.0,8409500000.0,4381500000.0,462100000.0,462100000.0,,8981000000.0,1416000000.0,10397000000.0,10397000000.0,,,,,,,,,,,,,,,,,,,,,,,,
SPIE.PA,SPIE,income_statement,2024-12-31,-7639024.390244,0.329268,899100000.0,-23200000.0,-23200000.0,273200000.0,362000000.0,1363800000.0,875900000.0,513900000.0,-94500000.0,103900000.0,12400000.0,288760975.609756,273200000.0,9390800000.0,,548900000.0,168552249.0,167378307.0,1.62,1.63,273200000.0,273200000.0,0.0,,273200000.0,-1800000.0,275000000.0,0.0,275000000.0,135000000.0,410000000.0,,1600000.0,-1600000.0,,0.0,-94500000.0,3000000.0,103900000.0,12400000.0,528900000.0,8027000000.0,4291100000.0,355500000.0,355500000.0,,8555900000.0,1363800000.0,9919700000.0,9919700000.0,,,,,,,,,,,,,,,,,,,,,,,,
SPIE.PA,SPIE,income_statement,2023-12-31,-3040956.0,0.333,754958000.0,-9132000.0,-9132000.0,238530000.0,295127000.0,1426174000.0,745826000.0,450699000.0,-78807000.0,92367000.0,18976000.0,244621044.0,238514000.0,8277349000.0,,460558000.0,165745168.0,164582789.0,1.44,1.45,238514000.0,238514000.0,0.0,,238514000.0,-820000.0,239334000.0,-16000.0,239350000.0,118982000.0,358332000.0,,-9035000.0,-3809000.0,,12844000.0,-78807000.0,5416000.0,92367000.0,18976000.0,448021000.0,6851175000.0,3647900000.0,283891000.0,283891000.0,,7299196000.0,1426174000.0,8725370000.0,8725370000.0,,,,,,,,,,,,,,,,,,,,,,,,
SPIE.PA,SPIE,income_statement,2022-12-31,-39631746.0,0.3597,691869000.0,-110180000.0,-110180000.0,151632000.0,261566000.0,1101222000.0,581689000.0,308957000.0,-72857000.0,68740000.0,763000.0,222180254.0,151539000.0,7704538000.0,,306973000.0,164081752.0,162920868.0,0.92,0.93,151539000.0,151539000.0,0.0,,151539000.0,-2347000.0,153886000.0,-93000.0,153979000.0,86238000.0,240217000.0,,-110354000.0,104189000.0,,6165000.0,-72857000.0,4880000.0,68740000.0,763000.0,409237000.0,6603316000.0,3591046000.0,272732000.0,272732000.0,,7012553000.0,1101222000.0,8113775000.0,8113775000.0,,,,,,,,,,,,,,,,,,,,,,,,
SPIE.PA,SPIE,income_statement,2021-12-31,,,,,,,,,,,,,,,,,,,,,,,,,,,,,,,,,,,,,,4651000.0,,,,,,,,,,,,,,,,,,,,,,,,,,,,,,,,,,,,,,
IPN.PA,Ipsen,income_statement,2025-12-31,-75929700.0,0.231,1576800000.0,-328700000.0,-328700000.0,443500000.0,625200000.0,,1248100000.0,622900000.0,-75800000.0,44300000.0,,696270300.0,443500000.0,2984100000.0,,625900000.0,83376305.0,82653668.0,5.32,5.37,443500000.0,443500000.0,0.0,,443500000.0,-1000000.0,444500000.0,0.0,444500000.0,133600000.0,578600000.0,,-352300000.0,,,4900000.0,-75800000.0,31500000.0,44300000.0,,945100000.0,2233200000.0,68200000.0,264500000.0,0.0,,3178300000.0,750900000.0,3929200000.0,3929200000.0,264500000.0,754000000.0,1163400000.0,944400000.0,219000000.0,,,,,347400000.0,,,,,,,,,,,,,,
IPN.PA,Ipsen,income_statement,2024-12-31,-34417200.0,0.174,1377100000.0,-197800000.0,-197800000.0,355900000.0,705900000.0,704400000.0,1179300000.0,473400000.0,-63600000.0,41800000.0,,519282800.0,345900000.0,2886400000.0,,496700000.0,83349398.0,82751196.0,4.15,4.18,345900000.0,345900000.0,0.0,,345900000.0,-1400000.0,347300000.0,-10000000.0,357300000.0,74900000.0,431600000.0,,-205100000.0,-82000000.0,,6200000.0,-63600000.0,21800000.0,41800000.0,,688100000.0,2182000000.0,151300000.0,273400000.0,0.0,,2870100000.0,704400000.0,3574500000.0,3574500000.0,273400000.0,686600000.0,1087800000.0,871500000.0,216300000.0,,,,,280900000.0,,,,,,,,,,,,,,
IPN.PA,Ipsen,income_statement,2023-12-31,35209300.0,0.179,810000000.0,196700000.0,196700000.0,617100000.0,87900000.0,,1006700000.0,799200000.0,-48500000.0,37700000.0,,455609300.0,644400000.0,2695100000.0,,816000000.0,83375212.0,82722765.0,7.73,7.79,644400000.0,644400000.0,0.0,,644400000.0,-2800000.0,647200000.0,27300000.0,619900000.0,136200000.0,761500000.0,,184800000.0,,-253400000.0,68600000.0,-48500000.0,10800000.0,37700000.0,,611300000.0,2123900000.0,204900000.0,207500000.0,0.0,,2735200000.0,571200000.0,3306400000.0,3306400000.0,207500000.0,619300000.0,1134900000.0,917100000.0,217800000.0,,,,,-253400000.0,,,,,,,,,,,,,,
IPN.PA,Ipsen,income_statement,2022-12-31,-22037400.0,0.159,1211700000.0,-138600000.0,-138600000.0,593200000.0,336500000.0,,1073100000.0,736600000.0,-41100000.0,30500000.0,500000.0,709762600.0,648600000.0,2285200000.0,,729900000.0,83097845.0,82413804.0,7.81,7.87,648600000.0,648600000.0,0.0,,648600000.0,1100000.0,647500000.0,55400000.0,592100000.0,112300000.0,706100000.0,,-141200000.0,,114300000.0,26900000.0,-41100000.0,11100000.0,30500000.0,500000.0,871300000.0,1757500000.0,305100000.0,,,,2628800000.0,527700000.0,3156500000.0,3156500000.0,,445300000.0,1039200000.0,833400000.0,205800000.0,,,,,,,,,,,,,,,,,,,
IPN.PA,Ipsen,income_statement,2021-12-31,,,,,,,,438600000.0,,,,,100000.0,,,,,,,,,,,,,,,,,,,,,,,,9100000.0,,,,,100000.0,,,,,,,,,,,,,,,,,,,,,,,,,,,,,,,,,,
